{"attackers":[{"alliance_id":99001317,"character_id":96053841,"corporation_id":604035876,"damage_done":590,"final_blow":true,"security_status":5,"ship_type_id":11178,"weapon_type_id":10680}],"killmail_id":71244674,"killmail_time":"2018-07-14T11:06:05-07:00","solar_system_id":30002005,"victim":{"alliance_id":1496500070,"character_id":95755268,"corporation_id":384667640,"damage_taken":590,"items":[{"flag":27,"item_type_id":21096,"quantity_destroyed":1},{"flag":5,"item_type_id":34,"quantity_dropped":1},{"flag":5,"item_type_id":16273,"quantity_dropped":37}],"position":{"x":1.441963807081808e+11,"y":1.2782347857649117e+10,"z":-1.100333026838796e+12},"ship_type_id":606}}