{"attackers":[{"alliance_id":99005382,"character_id":194129215,"corporation_id":98057065,"damage_done":418,"final_blow":true,"security_status":4.3,"ship_type_id":4310,"weapon_type_id":2961}],"killmail_id":71245479,"killmail_time":"2018-07-14T11:46:01-07:00","solar_system_id":30000142,"victim":{"alliance_id":99003006,"character_id":2113301471,"corporation_id":98274555,"damage_taken":418,"position":{"x":-1.073033984479433e+11,"y":-1.874498138463665e+10,"z":4.3648901263301697e+11},"ship_type_id":670},"war_id":596509}