{"attackers":[{"alliance_id":99003006,"character_id":977694039,"corporation_id":635210548,"damage_done":278,"security_status":4.8,"ship_type_id":11993,"weapon_type_id":2456},{"alliance_id":99003006,"character_id":910949089,"corporation_id":635210548,"damage_done":186,"final_blow":true,"security_status":5,"ship_type_id":11993,"weapon_type_id":207}],"killmail_id":71244623,"killmail_time":"2018-07-14T11:01:51-07:00","solar_system_id":30001106,"victim":{"alliance_id":99008343,"character_id":998189026,"corporation_id":1441288013,"damage_taken":464,"position":{"x":-6.859538714409442e+11,"y":-1.0990669904974892e+11,"z":-1.7410042666786506e+12},"ship_type_id":670}}