{"attackers":[{"alliance_id":99007539,"character_id":301592770,"corporation_id":98519717,"damage_done":282,"faction_id":500003,"final_blow":true,"security_status":-2.4,"ship_type_id":29990,"weapon_type_id":2969},{"alliance_id":99007539,"character_id":1051998985,"corporation_id":98519717,"damage_done":157,"faction_id":500003,"security_status":-9.7,"ship_type_id":17928,"weapon_type_id":17928}],"killmail_id":71242631,"killmail_time":"2018-07-14T09:12:20-07:00","solar_system_id":30002960,"victim":{"character_id":96737136,"corporation_id":98522365,"damage_taken":439,"faction_id":500002,"items":[{"flag":89,"item_type_id":3265,"quantity_destroyed":1}],"position":{"x":-2.3517129596880645e+12,"y":2.214168634703223e+11,"z":3.0962637500044346e+12},"ship_type_id":670}}