{"attackers":[{"alliance_id":99008244,"character_id":2003715500,"corporation_id":98556933,"damage_done":12677,"final_blow":true,"security_status":-1.6,"ship_type_id":12003,"weapon_type_id":2205}],"killmail_id":71242646,"killmail_time":"2018-07-14T09:13:05-07:00","solar_system_id":30001985,"victim":{"alliance_id":99007636,"character_id":1514246473,"corporation_id":98108721,"damage_taken":12677,"position":{"x":-1.791897866020686e+10,"y":-2.2937992636551805e+09,"z":4.312280937758747e+12},"ship_type_id":12198}}