{"attackers":[{"alliance_id":99004127,"character_id":96259200,"corporation_id":98248053,"damage_done":930,"faction_id":500001,"final_blow":true,"security_status":-9.9,"ship_type_id":34828,"weapon_type_id":27371}],"killmail_id":71245231,"killmail_time":"2018-07-14T11:34:53-07:00","solar_system_id":30045309,"victim":{"alliance_id":498125261,"character_id":941293114,"corporation_id":98457673,"damage_taken":930,"items":[{"flag":27,"item_type_id":21096,"quantity_destroyed":1},{"flag":5,"item_type_id":16273,"quantity_dropped":500}],"position":{"x":-4.135852629602646e+12,"y":-5.2065107373471016e+10,"z":2.225597522177667e+12},"ship_type_id":605}}