{"attackers":[{"alliance_id":99001742,"character_id":1710501247,"corporation_id":98107258,"damage_done":412,"faction_id":500001,"final_blow":true,"security_status":-0.3,"ship_type_id":582,"weapon_type_id":3074}],"killmail_id":71243076,"killmail_time":"2018-07-14T09:38:33-07:00","solar_system_id":30002759,"victim":{"character_id":97157462,"corporation_id":1000181,"damage_taken":412,"faction_id":500004,"position":{"x":-2.443798141992987e+11,"y":1.0785521912928453e+11,"z":-3.0195410529705317e+12},"ship_type_id":670}}