{"attackers":[{"character_id":95089982,"corporation_id":98551342,"damage_done":453,"faction_id":500004,"final_blow":true,"security_status":-0.3,"ship_type_id":12021,"weapon_type_id":3082}],"killmail_id":71245769,"killmail_time":"2018-07-14T12:00:17-07:00","solar_system_id":30001400,"victim":{"alliance_id":99008358,"character_id":1273819705,"corporation_id":98518906,"damage_taken":453,"position":{"x":2.0656827298601335e+12,"y":-2.8342533847346465e+12,"z":-2.1079458146862551e+12},"ship_type_id":670},"war_id":605322}