{"attackers":[{"alliance_id":99004364,"character_id":96238818,"corporation_id":98380820,"damage_done":803,"final_blow":true,"security_status":1.8,"ship_type_id":33470,"weapon_type_id":2456}],"killmail_id":71242645,"killmail_time":"2018-07-14T09:13:03-07:00","solar_system_id":31000790,"victim":{"character_id":96382408,"corporation_id":1000009,"damage_taken":803,"position":{"x":5.024346414531859e+12,"y":3.2848407558636063e+08,"z":3.283264437840839e+12},"ship_type_id":605}}