{"attackers":[{"alliance_id":99007160,"character_id":91172071,"corporation_id":98468321,"damage_done":432,"final_blow":true,"security_status":-0.7,"ship_type_id":3756,"weapon_type_id":3146},{"alliance_id":99007160,"character_id":2003068966,"corporation_id":98514793,"security_status":5,"ship_type_id":17720,"weapon_type_id":15887}],"killmail_id":71243963,"killmail_time":"2018-07-14T10:23:55-07:00","solar_system_id":30002768,"victim":{"character_id":2112383268,"corporation_id":98526685,"damage_taken":432,"position":{"x":-1.7973734870064739e+12,"y":-2.134683265972861e+12,"z":-1.607813905647941e+12},"ship_type_id":670},"war_id":607415}