{"attackers":[{"character_id":96887095,"corporation_id":98353083,"damage_done":418,"final_blow":true,"security_status":-0.8,"ship_type_id":35683,"weapon_type_id":3178}],"killmail_id":71245768,"killmail_time":"2018-07-14T12:00:16-07:00","solar_system_id":31001140,"victim":{"character_id":2114291698,"corporation_id":1000166,"damage_taken":418,"items":[{"flag":89,"item_type_id":13283,"quantity_destroyed":1}],"position":{"x":-1.867185482236465e+10,"y":-6.062150158462344e+08,"z":-1.931051961297101e+11},"ship_type_id":670}}