{"attackers":[{"alliance_id":99006750,"character_id":94601211,"corporation_id":98088416,"damage_done":461,"final_blow":true,"security_status":4.9,"ship_type_id":17722,"weapon_type_id":12346},{"alliance_id":99005242,"character_id":90028230,"corporation_id":1856883060,"security_status":5,"ship_type_id":12005,"weapon_type_id":3178},{"character_id":2113400195,"corporation_id":98524493,"security_status":2.3,"ship_type_id":17922,"weapon_type_id":3244}],"killmail_id":71245021,"killmail_time":"2018-07-14T11:27:20-07:00","solar_system_id":31000525,"victim":{"alliance_id":99007663,"character_id":94592301,"corporation_id":98497219,"damage_taken":461,"position":{"x":-1.0613790512661371e+11,"y":-3.1574564972254485e+08,"z":5.42694032025418e+10},"ship_type_id":670}}