{"attackers":[{"alliance_id":99007451,"character_id":96849176,"corporation_id":98382088,"damage_done":432,"final_blow":true,"security_status":4.7,"ship_type_id":33153,"weapon_type_id":24507},{"alliance_id":99004357,"character_id":96133268,"corporation_id":306830202,"security_status":-1.5,"weapon_type_id":47918}],"killmail_id":71244239,"killmail_time":"2018-07-14T10:39:46-07:00","solar_system_id":30000579,"victim":{"alliance_id":99003581,"character_id":2114098918,"corporation_id":98535868,"damage_taken":432,"position":{"x":-3.073803535653279e+10,"y":-1.079497523869623e+09,"z":-2.843453333687747e+10},"ship_type_id":670}}