{"attackers":[{"alliance_id":99007985,"character_id":96708891,"corporation_id":98303612,"damage_done":687,"final_blow":true,"security_status":5,"ship_type_id":35683,"weapon_type_id":3178}],"killmail_id":71245589,"killmail_time":"2018-07-14T11:50:53-07:00","solar_system_id":30003372,"victim":{"alliance_id":99007472,"character_id":91815772,"corporation_id":98379927,"damage_taken":687,"items":[{"flag":27,"item_type_id":21096,"quantity_dropped":1},{"flag":19,"item_type_id":21857,"quantity_dropped":1}],"position":{"x":8.603677661756683e+10,"y":1.0472697630015146e+10,"z":-3.2748514782856165e+11},"ship_type_id":606}}