{"attackers":[{"alliance_id":99007568,"character_id":95952973,"corporation_id":98360481,"damage_done":418,"final_blow":true,"security_status":0.5,"ship_type_id":11971,"weapon_type_id":12346}],"killmail_id":71242444,"killmail_time":"2018-07-14T09:04:51-07:00","solar_system_id":31001152,"victim":{"character_id":2114274026,"corporation_id":1000181,"damage_taken":418,"faction_id":500004,"items":[{"flag":89,"item_type_id":13286,"quantity_destroyed":1},{"flag":89,"item_type_id":13283,"quantity_destroyed":1}],"position":{"x":4.696965934233443e+10,"y":9.708109616088052e+10,"z":2.3999938509375995e+11},"ship_type_id":670}}