{"attackers":[{"alliance_id":386292982,"character_id":94469536,"corporation_id":116777001,"damage_done":461,"final_blow":true,"security_status":2.8,"ship_type_id":22456,"weapon_type_id":2873}],"killmail_id":71246277,"killmail_time":"2018-07-14T12:16:05-07:00","solar_system_id":30004420,"victim":{"alliance_id":99005443,"character_id":92385205,"corporation_id":98309697,"damage_taken":461,"position":{"x":-3.8761764244130986e+12,"y":-3.509763765089888e+11,"z":-1.1353538882460833e+12},"ship_type_id":670}}