{"attackers":[{"character_id":2113314652,"corporation_id":98493825,"damage_done":712,"faction_id":500004,"final_blow":true,"security_status":-8,"ship_type_id":17812,"weapon_type_id":2977},{"corporation_id":1000127,"ship_type_id":10266},{"character_id":2112181421,"corporation_id":98493825,"faction_id":500004,"security_status":2.7,"ship_type_id":597,"weapon_type_id":13003}],"killmail_id":71243902,"killmail_time":"2018-07-14T10:20:16-07:00","solar_system_id":30045346,"victim":{"character_id":2113162925,"corporation_id":1000167,"damage_taken":712,"items":[{"flag":28,"item_type_id":482,"quantity_destroyed":1},{"flag":27,"item_type_id":482,"quantity_dropped":1}],"position":{"x":6.257964081202043e+11,"y":7.173363232683795e+09,"z":-1.0106960007683335e+12},"ship_type_id":32880}}