{"attackers":[{"alliance_id":99005381,"character_id":2113261064,"corporation_id":98452319,"damage_done":536,"final_blow":true,"security_status":-9.8,"ship_type_id":17922,"weapon_type_id":3520}],"killmail_id":71242804,"killmail_time":"2018-07-14T09:20:18-07:00","solar_system_id":30001398,"victim":{"character_id":96107902,"corporation_id":98224234,"damage_taken":536,"items":[{"flag":27,"item_type_id":21096,"quantity_destroyed":1},{"flag":19,"item_type_id":21857,"quantity_dropped":1},{"flag":28,"item_type_id":3651,"quantity_dropped":1}],"position":{"x":1.7220694464393557e+12,"y":-6.124793962195009e+10,"z":6.987756943669048e+11},"ship_type_id":588}}