{"attackers":[{"alliance_id":99004364,"character_id":96238818,"corporation_id":98380820,"damage_done":803,"final_blow":true,"security_status":1.8,"ship_type_id":33470,"weapon_type_id":2456}],"killmail_id":71242641,"killmail_time":"2018-07-14T09:12:47-07:00","solar_system_id":31000790,"victim":{"character_id":96382408,"corporation_id":1000009,"damage_taken":803,"position":{"x":5.024346412388902e+12,"y":3.2848368000895715e+08,"z":3.283264437209008e+12},"ship_type_id":605}}