{"attackers":[{"character_id":96737136,"corporation_id":98522365,"damage_done":461,"faction_id":500002,"final_blow":true,"security_status":0.2,"ship_type_id":16240,"weapon_type_id":3170},{"alliance_id":99002584,"character_id":93084944,"corporation_id":98232099,"faction_id":500002,"security_status":-2.9,"ship_type_id":11198,"weapon_type_id":3244}],"killmail_id":71243488,"killmail_time":"2018-07-14T09:57:33-07:00","solar_system_id":30003088,"victim":{"character_id":96488388,"corporation_id":1211725488,"damage_taken":461,"faction_id":500003,"position":{"x":-4.999726545548634e+10,"y":-4.999739975750666e+10,"z":-4.9997283088640144e+10},"ship_type_id":670}}