{"attackers":[{"alliance_id":1900696668,"character_id":927846418,"corporation_id":773499566,"damage_done":458,"final_blow":true,"security_status":3.9,"ship_type_id":17703,"weapon_type_id":3041}],"killmail_id":71245611,"killmail_time":"2018-07-14T11:52:17-07:00","solar_system_id":30003694,"victim":{"alliance_id":99007916,"character_id":2113386913,"corporation_id":98556313,"damage_taken":458,"items":[{"flag":89,"item_type_id":27127,"quantity_destroyed":1}],"position":{"x":-3.019332674022693e+08,"y":6.139809986864771e+07,"z":5.614791492181569e+07},"ship_type_id":670}}