{"attackers":[{"alliance_id":99005242,"character_id":2113207769,"corporation_id":1856883060,"damage_done":225,"final_blow":true,"security_status":5,"ship_type_id":29986,"weapon_type_id":27419},{"alliance_id":99006750,"character_id":434436519,"corporation_id":98088416,"damage_done":209,"security_status":5,"ship_type_id":12017,"weapon_type_id":12017}],"killmail_id":71244850,"killmail_time":"2018-07-14T11:16:20-07:00","solar_system_id":31000525,"victim":{"character_id":2113822116,"corporation_id":98566530,"damage_taken":434,"position":{"x":-2.093610076678322e+11,"y":3.157484938466595e+11,"z":-6.3233158682531204e+10},"ship_type_id":670}}