{"attackers":[{"corporation_id":1000127,"damage_done":651,"final_blow":true,"ship_type_id":11930}],"killmail_id":71244421,"killmail_time":"2018-07-14T10:49:08-07:00","solar_system_id":30002493,"victim":{"alliance_id":99005338,"character_id":2113983423,"corporation_id":98388312,"damage_taken":651,"items":[{"flag":5,"item_type_id":34,"quantity_dropped":1},{"flag":27,"item_type_id":3638,"quantity_destroyed":1},{"flag":19,"item_type_id":21857,"quantity_dropped":1},{"flag":28,"item_type_id":3651,"quantity_destroyed":1}],"position":{"x":1.4312572154009502e+12,"y":-5.974478073329385e+12,"z":-4.945707405766562e+11},"ship_type_id":606}}