{"attackers":[{"alliance_id":99006117,"character_id":97231878,"corporation_id":98293472,"damage_done":9246,"final_blow":true,"security_status":-1.8,"ship_type_id":11393,"weapon_type_id":3033}],"killmail_id":71244875,"killmail_time":"2018-07-14T11:18:00-07:00","solar_system_id":30000274,"victim":{"alliance_id":99005338,"character_id":1308628303,"corporation_id":98502864,"damage_taken":9246,"position":{"x":-1.3709068583390837e+12,"y":-5.79538117270096e+12,"z":4.53725068837461e+12},"ship_type_id":12198}}