{"attackers":[{"alliance_id":99000814,"character_id":90223647,"corporation_id":98452018,"damage_done":424,"final_blow":true,"security_status":-10,"ship_type_id":24688,"weapon_type_id":3989}],"killmail_id":71243980,"killmail_time":"2018-07-14T10:24:36-07:00","solar_system_id":30002393,"victim":{"character_id":2114056110,"corporation_id":1000172,"damage_taken":424,"items":[{"flag":89,"item_type_id":13225,"quantity_destroyed":1},{"flag":89,"item_type_id":13283,"quantity_destroyed":1}],"position":{"x":1.9095834865034097e+11,"y":-2.6953114952997746e+10,"z":4.017442031543155e+12},"ship_type_id":670}}