{"attackers":[{"alliance_id":386292982,"character_id":1197267553,"corporation_id":1698858600,"damage_done":461,"final_blow":true,"security_status":-1.5,"ship_type_id":17715,"weapon_type_id":27361}],"killmail_id":71245307,"killmail_time":"2018-07-14T11:38:01-07:00","solar_system_id":30002122,"victim":{"alliance_id":498125261,"character_id":346853189,"corporation_id":98480565,"damage_taken":461,"position":{"x":-1.946852906140969e+11,"y":7.188763779593103e+11,"z":-2.6464506605300664e+12},"ship_type_id":670}}