{"attackers":[{"character_id":93457899,"corporation_id":1000168,"damage_done":418,"final_blow":true,"security_status":-7.7,"ship_type_id":16236,"weapon_type_id":3041}],"killmail_id":71244587,"killmail_time":"2018-07-14T10:59:36-07:00","solar_system_id":30045342,"victim":{"character_id":2114304009,"corporation_id":1000181,"damage_taken":418,"faction_id":500004,"items":[{"flag":89,"item_type_id":13283,"quantity_destroyed":1}],"position":{"x":1.4305591436890558e+11,"y":-3.7005951086827954e+11,"z":-4.59641976745452e+11},"ship_type_id":670}}