{"attackers":[{"alliance_id":99002003,"character_id":92312328,"corporation_id":1719660426,"damage_done":270,"final_blow":true,"security_status":5,"ship_type_id":22456,"weapon_type_id":2873}],"killmail_id":71245255,"killmail_time":"2018-07-14T11:36:08-07:00","solar_system_id":30001076,"victim":{"alliance_id":1411711376,"character_id":966113290,"corporation_id":928827408,"damage_taken":270,"position":{"x":-5.287302878262573e+12,"y":-3.793370719888201e+11,"z":3.214348981183399e+12},"ship_type_id":670}}