{"attackers":[{"alliance_id":1727758877,"character_id":906022461,"corporation_id":1070320653,"damage_done":187,"security_status":-1.6,"ship_type_id":22428,"weapon_type_id":22428},{"alliance_id":1727758877,"character_id":181181255,"corporation_id":1070320653,"damage_done":181,"final_blow":true,"security_status":-1.5,"ship_type_id":22428,"weapon_type_id":15963}],"killmail_id":71243367,"killmail_time":"2018-07-14T09:53:56-07:00","solar_system_id":30004042,"victim":{"alliance_id":1354830081,"character_id":2113823303,"corporation_id":98190062,"damage_taken":368,"position":{"x":2.3766546587327446e+12,"y":2.2257742252914297e+12,"z":8.814142974131436e+12},"ship_type_id":670}}