{"attackers":[{"corporation_id":1000043,"damage_done":600,"final_blow":true,"ship_type_id":9965}],"killmail_id":71242808,"killmail_time":"2018-07-14T09:20:32-07:00","solar_system_id":30000143,"victim":{"alliance_id":99008136,"character_id":2114101266,"corporation_id":98555556,"damage_taken":600,"items":[{"flag":5,"item_type_id":34,"quantity_dropped":1},{"flag":27,"item_type_id":3638,"quantity_destroyed":1},{"flag":19,"item_type_id":21857,"quantity_destroyed":1},{"flag":28,"item_type_id":3651,"quantity_dropped":1}],"position":{"x":1.2641726057836055e+12,"y":-4.238560232800035e+10,"z":1.4967289026580237e+12},"ship_type_id":601}}