{"attackers":[{"alliance_id":933731581,"character_id":90146672,"corporation_id":98521924,"damage_done":458,"final_blow":true,"security_status":5,"ship_type_id":3756,"weapon_type_id":2937}],"killmail_id":71243627,"killmail_time":"2018-07-14T10:05:06-07:00","solar_system_id":30001202,"victim":{"alliance_id":99003214,"character_id":2112877344,"corporation_id":98169165,"damage_taken":458,"position":{"x":-2.8221457610448203e+12,"y":6.931273659822168e+11,"z":3.2468261571450786e+12},"ship_type_id":670}}