{"attackers":[{"alliance_id":99005382,"character_id":161684017,"corporation_id":98057065,"damage_done":842,"final_blow":true,"security_status":-1.7,"ship_type_id":29990,"weapon_type_id":2969}],"killmail_id":71243123,"killmail_time":"2018-07-14T09:42:21-07:00","solar_system_id":30000142,"victim":{"alliance_id":99005338,"character_id":95797840,"corporation_id":98388312,"damage_taken":842,"position":{"x":-1.0730336084528575e+11,"y":-1.874497486064323e+10,"z":4.3648908523569305e+11},"ship_type_id":34496},"war_id":596507}