{"attackers":[{"character_id":2112320814,"corporation_id":98467417,"damage_done":418,"faction_id":500002,"final_blow":true,"ship_type_id":3756,"weapon_type_id":3025}],"killmail_id":71245809,"killmail_time":"2018-07-14T12:02:00-07:00","solar_system_id":30002187,"victim":{"character_id":2113657018,"corporation_id":1000180,"damage_taken":418,"faction_id":500001,"position":{"x":-5.1858395394293445e+11,"y":3.0256602773115265e+10,"z":1.0428957080895011e+12},"ship_type_id":670}}