{"attackers":[{"alliance_id":99003214,"character_id":94795716,"corporation_id":98522659,"damage_done":32444,"security_status":5,"ship_type_id":17922,"weapon_type_id":17922},{"alliance_id":99003214,"character_id":2113485817,"corporation_id":98276273,"damage_done":8583,"security_status":5,"ship_type_id":22456,"weapon_type_id":22456},{"alliance_id":99003214,"character_id":96362754,"corporation_id":98522659,"damage_done":7371,"final_blow":true,"security_status":5,"ship_type_id":17720,"weapon_type_id":2913}],"killmail_id":71244205,"killmail_time":"2018-07-14T10:37:54-07:00","solar_system_id":30001198,"victim":{"alliance_id":99004357,"character_id":95130913,"corporation_id":306830202,"damage_taken":48398,"position":{"x":-6.853810137593447e+11,"y":-3.4204656488380766e+09,"z":-1.5860162474561162e+12},"ship_type_id":33475}}