{"attackers":[{"alliance_id":1838908040,"character_id":148704839,"corporation_id":98099518,"damage_done":461,"final_blow":true,"security_status":3.1,"ship_type_id":4310,"weapon_type_id":9491}],"killmail_id":71244433,"killmail_time":"2018-07-14T10:49:43-07:00","solar_system_id":30001990,"victim":{"alliance_id":99006495,"character_id":135365087,"corporation_id":804504419,"damage_taken":461,"position":{"x":2.9158747176990435e+12,"y":-5.513451495577081e+12,"z":1.3242565274641783e+11},"ship_type_id":670}}