{"attackers":[{"alliance_id":99007552,"character_id":94460974,"corporation_id":98489268,"damage_done":471,"final_blow":true,"security_status":-10,"ship_type_id":29988,"weapon_type_id":14194}],"killmail_id":71244550,"killmail_time":"2018-07-14T10:57:01-07:00","solar_system_id":30002813,"victim":{"alliance_id":99005369,"character_id":90770054,"corporation_id":98147798,"damage_taken":471,"items":[{"flag":89,"item_type_id":10216,"quantity_destroyed":1},{"flag":89,"item_type_id":10212,"quantity_destroyed":1},{"flag":89,"item_type_id":27127,"quantity_destroyed":1}],"position":{"x":1.4018851693287046e+12,"y":-2.6920181801210556e+10,"z":-1.97613275482928e+11},"ship_type_id":670}}