{"attackers":[{"alliance_id":1530983307,"character_id":972771270,"corporation_id":2082062386,"damage_done":1215,"final_blow":true,"security_status":5,"ship_type_id":29990,"weapon_type_id":2969}],"killmail_id":71244930,"killmail_time":"2018-07-14T11:21:24-07:00","solar_system_id":30003098,"victim":{"alliance_id":99005100,"character_id":95913752,"corporation_id":98503054,"damage_taken":1215,"items":[{"flag":27,"item_type_id":21096,"quantity_destroyed":1},{"flag":5,"item_type_id":16273,"quantity_dropped":62}],"position":{"x":-1.2887892972722234e+12,"y":-9.10180716372695e+10,"z":2.9381135364127716e+11},"ship_type_id":608}}