{"attackers":[{"alliance_id":99005955,"character_id":1082190020,"corporation_id":98339012,"damage_done":1364,"final_blow":true,"security_status":5,"ship_type_id":16238,"weapon_type_id":3074}],"killmail_id":71241761,"killmail_time":"2018-07-14T08:32:07-07:00","solar_system_id":30003681,"victim":{"character_id":2113356731,"corporation_id":98402277,"damage_taken":1364,"items":[{"flag":27,"item_type_id":21096,"quantity_destroyed":1},{"flag":11,"item_type_id":2603,"quantity_destroyed":1}],"position":{"x":2.072525762713499e+12,"y":-1.4057854880113132e+12,"z":3.361880824978323e+12},"ship_type_id":591}}