{"attackers":[{"character_id":365388446,"corporation_id":98549274,"damage_done":454,"final_blow":true,"security_status":-10,"ship_type_id":16236,"weapon_type_id":3033}],"killmail_id":71242815,"killmail_time":"2018-07-14T09:20:50-07:00","solar_system_id":30045353,"victim":{"alliance_id":131511956,"character_id":2113695204,"corporation_id":98556640,"damage_taken":454,"position":{"x":-4.250660915447845e+09,"y":1.9316735600394794e+11,"z":6.734964319267051e+11},"ship_type_id":670}}