{"attackers":[{"alliance_id":99006625,"character_id":96582714,"corporation_id":98401847,"damage_done":405,"faction_id":500004,"final_blow":true,"security_status":-9.8,"ship_type_id":644,"weapon_type_id":3995}],"killmail_id":71243224,"killmail_time":"2018-07-14T09:48:12-07:00","solar_system_id":30002813,"victim":{"character_id":2114299929,"corporation_id":1000044,"damage_taken":405,"position":{"x":4.386820539264056e+12,"y":1.0995748350882427e+12,"z":4.2625437828256537e+11},"ship_type_id":670}}