{"attackers":[{"alliance_id":99005382,"character_id":161684017,"corporation_id":98057065,"damage_done":439,"final_blow":true,"security_status":-1.7,"ship_type_id":29990,"weapon_type_id":2969}],"killmail_id":71242668,"killmail_time":"2018-07-14T09:13:59-07:00","solar_system_id":30000142,"victim":{"alliance_id":99008228,"character_id":2113753051,"corporation_id":98477007,"damage_taken":439,"position":{"x":-1.0730339623804344e+11,"y":-1.874498033070978e+10,"z":4.364890927938398e+11},"ship_type_id":670},"war_id":606353}