{"attackers":[{"character_id":2112320814,"corporation_id":98467417,"damage_done":461,"faction_id":500002,"final_blow":true,"ship_type_id":3756,"weapon_type_id":3025}],"killmail_id":71243899,"killmail_time":"2018-07-14T10:19:58-07:00","solar_system_id":30002187,"victim":{"character_id":96488388,"corporation_id":1211725488,"damage_taken":461,"faction_id":500003,"position":{"x":-5.1858395303085284e+11,"y":3.0256601379545868e+10,"z":1.0428957087336462e+12},"ship_type_id":670}}