{"attackers":[{"alliance_id":99002938,"character_id":431318595,"corporation_id":98215760,"damage_done":406,"final_blow":true,"security_status":5,"ship_type_id":11176,"weapon_type_id":27387}],"killmail_id":71246298,"killmail_time":"2018-07-14T12:17:05-07:00","solar_system_id":30003682,"victim":{"character_id":2114042201,"corporation_id":1000044,"damage_taken":406,"position":{"x":1.47710252164453e+12,"y":-2.6138800260096927e+11,"z":-1.2962622253799956e+12},"ship_type_id":670}}