{"attackers":[{"alliance_id":99005034,"character_id":96163990,"corporation_id":98381022,"damage_done":445,"final_blow":true,"security_status":-8.5,"ship_type_id":22430,"weapon_type_id":15152}],"killmail_id":71244236,"killmail_time":"2018-07-14T10:39:42-07:00","solar_system_id":30005083,"victim":{"character_id":2113249483,"corporation_id":98548571,"damage_taken":445,"position":{"x":-1.440310935378544e+11,"y":-1.3427146636276207e+11,"z":-1.001796414424919e+11},"ship_type_id":670}}