{"attackers":[{"alliance_id":386292982,"character_id":1238136694,"corporation_id":828800677,"damage_done":433,"final_blow":true,"security_status":-1.5,"ship_type_id":34828,"weapon_type_id":27387},{"alliance_id":99006805,"character_id":759439059,"corporation_id":110427029,"security_status":5,"ship_type_id":11174,"weapon_type_id":47732},{"alliance_id":386292982,"character_id":1865784395,"corporation_id":98043801,"security_status":5,"ship_type_id":29340,"weapon_type_id":3244},{"alliance_id":99006805,"character_id":1847135743,"corporation_id":110427029,"security_status":4.5,"ship_type_id":626,"weapon_type_id":527}],"killmail_id":71243778,"killmail_time":"2018-07-14T10:13:18-07:00","solar_system_id":30004806,"victim":{"alliance_id":498125261,"character_id":2113085821,"corporation_id":561395926,"damage_taken":433,"position":{"x":1.8576505753399492e+12,"y":-3.775082097092381e+10,"z":-1.6550364461308044e+12},"ship_type_id":670}}