{"attackers":[{"alliance_id":99001134,"character_id":1077050399,"corporation_id":98460931,"damage_done":458,"final_blow":true,"security_status":1.9,"ship_type_id":29988,"weapon_type_id":3146}],"killmail_id":71243445,"killmail_time":"2018-07-14T09:55:55-07:00","solar_system_id":30003503,"victim":{"alliance_id":99006861,"character_id":2113943458,"corporation_id":98554535,"damage_taken":458,"position":{"x":1.0861907596975483e+12,"y":1.0858051800807646e+10,"z":3.8569585329098228e+12},"ship_type_id":670},"war_id":607513}