{"attackers":[{"character_id":96424385,"corporation_id":1000006,"damage_done":439,"final_blow":true,"security_status":5,"ship_type_id":24702,"weapon_type_id":2897}],"killmail_id":71244454,"killmail_time":"2018-07-14T10:50:37-07:00","solar_system_id":30000848,"victim":{"character_id":96458451,"corporation_id":98460210,"damage_taken":439,"position":{"x":5.510851039697522e+12,"y":6.692097837256431e+11,"z":-3.622456350088202e+12},"ship_type_id":670}}