{"attackers":[{"alliance_id":1354830081,"character_id":94213320,"corporation_id":98409330,"damage_done":50968,"final_blow":true,"security_status":-7.1,"ship_type_id":17918,"weapon_type_id":2629}],"killmail_id":71242856,"killmail_time":"2018-07-14T09:23:01-07:00","solar_system_id":30004065,"victim":{"alliance_id":99002938,"corporation_id":98460098,"damage_taken":50968,"position":{"x":-2.425321368066022e+12,"y":-9.173548920944296e+11,"z":2.213024240261797e+12},"ship_type_id":12199}}