{"attackers":[{"alliance_id":1354830081,"character_id":2112620559,"corporation_id":1576307093,"damage_done":458,"final_blow":true,"security_status":3.4,"ship_type_id":29990,"weapon_type_id":2969},{"alliance_id":1354830081,"character_id":94268301,"corporation_id":1184675423,"security_status":-0.2,"ship_type_id":12038,"weapon_type_id":19814},{"alliance_id":1354830081,"character_id":1683357828,"corporation_id":98500968,"security_status":4.8,"ship_type_id":22456,"weapon_type_id":22778}],"killmail_id":71242425,"killmail_time":"2018-07-14T09:03:52-07:00","solar_system_id":30003680,"victim":{"alliance_id":1695357456,"character_id":854612410,"corporation_id":98126566,"damage_taken":458,"position":{"x":-5.785287586932903e+12,"y":-1.673353902717744e+11,"z":-2.6773095731267964e+12},"ship_type_id":670}}