{"attackers":[{"alliance_id":99001134,"character_id":90870526,"corporation_id":354495185,"damage_done":545,"final_blow":true,"security_status":-0.5,"ship_type_id":29990,"weapon_type_id":2921}],"killmail_id":71244890,"killmail_time":"2018-07-14T11:18:56-07:00","solar_system_id":30002187,"victim":{"alliance_id":99008278,"character_id":96527876,"corporation_id":98527353,"damage_taken":545,"position":{"x":-5.185839432682528e+11,"y":3.0256618150879604e+10,"z":1.0428957186023422e+12},"ship_type_id":11129},"war_id":604970}