{"attackers":[{"alliance_id":99004364,"character_id":94914644,"corporation_id":98423604,"damage_done":445,"final_blow":true,"security_status":-0.5,"ship_type_id":29990,"weapon_type_id":2969}],"killmail_id":71242771,"killmail_time":"2018-07-14T09:19:11-07:00","solar_system_id":31000790,"victim":{"character_id":93301426,"corporation_id":98147061,"damage_taken":445,"position":{"x":5.024346518990243e+12,"y":3.2883225821385497e+08,"z":3.28326444151719e+12},"ship_type_id":11129}}