{"attackers":[{"alliance_id":99001134,"character_id":92458487,"corporation_id":354495185,"damage_done":405,"final_blow":true,"security_status":3.7,"ship_type_id":17740,"weapon_type_id":3186}],"killmail_id":71244995,"killmail_time":"2018-07-14T11:26:05-07:00","solar_system_id":30002187,"victim":{"character_id":2113685199,"corporation_id":1000045,"damage_taken":405,"items":[{"flag":89,"item_type_id":13283,"quantity_destroyed":1}],"position":{"x":-5.1858395172907166e+11,"y":3.0256605092844555e+10,"z":1.0428957090495404e+12},"ship_type_id":670}}