{"attackers":[{"character_id":146493141,"corporation_id":98512711,"damage_done":2256,"final_blow":true,"security_status":-1,"ship_type_id":29990,"weapon_type_id":27413}],"killmail_id":71245151,"killmail_time":"2018-07-14T11:32:00-07:00","solar_system_id":31000525,"victim":{"alliance_id":99007879,"character_id":2112498203,"corporation_id":98417959,"damage_taken":2256,"items":[{"flag":92,"item_type_id":31754,"quantity_destroyed":1},{"flag":93,"item_type_id":31742,"quantity_destroyed":1},{"flag":94,"item_type_id":31790,"quantity_destroyed":1}],"position":{"x":-2.0936090841034485e+11,"y":3.157484042743999e+11,"z":-6.323306031693537e+10},"ship_type_id":656}}