{"attackers":[{"alliance_id":99004364,"character_id":96238818,"corporation_id":98380820,"damage_done":2489,"final_blow":true,"security_status":1.8,"ship_type_id":33470,"weapon_type_id":2456}],"killmail_id":71242637,"killmail_time":"2018-07-14T09:12:34-07:00","solar_system_id":31000790,"victim":{"character_id":96382408,"corporation_id":1000009,"damage_taken":2489,"items":[{"flag":11,"item_type_id":1403,"quantity_destroyed":1},{"flag":14,"item_type_id":1403,"quantity_destroyed":1},{"flag":12,"item_type_id":1403,"quantity_dropped":1},{"flag":13,"item_type_id":1403,"quantity_dropped":1}],"position":{"x":5.02434641357347e+12,"y":3.284835058155008e+08,"z":3.283264436707843e+12},"ship_type_id":649}}