{"attackers":[{"alliance_id":99004945,"character_id":1299042030,"corporation_id":98341415,"damage_done":418,"final_blow":true,"security_status":-7.5,"ship_type_id":37483,"weapon_type_id":2456}],"killmail_id":71242662,"killmail_time":"2018-07-14T09:13:39-07:00","solar_system_id":30002723,"victim":{"character_id":2114052305,"corporation_id":98556199,"damage_taken":418,"items":[{"flag":89,"item_type_id":27102,"quantity_destroyed":1}],"position":{"x":1.536499028443655e+12,"y":-1.3476827113866045e+11,"z":2.7501336592934873e+12},"ship_type_id":670}}