{"attackers":[{"character_id":874614389,"corporation_id":98532386,"damage_done":1517,"faction_id":500004,"final_blow":true,"security_status":-3.8,"ship_type_id":583,"weapon_type_id":27333}],"killmail_id":71243438,"killmail_time":"2018-07-14T09:55:32-07:00","solar_system_id":30003854,"victim":{"alliance_id":99008214,"character_id":2114193803,"corporation_id":98525684,"damage_taken":1517,"faction_id":500001,"position":{"x":4.829675635840483e+11,"y":2.796670000696229e+11,"z":-2.1698052044749915e+11},"ship_type_id":593}}