{"attackers":[{"alliance_id":99006625,"character_id":94771700,"corporation_id":98177721,"damage_done":406,"faction_id":500004,"final_blow":true,"security_status":-10,"ship_type_id":33816,"weapon_type_id":27387}],"killmail_id":71245404,"killmail_time":"2018-07-14T11:42:14-07:00","solar_system_id":30002813,"victim":{"character_id":2114266725,"corporation_id":1000180,"damage_taken":406,"faction_id":500001,"position":{"x":4.386820543920648e+12,"y":1.0995748328160503e+12,"z":4.262543718389134e+11},"ship_type_id":670}}