{"attackers":[{"character_id":583836191,"corporation_id":270559786,"damage_done":462,"final_blow":true,"security_status":0.1,"ship_type_id":11176,"weapon_type_id":27361}],"killmail_id":71244116,"killmail_time":"2018-07-14T10:32:51-07:00","solar_system_id":30002076,"victim":{"alliance_id":99006534,"character_id":440776503,"corporation_id":98428919,"damage_taken":462,"position":{"x":-1.4245999906617673e+11,"y":1.1590056067668978e+10,"z":1.5421341451691697e+12},"ship_type_id":33328}}