{"attackers":[{"alliance_id":99002367,"character_id":94940242,"corporation_id":98134777,"damage_done":444,"final_blow":true,"security_status":-1.7,"ship_type_id":11393,"weapon_type_id":3033}],"killmail_id":71243226,"killmail_time":"2018-07-14T09:48:21-07:00","solar_system_id":30004863,"victim":{"alliance_id":99002821,"character_id":92283461,"corporation_id":98146705,"damage_taken":444,"position":{"x":4.378227879811572e+11,"y":3.729214432920513e+10,"z":-1.688041415563505e+12},"ship_type_id":670}}