{"attackers":[{"alliance_id":99006319,"character_id":91940343,"corporation_id":98330748,"damage_done":418,"final_blow":true,"security_status":0.8,"ship_type_id":29984,"weapon_type_id":3082}],"killmail_id":71243163,"killmail_time":"2018-07-14T09:45:13-07:00","solar_system_id":31000160,"victim":{"character_id":2113975694,"corporation_id":1000172,"damage_taken":418,"position":{"x":-1.4114763474927908e+12,"y":9.132441795427954e+10,"z":1.1235950448184443e+12},"ship_type_id":670}}