{"attackers":[{"alliance_id":99005333,"character_id":2113677684,"corporation_id":98322690,"damage_done":413,"faction_id":500001,"final_blow":true,"security_status":-4.7,"ship_type_id":16242,"weapon_type_id":2977}],"killmail_id":71243272,"killmail_time":"2018-07-14T09:50:17-07:00","solar_system_id":30045336,"victim":{"character_id":2113577797,"corporation_id":1000006,"damage_taken":413,"position":{"x":7.202344701519395e+12,"y":8.384268611886069e+11,"z":-5.522510330114676e+12},"ship_type_id":670}}