{"attackers":[{"alliance_id":1354830081,"character_id":2113421508,"corporation_id":98370861,"damage_done":13482,"final_blow":true,"security_status":3.3,"ship_type_id":12038,"weapon_type_id":27339},{"alliance_id":99002938,"character_id":90607923,"corporation_id":98549229,"security_status":5,"ship_type_id":23913,"weapon_type_id":40563}],"killmail_id":71245246,"killmail_time":"2018-07-14T11:35:20-07:00","solar_system_id":30003682,"victim":{"alliance_id":1695357456,"character_id":95944255,"corporation_id":98112824,"damage_taken":13482,"position":{"x":1.4771025679609753e+12,"y":-2.6138985768979987e+11,"z":-1.2962627379079795e+12},"ship_type_id":12198}}