{"attackers":[{"character_id":94180713,"corporation_id":98464475,"damage_done":425,"final_blow":true,"security_status":-1.4,"ship_type_id":17736,"weapon_type_id":2488}],"killmail_id":71193208,"killmail_time":"2018-07-11T15:53:48-07:00","solar_system_id":30003491,"victim":{"character_id":2114219438,"corporation_id":1000167,"damage_taken":425,"position":{"x":-2.015237528683262e+10,"y":-3.260153123735308e+10,"z":-4.055747212541762e+11},"ship_type_id":670}}