{"attackers":[{"damage_done":30981,"faction_id":500021,"final_blow":true,"ship_type_id":23489}],"killmail_id":71245471,"killmail_time":"2018-07-14T11:45:23-07:00","solar_system_id":30001597,"victim":{"alliance_id":99003006,"character_id":92593079,"corporation_id":98448436,"damage_taken":30981,"position":{"x":2.5347884947631073e+11,"y":8.074689957942091e+10,"z":2.44540852720542e+10},"ship_type_id":40556}}