{"attackers":[{"alliance_id":99005382,"character_id":161684017,"corporation_id":98057065,"damage_done":431,"final_blow":true,"security_status":-1.7,"ship_type_id":29990,"weapon_type_id":2969}],"killmail_id":71245764,"killmail_time":"2018-07-14T12:00:01-07:00","solar_system_id":30000142,"victim":{"alliance_id":99005338,"character_id":2114198434,"corporation_id":98388312,"damage_taken":431,"position":{"x":-1.073033631135051e+11,"y":-1.874497247496825e+10,"z":4.364890683228935e+11},"ship_type_id":670},"war_id":596507}