{"attackers":[{"character_id":480256147,"corporation_id":760322451,"damage_done":4754553,"final_blow":true,"security_status":1,"ship_type_id":4302,"weapon_type_id":34276}],"killmail_id":71244900,"killmail_time":"2018-07-14T11:19:56-07:00","solar_system_id":30002385,"victim":{"alliance_id":99007807,"corporation_id":1028721400,"damage_taken":4754553,"items":[{"flag":5,"item_type_id":37847,"quantity_destroyed":447},{"flag":5,"item_type_id":37847,"quantity_dropped":49},{"flag":5,"item_type_id":37846,"quantity_dropped":1993},{"flag":172,"item_type_id":4312,"quantity_destroyed":300}],"position":{"x":1.0534645872318e+13,"y":1.070888400701e+12,"z":1.134966856636e+12},"ship_type_id":35825},"war_id":606642}