{"attackers":[{"alliance_id":99005242,"character_id":2113207769,"corporation_id":1856883060,"damage_done":240,"security_status":5,"ship_type_id":29986,"weapon_type_id":27419},{"alliance_id":99006750,"character_id":434436519,"corporation_id":98088416,"damage_done":214,"final_blow":true,"security_status":5,"ship_type_id":12017,"weapon_type_id":3512}],"killmail_id":71244774,"killmail_time":"2018-07-14T11:13:20-07:00","solar_system_id":31000525,"victim":{"alliance_id":99007663,"character_id":2112568977,"corporation_id":98192898,"damage_taken":454,"position":{"x":-2.0936101423769537e+11,"y":3.1574850184726013e+11,"z":-6.3233149378357834e+10},"ship_type_id":670}}