{"attackers":[{"character_id":91279102,"corporation_id":98117112,"damage_done":405,"final_blow":true,"security_status":3.6,"ship_type_id":29340,"weapon_type_id":27371},{"character_id":1767694314,"corporation_id":98117112,"security_status":-0.7,"ship_type_id":3756,"weapon_type_id":12267},{"alliance_id":99007636,"character_id":1514246473,"corporation_id":98108721,"security_status":4.1,"ship_type_id":29340,"weapon_type_id":3244}],"killmail_id":71245284,"killmail_time":"2018-07-14T11:37:20-07:00","solar_system_id":30001985,"victim":{"character_id":2114042201,"corporation_id":1000044,"damage_taken":405,"position":{"x":-1.7918975742911743e+10,"y":-2.2937941674612417e+09,"z":4.3122809301191074e+12},"ship_type_id":670}}