{"attackers":[{"alliance_id":498125261,"character_id":90259753,"corporation_id":1018389948,"damage_done":461,"final_blow":true,"security_status":-1.6,"ship_type_id":29340,"weapon_type_id":27361},{"alliance_id":498125261,"character_id":93422769,"corporation_id":98491871,"security_status":-0.2,"ship_type_id":29340,"weapon_type_id":1877}],"killmail_id":71246380,"killmail_time":"2018-07-14T12:21:01-07:00","solar_system_id":30002145,"victim":{"alliance_id":99007451,"character_id":768630165,"corporation_id":98382088,"damage_taken":461,"items":[{"flag":89,"item_type_id":21890,"quantity_destroyed":1}],"position":{"x":-7.846282368597489e+11,"y":-2.283943091667371e+12,"z":4.254487444688191e+10},"ship_type_id":670}}