{"attackers":[{"character_id":298246483,"corporation_id":98265369,"damage_done":451,"final_blow":true,"security_status":4.2,"ship_type_id":17843,"weapon_type_id":2185}],"killmail_id":71246282,"killmail_time":"2018-07-14T12:16:30-07:00","solar_system_id":31001683,"victim":{"character_id":93487478,"corporation_id":1000114,"damage_taken":451,"position":{"x":-1.4145565077424374e+11,"y":-9.94769619339732e+06,"z":1.4545317870236868e+12},"ship_type_id":11134}}