{"attackers":[{"alliance_id":99007328,"character_id":289158383,"corporation_id":98446300,"damage_done":11569,"final_blow":true,"security_status":1.4,"ship_type_id":22442,"weapon_type_id":2478}],"killmail_id":71245603,"killmail_time":"2018-07-14T11:51:48-07:00","solar_system_id":30003277,"victim":{"alliance_id":131511956,"corporation_id":98181543,"damage_taken":11569,"position":{"x":-3.1651037892232505e+12,"y":2.475035656546981e+11,"z":-1.1877040886785557e+12},"ship_type_id":12198}}