{"attackers":[{"alliance_id":99005382,"character_id":161684017,"corporation_id":98057065,"damage_done":453,"final_blow":true,"security_status":-1.7,"ship_type_id":29990,"weapon_type_id":2969}],"killmail_id":71245872,"killmail_time":"2018-07-14T12:04:14-07:00","solar_system_id":30000142,"victim":{"alliance_id":99005338,"character_id":1185614862,"corporation_id":98388312,"damage_taken":453,"items":[{"flag":89,"item_type_id":10216,"quantity_destroyed":1},{"flag":89,"item_type_id":10212,"quantity_destroyed":1},{"flag":89,"item_type_id":27143,"quantity_destroyed":1}],"position":{"x":-1.0730339500180959e+11,"y":-1.8744981629286633e+10,"z":4.364890125191853e+11},"ship_type_id":670},"war_id":596507}