{"attackers":[{"character_id":90372402,"corporation_id":98090476,"damage_done":323,"security_status":-0.2,"ship_type_id":17918,"weapon_type_id":2629},{"alliance_id":99004364,"character_id":90545323,"corporation_id":98380820,"damage_done":87,"final_blow":true,"security_status":0.9,"ship_type_id":11978,"weapon_type_id":2488}],"killmail_id":71242550,"killmail_time":"2018-07-14T09:08:38-07:00","solar_system_id":31000790,"victim":{"character_id":96819013,"corporation_id":98485933,"damage_taken":410,"position":{"x":5.024347235298017e+12,"y":3.2851887052171654e+08,"z":3.2832648215188174e+12},"ship_type_id":11132}}