{"attackers":[{"alliance_id":99001134,"character_id":90870526,"corporation_id":354495185,"damage_done":433,"final_blow":true,"security_status":-0.5,"ship_type_id":29990,"weapon_type_id":2921}],"killmail_id":71244218,"killmail_time":"2018-07-14T10:38:31-07:00","solar_system_id":30002187,"victim":{"alliance_id":99007916,"character_id":95228087,"corporation_id":98201052,"damage_taken":433,"items":[{"flag":89,"item_type_id":13286,"quantity_destroyed":1}],"position":{"x":-5.1858393967530975e+11,"y":3.0256620207085236e+10,"z":1.0428956959673472e+12},"ship_type_id":670},"war_id":607742}