{"attackers":[{"alliance_id":99004945,"character_id":1299042030,"corporation_id":98341415,"damage_done":4862,"final_blow":true,"security_status":-7.5,"ship_type_id":37483,"weapon_type_id":2205}],"killmail_id":71242884,"killmail_time":"2018-07-14T09:25:12-07:00","solar_system_id":30002723,"victim":{"character_id":93774027,"corporation_id":98499841,"damage_taken":4862,"items":[{"flag":27,"item_type_id":193,"quantity_dropped":40},{"flag":27,"item_type_id":492,"quantity_destroyed":1},{"flag":19,"item_type_id":22175,"quantity_destroyed":1},{"flag":5,"item_type_id":193,"quantity_destroyed":1960}],"position":{"x":-5.055959642301757e+12,"y":4.4254211884895795e+11,"z":-1.2677221101692852e+12},"ship_type_id":622}}