{"attackers":[{"alliance_id":99005914,"character_id":423366095,"corporation_id":98074096,"damage_done":421,"final_blow":true,"security_status":-9.8,"ship_type_id":33816,"weapon_type_id":27327}],"killmail_id":71245808,"killmail_time":"2018-07-14T12:01:57-07:00","solar_system_id":30001719,"victim":{"character_id":2113722340,"corporation_id":1000077,"damage_taken":421,"position":{"x":-5.121479760161676e+12,"y":8.45660771950844e+11,"z":2.2324605804270747e+12},"ship_type_id":670}}