{"attackers":[{"alliance_id":99007362,"character_id":2114226897,"corporation_id":98531304,"damage_done":295,"security_status":4.9,"ship_type_id":11196,"weapon_type_id":11196},{"alliance_id":99007362,"character_id":96704597,"corporation_id":98531304,"damage_done":165,"final_blow":true,"security_status":5,"ship_type_id":11196,"weapon_type_id":2977},{"alliance_id":99007362,"character_id":2114188756,"corporation_id":98561846,"security_status":5,"ship_type_id":585,"weapon_type_id":447}],"killmail_id":71243993,"killmail_time":"2018-07-14T10:25:22-07:00","solar_system_id":30003683,"victim":{"alliance_id":99005205,"character_id":90722094,"corporation_id":98310442,"damage_taken":460,"position":{"x":-9.879612653242395e+10,"y":-1.37009866671992e+10,"z":-1.1023693898574104e+12},"ship_type_id":670}}