{"attackers":[{"alliance_id":1727758877,"character_id":1802602137,"corporation_id":1070320653,"damage_done":187,"security_status":-1.8,"ship_type_id":22440,"weapon_type_id":22440},{"alliance_id":1727758877,"character_id":1474299941,"corporation_id":1594479347,"damage_done":181,"final_blow":true,"security_status":4.2,"ship_type_id":22428,"weapon_type_id":15963}],"killmail_id":71243414,"killmail_time":"2018-07-14T09:54:57-07:00","solar_system_id":30004042,"victim":{"alliance_id":1354830081,"character_id":91147648,"corporation_id":98390683,"damage_taken":368,"position":{"x":2.3766546560678335e+12,"y":2.2257742252376045e+12,"z":8.81414297616908e+12},"ship_type_id":670}}