{"attackers":[{"alliance_id":99001317,"character_id":96053841,"corporation_id":604035876,"damage_done":464,"final_blow":true,"security_status":5,"ship_type_id":11178,"weapon_type_id":10680}],"killmail_id":71244693,"killmail_time":"2018-07-14T11:07:24-07:00","solar_system_id":30002005,"victim":{"alliance_id":498125261,"character_id":446216356,"corporation_id":98420562,"damage_taken":464,"position":{"x":1.4419637767186246e+11,"y":1.2782347625144094e+10,"z":-1.1003330291135647e+12},"ship_type_id":670}}