{"attackers":[{"alliance_id":99006534,"character_id":91464265,"corporation_id":98428919,"damage_done":2445,"final_blow":true,"security_status":-2.3,"ship_type_id":11178,"weapon_type_id":3170},{"corporation_id":1000124,"ship_type_id":22822}],"killmail_id":71243746,"killmail_time":"2018-07-14T10:11:33-07:00","solar_system_id":30000999,"victim":{"alliance_id":99003615,"character_id":2114288740,"corporation_id":98291758,"damage_taken":2445,"position":{"x":-1.282548871275095e+12,"y":2.730252384388134e+11,"z":1.215860698058531e+12},"ship_type_id":657}}