{"attackers":[{"alliance_id":1683694957,"character_id":641794466,"corporation_id":1234433085,"damage_done":880,"final_blow":true,"security_status":-10,"ship_type_id":4310,"weapon_type_id":2961}],"killmail_id":71245506,"killmail_time":"2018-07-14T11:47:19-07:00","solar_system_id":30003470,"victim":{"character_id":2114242158,"corporation_id":1000045,"damage_taken":880,"items":[{"flag":27,"item_type_id":21096,"quantity_destroyed":1},{"flag":5,"item_type_id":16273,"quantity_dropped":50}],"position":{"x":2.4315678700327698e+11,"y":-3.852897122056646e+09,"z":8.427121407588261e+10},"ship_type_id":605}}