{"attackers":[{"alliance_id":99001134,"character_id":91457073,"corporation_id":354495185,"damage_done":545,"final_blow":true,"security_status":-1.5,"ship_type_id":29990,"weapon_type_id":2913}],"killmail_id":71243046,"killmail_time":"2018-07-14T09:36:12-07:00","solar_system_id":30002187,"victim":{"alliance_id":1354830081,"character_id":96909421,"corporation_id":98409330,"damage_taken":545,"position":{"x":-5.1858396162322205e+11,"y":3.0256614974003517e+10,"z":1.0428956964386157e+12},"ship_type_id":672},"war_id":605266}