{"attackers":[{"character_id":2113063118,"corporation_id":98536913,"damage_done":21188,"ship_type_id":16229,"weapon_type_id":31890},{"character_id":2112587393,"corporation_id":98536913,"damage_done":18724,"final_blow":true,"security_status":-0.6,"ship_type_id":29986,"weapon_type_id":3512},{"character_id":2113435343,"corporation_id":98536913,"damage_done":3709,"security_status":0.1,"ship_type_id":29988,"weapon_type_id":31880}],"killmail_id":71244081,"killmail_time":"2018-07-14T10:30:36-07:00","solar_system_id":30005222,"victim":{"character_id":754192687,"corporation_id":1394388757,"damage_taken":43621,"position":{"x":-8.001550704416167e+10,"y":-1.389232121690484e+10,"z":-6.0165972878567566e+10},"ship_type_id":33475}}