{"attackers":[{"alliance_id":99005338,"character_id":93022120,"corporation_id":98558506,"damage_done":461,"final_blow":true,"security_status":0.4,"ship_type_id":33816,"weapon_type_id":27381}],"killmail_id":71245538,"killmail_time":"2018-07-14T11:48:29-07:00","solar_system_id":30002440,"victim":{"character_id":182211717,"corporation_id":1000009,"damage_taken":461,"position":{"x":-5.084244580539336e+12,"y":-6.046724424045214e+11,"z":-2.895269589284742e+12},"ship_type_id":33328}}