{"attackers":[{"character_id":95089982,"corporation_id":98551342,"damage_done":602,"faction_id":500004,"final_blow":true,"security_status":-0.3,"ship_type_id":12021,"weapon_type_id":3082}],"killmail_id":71246170,"killmail_time":"2018-07-14T12:11:33-07:00","solar_system_id":30001400,"victim":{"alliance_id":99007969,"character_id":2114293291,"corporation_id":98529693,"damage_taken":602,"faction_id":500001,"position":{"x":2.0656827315968086e+12,"y":-2.834253370141606e+12,"z":-2.1079458324820908e+12},"ship_type_id":32880}}