{"attackers":[{"alliance_id":99008430,"character_id":97062174,"corporation_id":98553218,"damage_done":462,"final_blow":true,"security_status":3.9,"ship_type_id":29984,"weapon_type_id":27433}],"killmail_id":71244044,"killmail_time":"2018-07-14T10:28:19-07:00","solar_system_id":30003480,"victim":{"character_id":583836191,"corporation_id":270559786,"damage_taken":462,"position":{"x":4.652099170670987e+11,"y":-8.467120334468987e+10,"z":3.8373280901009165e+12},"ship_type_id":670}}