{"attackers":[{"alliance_id":99003933,"character_id":94749383,"corporation_id":98129384,"damage_done":1181,"final_blow":true,"security_status":0.5,"ship_type_id":598,"weapon_type_id":27327}],"killmail_id":71243944,"killmail_time":"2018-07-14T10:22:50-07:00","solar_system_id":30003852,"victim":{"alliance_id":99008214,"character_id":2114193803,"corporation_id":98525684,"damage_taken":1181,"faction_id":500001,"position":{"x":-2.62475625953723e+11,"y":3.224567877387463e+11,"z":-5.061870759630553e+10},"ship_type_id":608}}