{"attackers":[{"character_id":1616709439,"corporation_id":98038363,"damage_done":421,"final_blow":true,"security_status":2.4,"ship_type_id":17720,"weapon_type_id":2969}],"killmail_id":71242508,"killmail_time":"2018-07-14T09:07:52-07:00","solar_system_id":30001984,"victim":{"alliance_id":1838908040,"character_id":2114266561,"corporation_id":98257506,"damage_taken":421,"position":{"x":3.257459703779522e+12,"y":4.9656246553501e+12,"z":1.3685476104860557e+12},"ship_type_id":670}}