{"attackers":[{"character_id":954075573,"corporation_id":98414850,"damage_done":412,"final_blow":true,"security_status":3.7,"ship_type_id":16242,"weapon_type_id":2977}],"killmail_id":71238499,"killmail_time":"2018-07-14T05:43:34-07:00","solar_system_id":31000363,"victim":{"character_id":97270842,"corporation_id":98566168,"damage_taken":412,"position":{"x":5.4236291630244804e+10,"y":4.212798209767303e+11,"z":-6.875027778776665e+11},"ship_type_id":670}}