{"attackers":[{"alliance_id":99007539,"character_id":301592770,"corporation_id":98519717,"damage_done":429,"faction_id":500003,"final_blow":true,"security_status":-3.4,"ship_type_id":29990,"weapon_type_id":2969},{"alliance_id":99007539,"character_id":1051998985,"corporation_id":98519717,"faction_id":500003,"security_status":-9.8,"ship_type_id":17928,"weapon_type_id":3074}],"killmail_id":71243663,"killmail_time":"2018-07-14T10:07:02-07:00","solar_system_id":30002960,"victim":{"character_id":2114272066,"corporation_id":1000182,"damage_taken":429,"faction_id":500002,"position":{"x":-2.3517129696969946e+12,"y":2.2141685109411227e+11,"z":3.09626376217807e+12},"ship_type_id":670}}