{"attackers":[{"character_id":95835700,"corporation_id":98566752,"damage_done":418,"final_blow":true,"security_status":-10,"ship_type_id":17738,"weapon_type_id":14206}],"killmail_id":71245850,"killmail_time":"2018-07-14T12:03:27-07:00","solar_system_id":30002691,"victim":{"character_id":2114204392,"corporation_id":98525826,"damage_taken":418,"position":{"x":1.8314712227304138e+12,"y":-3.381225910326657e+12,"z":-3.968484517216773e+11},"ship_type_id":670}}