{"attackers":[{"alliance_id":99007552,"character_id":965009084,"corporation_id":98489268,"damage_done":461,"final_blow":true,"security_status":-10,"ship_type_id":29988,"weapon_type_id":14692}],"killmail_id":71245869,"killmail_time":"2018-07-14T12:04:08-07:00","solar_system_id":30002813,"victim":{"alliance_id":99007974,"character_id":904816592,"corporation_id":98151631,"damage_taken":461,"items":[{"flag":89,"item_type_id":21888,"quantity_destroyed":1}],"position":{"x":5.520021583439563e+11,"y":-4.262000014013429e+12,"z":1.4715977289242524e+12},"ship_type_id":670}}