{"attackers":[{"character_id":1613500455,"corporation_id":98407212,"damage_done":427,"final_blow":true,"security_status":-7.7,"ship_type_id":24702,"weapon_type_id":2913}],"killmail_id":71244076,"killmail_time":"2018-07-14T10:30:25-07:00","solar_system_id":30002432,"victim":{"alliance_id":99005338,"character_id":2114234897,"corporation_id":98388312,"damage_taken":427,"position":{"x":1.5429677687169395e+12,"y":-3.491954741379873e+11,"z":6.455780727101115e+11},"ship_type_id":670}}