{"attackers":[{"character_id":1101451570,"corporation_id":98120682,"damage_done":418,"final_blow":true,"security_status":4.2,"ship_type_id":33468,"weapon_type_id":2456}],"killmail_id":71243770,"killmail_time":"2018-07-14T10:12:33-07:00","solar_system_id":31001101,"victim":{"character_id":2113739885,"corporation_id":1000115,"damage_taken":418,"position":{"x":-3.8664535016444006e+11,"y":-3.2931839750766872e+10,"z":7.37048002628565e+11},"ship_type_id":670}}