{"attackers":[{"character_id":96579891,"corporation_id":98551370,"damage_done":435,"final_blow":true,"security_status":-10,"ship_type_id":17922,"weapon_type_id":3520}],"killmail_id":71243725,"killmail_time":"2018-07-14T10:10:12-07:00","solar_system_id":30002813,"victim":{"character_id":96297699,"corporation_id":1000107,"damage_taken":435,"position":{"x":4.3868205395957334e+12,"y":1.0995748529794895e+12,"z":4.262543722066357e+11},"ship_type_id":670}}