{"attackers":[{"alliance_id":1727758877,"character_id":1802602137,"corporation_id":1070320653,"damage_done":435,"final_blow":true,"security_status":-1.8,"ship_type_id":22440,"weapon_type_id":15963},{"alliance_id":99007044,"character_id":91565228,"corporation_id":98529826,"security_status":0.8,"ship_type_id":22440,"weapon_type_id":2117}],"killmail_id":71243423,"killmail_time":"2018-07-14T09:54:58-07:00","solar_system_id":30004042,"victim":{"alliance_id":1354830081,"character_id":96247759,"corporation_id":624410653,"damage_taken":435,"position":{"x":2.376654650202318e+12,"y":2.225774223697655e+12,"z":8.814142963518922e+12},"ship_type_id":670}}