{"attackers":[{"alliance_id":99007552,"character_id":965009084,"corporation_id":98489268,"damage_done":463,"final_blow":true,"security_status":-10,"ship_type_id":29988,"weapon_type_id":14692}],"killmail_id":71244035,"killmail_time":"2018-07-14T10:27:45-07:00","solar_system_id":30002813,"victim":{"alliance_id":99006625,"character_id":156917512,"corporation_id":98177721,"damage_taken":463,"faction_id":500004,"items":[{"flag":89,"item_type_id":13261,"quantity_destroyed":1},{"flag":89,"item_type_id":10228,"quantity_destroyed":1},{"flag":89,"item_type_id":24663,"quantity_destroyed":1}],"position":{"x":1.4004312972176787e+12,"y":-2.694966922002545e+10,"z":-1.9638497173854404e+11},"ship_type_id":670}}