{"attackers":[{"alliance_id":99002417,"character_id":91770769,"corporation_id":98138114,"damage_done":458,"final_blow":true,"security_status":-1.5,"ship_type_id":29988,"weapon_type_id":3138},{"alliance_id":99002417,"character_id":1985608872,"corporation_id":98138114,"security_status":1,"ship_type_id":29988,"weapon_type_id":527},{"alliance_id":99002417,"character_id":1561889551,"corporation_id":98135926,"security_status":1,"ship_type_id":12021,"weapon_type_id":4248}],"killmail_id":71242608,"killmail_time":"2018-07-14T09:11:33-07:00","solar_system_id":30004019,"victim":{"alliance_id":99004344,"character_id":93415680,"corporation_id":98442405,"damage_taken":458,"items":[{"flag":89,"item_type_id":27143,"quantity_destroyed":1}],"position":{"x":-8.279935828548389e+11,"y":7.815843747930272e+10,"z":-1.4285631853838896e+12},"ship_type_id":670}}