{"attackers":[{"alliance_id":386292982,"character_id":93355741,"corporation_id":425883056,"damage_done":461,"final_blow":true,"security_status":-1.2,"ship_type_id":29984,"weapon_type_id":3082}],"killmail_id":71245657,"killmail_time":"2018-07-14T11:55:04-07:00","solar_system_id":30004731,"victim":{"alliance_id":1354830081,"character_id":91375387,"corporation_id":98380408,"damage_taken":461,"items":[{"flag":89,"item_type_id":3265,"quantity_destroyed":1}],"position":{"x":1.7779840217817585e+12,"y":-2.966690599514529e+11,"z":-6.493985566259822e+11},"ship_type_id":670}}