{"attackers":[{"alliance_id":1695357456,"character_id":1999665327,"corporation_id":98506753,"damage_done":452,"security_status":2.8,"ship_type_id":11196,"weapon_type_id":27315},{"alliance_id":1695357456,"character_id":421809968,"corporation_id":98054147,"damage_done":9,"final_blow":true,"security_status":4.9,"ship_type_id":11567,"weapon_type_id":37299},{"alliance_id":1695357456,"character_id":2112534088,"corporation_id":98491538,"security_status":0.7,"ship_type_id":42126,"weapon_type_id":37303}],"killmail_id":71246239,"killmail_time":"2018-07-14T12:14:05-07:00","solar_system_id":30003682,"victim":{"character_id":91230118,"corporation_id":98519011,"damage_taken":461,"position":{"x":1.4771052875789255e+12,"y":-2.6138797180667963e+11,"z":-1.2962626405568242e+12},"ship_type_id":670}}