{"attackers":[{"alliance_id":99005383,"character_id":93095147,"corporation_id":98290999,"damage_done":214,"security_status":5,"ship_type_id":22456,"weapon_type_id":22456},{"alliance_id":99006884,"character_id":93626569,"corporation_id":848917534,"damage_done":187,"final_blow":true,"security_status":-1.7,"ship_type_id":11993,"weapon_type_id":24495},{"alliance_id":99006884,"character_id":1436090524,"corporation_id":848917534,"damage_done":59,"security_status":0.7,"ship_type_id":11971,"weapon_type_id":11971}],"killmail_id":71244788,"killmail_time":"2018-07-14T11:13:46-07:00","solar_system_id":30002367,"victim":{"alliance_id":1208295500,"character_id":94871197,"corporation_id":98011036,"damage_taken":460,"items":[{"flag":89,"item_type_id":3256,"quantity_destroyed":1}],"position":{"x":6.023156097260079e+11,"y":-1.0824808292764844e+11,"z":3.4152288186984224e+12},"ship_type_id":670}}