{"attackers":[{"corporation_id":1000135,"damage_done":551,"final_blow":true,"ship_type_id":23425}],"killmail_id":71243867,"killmail_time":"2018-07-14T10:17:58-07:00","solar_system_id":30003851,"victim":{"alliance_id":99004514,"character_id":2114161694,"corporation_id":98124121,"damage_taken":551,"items":[{"flag":19,"item_type_id":21857,"quantity_dropped":1}],"position":{"x":-2.179717854551881e+11,"y":-1.362628590786685e+10,"z":6.214915231273145e+11},"ship_type_id":588}}