{"attackers":[{"character_id":2112962071,"corporation_id":98505059,"damage_done":406,"final_blow":true,"security_status":-1,"ship_type_id":602,"weapon_type_id":24475}],"killmail_id":71242712,"killmail_time":"2018-07-14T09:15:51-07:00","solar_system_id":30045333,"victim":{"character_id":2114289575,"corporation_id":1000045,"damage_taken":406,"items":[{"flag":89,"item_type_id":13286,"quantity_destroyed":1},{"flag":89,"item_type_id":13283,"quantity_destroyed":1}],"position":{"x":3.713090621373182e+11,"y":3.2663546919843613e+10,"z":1.4023814877712766e+11},"ship_type_id":670}}