{"attackers":[{"alliance_id":99005382,"character_id":161684017,"corporation_id":98057065,"damage_done":427,"final_blow":true,"security_status":-1.7,"ship_type_id":29990,"weapon_type_id":2969}],"killmail_id":71244650,"killmail_time":"2018-07-14T11:04:00-07:00","solar_system_id":30000142,"victim":{"alliance_id":99005338,"character_id":94873811,"corporation_id":98388312,"damage_taken":427,"position":{"x":-1.0730336256654175e+11,"y":-1.8744971195313095e+10,"z":4.364890709008231e+11},"ship_type_id":670},"war_id":596507}