{"attackers":[{"alliance_id":99002003,"character_id":92312328,"corporation_id":1719660426,"damage_done":458,"final_blow":true,"security_status":5,"ship_type_id":22456,"weapon_type_id":2873}],"killmail_id":71244017,"killmail_time":"2018-07-14T10:26:34-07:00","solar_system_id":30001075,"victim":{"alliance_id":99000645,"character_id":96356413,"corporation_id":1699307293,"damage_taken":458,"position":{"x":1.1159859254714578e+11,"y":-1.9190120225402896e+11,"z":-3.113679754264011e+11},"ship_type_id":670}}