{"attackers":[{"alliance_id":99008060,"character_id":2113788431,"corporation_id":98151818,"damage_done":418,"final_blow":true,"security_status":-5.6,"ship_type_id":47466,"weapon_type_id":9808}],"killmail_id":71244887,"killmail_time":"2018-07-14T11:18:43-07:00","solar_system_id":30003835,"victim":{"character_id":2114282002,"corporation_id":1000181,"damage_taken":418,"faction_id":500004,"position":{"x":4.612952673876642e+12,"y":2.1471101319160293e+12,"z":2.371975614801636e+12},"ship_type_id":670}}