{"attackers":[{"corporation_id":1000125,"damage_done":545,"final_blow":true,"ship_type_id":3885}],"killmail_id":71243691,"killmail_time":"2018-07-14T10:08:42-07:00","solar_system_id":30003504,"victim":{"alliance_id":99002775,"character_id":92345033,"corporation_id":98140648,"damage_taken":545,"position":{"x":-2.7575404415125615e+12,"y":-4.752081658361281e+11,"z":-3.0482969021319634e+12},"ship_type_id":11134}}