{"attackers":[{"alliance_id":498125261,"character_id":90939062,"corporation_id":1018389948,"final_blow":true,"security_status":3.3,"ship_type_id":11198,"weapon_type_id":2889}],"killmail_id":71243033,"killmail_time":"2018-07-14T09:35:18-07:00","solar_system_id":30002010,"victim":{"alliance_id":99006863,"character_id":95939765,"corporation_id":98381361,"items":[{"flag":27,"item_type_id":21096,"quantity_destroyed":1}],"position":{"x":3.44931733725604e+09,"y":-1.5443034512293136e+08,"z":-1.0704024359852161e+09},"ship_type_id":607}}