{"attackers":[{"alliance_id":99005338,"character_id":2113808611,"corporation_id":98388312,"damage_done":425,"final_blow":true,"security_status":4.9,"ship_type_id":17928,"weapon_type_id":13888}],"killmail_id":71245381,"killmail_time":"2018-07-14T11:41:03-07:00","solar_system_id":30045353,"victim":{"character_id":2113873125,"corporation_id":1000181,"damage_taken":425,"faction_id":500004,"items":[{"flag":89,"item_type_id":27143,"quantity_destroyed":1}],"position":{"x":-7.865381656351498e+11,"y":-7.415659935112033e+10,"z":-1.56757524699397e+12},"ship_type_id":670}}