{"attackers":[{"corporation_id":1000079,"damage_done":407,"ship_type_id":9959},{"corporation_id":1000125,"damage_done":138,"final_blow":true,"ship_type_id":3885}],"killmail_id":71244159,"killmail_time":"2018-07-14T10:35:31-07:00","solar_system_id":30003503,"victim":{"alliance_id":99002775,"character_id":819004125,"corporation_id":98140648,"damage_taken":545,"position":{"x":1.0861916442022736e+12,"y":1.083375471600067e+10,"z":3.8569588000548335e+12},"ship_type_id":11134}}