{"attackers":[{"alliance_id":99007552,"character_id":965009084,"corporation_id":98489268,"damage_done":435,"final_blow":true,"security_status":-10,"ship_type_id":29988,"weapon_type_id":14692}],"killmail_id":71244735,"killmail_time":"2018-07-14T11:10:13-07:00","solar_system_id":30002813,"victim":{"character_id":95855401,"corporation_id":98564529,"damage_taken":435,"position":{"x":4.3877700368759385e+12,"y":1.0998017944202983e+12,"z":4.2647106880118475e+11},"ship_type_id":670}}