{"attackers":[{"alliance_id":99005382,"character_id":161684017,"corporation_id":98057065,"damage_done":445,"final_blow":true,"security_status":-1.7,"ship_type_id":29990,"weapon_type_id":2969}],"killmail_id":71245116,"killmail_time":"2018-07-14T11:31:01-07:00","solar_system_id":30000142,"victim":{"alliance_id":498125261,"character_id":2112830685,"corporation_id":98486683,"damage_taken":445,"position":{"x":-1.0730336329413982e+11,"y":-1.8744971058449425e+10,"z":4.364890747258374e+11},"ship_type_id":670},"war_id":596508}