{"attackers":[{"alliance_id":99005955,"character_id":1082190020,"corporation_id":98339012,"damage_done":425,"final_blow":true,"security_status":5,"ship_type_id":16238,"weapon_type_id":3074}],"killmail_id":71241791,"killmail_time":"2018-07-14T08:33:06-07:00","solar_system_id":30003681,"victim":{"character_id":2113356731,"corporation_id":98402277,"damage_taken":425,"position":{"x":2.072525762742099e+12,"y":-1.4057854879827131e+12,"z":3.3618808250069233e+12},"ship_type_id":670}}