{"attackers":[{"character_id":1263598384,"corporation_id":98566052,"damage_done":401,"final_blow":true,"security_status":3.7,"ship_type_id":16242,"weapon_type_id":9413},{"character_id":1084411436,"corporation_id":98066052,"damage_done":54,"security_status":0.9,"ship_type_id":16242,"weapon_type_id":27381}],"killmail_id":71245122,"killmail_time":"2018-07-14T11:31:08-07:00","solar_system_id":30045349,"victim":{"alliance_id":99007289,"character_id":2112317200,"corporation_id":1894214152,"damage_taken":455,"faction_id":500004,"position":{"x":2.973350688110113e+11,"y":8.519878801009888e+09,"z":-2.576519705690546e+11},"ship_type_id":670}}