{"attackers":[{"alliance_id":99005914,"character_id":423366095,"corporation_id":98074096,"damage_done":561,"final_blow":true,"security_status":-9.8,"ship_type_id":17918,"weapon_type_id":28211}],"killmail_id":71245665,"killmail_time":"2018-07-14T11:55:28-07:00","solar_system_id":30001721,"victim":{"alliance_id":99006038,"character_id":2113057361,"corporation_id":98428477,"damage_taken":561,"items":[{"flag":27,"item_type_id":21096,"quantity_dropped":1},{"flag":19,"item_type_id":21857,"quantity_dropped":1}],"position":{"x":1.5575053487153274e+12,"y":-2.0065088503122656e+11,"z":-2.2174075446635236e+11},"ship_type_id":601}}