{"attackers":[{"alliance_id":99003214,"character_id":94089523,"corporation_id":98169165,"damage_done":421,"final_blow":true,"security_status":5,"ship_type_id":11393,"weapon_type_id":3033}],"killmail_id":71243784,"killmail_time":"2018-07-14T10:13:30-07:00","solar_system_id":30001162,"victim":{"alliance_id":99007753,"character_id":2114205198,"corporation_id":98523511,"damage_taken":421,"position":{"x":6.0965069684610214e+10,"y":-2.5951399494749414e+12,"z":-1.5722224372448242e+12},"ship_type_id":670}}