{"attackers":[{"alliance_id":386292982,"character_id":1865784395,"corporation_id":98043801,"damage_done":461,"final_blow":true,"security_status":5,"ship_type_id":29340,"weapon_type_id":27361},{"alliance_id":99006805,"character_id":759439059,"corporation_id":110427029,"security_status":5,"ship_type_id":11174,"weapon_type_id":3098}],"killmail_id":71243880,"killmail_time":"2018-07-14T10:18:39-07:00","solar_system_id":30004807,"victim":{"alliance_id":498125261,"character_id":90112377,"corporation_id":1297486126,"damage_taken":461,"position":{"x":-9.499227236879857e+11,"y":4.445786762234656e+10,"z":2.407795531336332e+11},"ship_type_id":670}}