{"attackers":[{"alliance_id":99004364,"character_id":1987862349,"corporation_id":98423604,"damage_done":291,"final_blow":true,"security_status":0.4,"ship_type_id":17715,"weapon_type_id":2185},{"alliance_id":99006069,"character_id":2113112306,"corporation_id":98525904,"damage_done":160,"security_status":5,"ship_type_id":17918,"weapon_type_id":27447}],"killmail_id":71242535,"killmail_time":"2018-07-14T09:08:23-07:00","solar_system_id":31000790,"victim":{"character_id":96819013,"corporation_id":98485933,"damage_taken":451,"position":{"x":5.024347235133656e+12,"y":3.2852278322304463e+08,"z":3.283264826872129e+12},"ship_type_id":11129}}