{"attackers":[{"character_id":1409235210,"corporation_id":98407212,"final_blow":true,"security_status":-3.7,"ship_type_id":24702,"weapon_type_id":2913}],"killmail_id":71243909,"killmail_time":"2018-07-14T10:20:26-07:00","solar_system_id":30002423,"victim":{"alliance_id":1354830081,"character_id":1545590526,"corporation_id":230445889,"position":{"x":5.705437616837806e+11,"y":-1.0707603379746582e+11,"z":-2.834464857686712e+11},"ship_type_id":670}}