{"attackers":[{"alliance_id":99005239,"character_id":278101090,"corporation_id":954325053,"damage_done":368,"security_status":3.1,"ship_type_id":17918,"weapon_type_id":2629},{"alliance_id":99004364,"character_id":90545323,"corporation_id":98380820,"damage_done":80,"final_blow":true,"security_status":0.9,"ship_type_id":11978,"weapon_type_id":2488}],"killmail_id":71242551,"killmail_time":"2018-07-14T09:08:43-07:00","solar_system_id":31000790,"victim":{"character_id":96819013,"corporation_id":98485933,"damage_taken":448,"position":{"x":5.024347235331607e+12,"y":3.285206118101292e+08,"z":3.2832648232601055e+12},"ship_type_id":11132}}