{"attackers":[{"character_id":2112320814,"corporation_id":98467417,"damage_done":461,"faction_id":500002,"final_blow":true,"ship_type_id":3756,"weapon_type_id":3025},{"character_id":95971676,"corporation_id":98467417,"faction_id":500002,"security_status":-1.7,"ship_type_id":34317,"weapon_type_id":3244}],"killmail_id":71243965,"killmail_time":"2018-07-14T10:23:58-07:00","solar_system_id":30002187,"victim":{"character_id":96488388,"corporation_id":1211725488,"damage_taken":461,"faction_id":500003,"position":{"x":-5.185839530909319e+11,"y":3.0256615275171818e+10,"z":1.0428957120409457e+12},"ship_type_id":670}}