{"attackers":[{"alliance_id":99005381,"character_id":96618419,"corporation_id":98536621,"damage_done":550,"final_blow":true,"security_status":-9.3,"ship_type_id":621,"weapon_type_id":24495}],"killmail_id":71245429,"killmail_time":"2018-07-14T11:43:26-07:00","solar_system_id":30002756,"victim":{"character_id":96256292,"corporation_id":1000006,"damage_taken":550,"items":[{"flag":27,"item_type_id":21096,"quantity_dropped":1}],"position":{"x":1.4296168383332767e+11,"y":1.8482512514090797e+10,"z":-4.107964358660047e+10},"ship_type_id":601}}