{"attackers":[{"alliance_id":99005502,"character_id":1476349677,"corporation_id":98088408,"damage_done":418,"final_blow":true,"security_status":-10,"ship_type_id":17738,"weapon_type_id":15963}],"killmail_id":71242022,"killmail_time":"2018-07-14T08:46:15-07:00","solar_system_id":30002718,"victim":{"character_id":2114276516,"corporation_id":1000165,"damage_taken":418,"position":{"x":-4.9486713022704877e+11,"y":6.998643180385591e+10,"z":2.6337466350037007e+12},"ship_type_id":670}}