{"attackers":[{"alliance_id":99005914,"character_id":423366095,"corporation_id":98074096,"damage_done":680,"final_blow":true,"security_status":-9.8,"ship_type_id":33816,"weapon_type_id":27315}],"killmail_id":71245056,"killmail_time":"2018-07-14T11:28:53-07:00","solar_system_id":30001719,"victim":{"character_id":2113722340,"corporation_id":1000077,"damage_taken":680,"items":[{"flag":27,"item_type_id":483,"quantity_dropped":1},{"flag":134,"item_type_id":1226,"quantity_destroyed":2475},{"flag":11,"item_type_id":1244,"quantity_destroyed":1},{"flag":28,"item_type_id":483,"quantity_dropped":1}],"position":{"x":3.7458356075678107e+11,"y":-6.301495289974894e+10,"z":-1.057062785094919e+12},"ship_type_id":32880}}