{"attackers":[{"alliance_id":99005242,"character_id":96130269,"corporation_id":1856883060,"damage_done":2326,"final_blow":true,"security_status":3.7,"ship_type_id":12005,"weapon_type_id":2446}],"killmail_id":71246137,"killmail_time":"2018-07-14T12:10:52-07:00","solar_system_id":31000525,"victim":{"alliance_id":99007663,"character_id":2112239987,"corporation_id":98497219,"damage_taken":2326,"position":{"x":-2.093598920684196e+11,"y":3.1574865265426227e+11,"z":-6.323319626982231e+10},"ship_type_id":655}}