{"attackers":[{"alliance_id":99006830,"character_id":96733839,"corporation_id":98494263,"damage_done":50063,"final_blow":true,"ship_type_id":33468,"weapon_type_id":2488}],"killmail_id":71244932,"killmail_time":"2018-07-14T11:21:28-07:00","solar_system_id":30003536,"victim":{"alliance_id":99004549,"character_id":93900588,"corporation_id":98504532,"damage_taken":50063,"items":[{"flag":5,"item_type_id":185,"quantity_dropped":100}],"position":{"x":-1.4149209204769844e+12,"y":1.0128064795865353e+11,"z":-1.099467318674916e+12},"ship_type_id":33475}}