{"attackers":[{"alliance_id":99001134,"character_id":90870526,"corporation_id":354495185,"damage_done":448,"final_blow":true,"security_status":-0.5,"ship_type_id":29990,"weapon_type_id":2921}],"killmail_id":71245109,"killmail_time":"2018-07-14T11:30:48-07:00","solar_system_id":30002187,"victim":{"alliance_id":99003477,"character_id":2114279332,"corporation_id":98185360,"damage_taken":448,"faction_id":500003,"items":[{"flag":89,"item_type_id":13261,"quantity_destroyed":1},{"flag":89,"item_type_id":19684,"quantity_destroyed":1}],"position":{"x":-5.185839528637682e+11,"y":3.025660774654258e+10,"z":1.0428957075271373e+12},"ship_type_id":670},"war_id":607566}