{"attackers":[{"alliance_id":99000814,"character_id":752096857,"corporation_id":98452018,"damage_done":364,"final_blow":true,"security_status":-10,"ship_type_id":24688,"weapon_type_id":3989},{"alliance_id":99000814,"character_id":90223647,"corporation_id":98452018,"damage_done":207,"security_status":-10,"ship_type_id":24688,"weapon_type_id":24688}],"killmail_id":71245607,"killmail_time":"2018-07-14T11:51:54-07:00","solar_system_id":30002393,"victim":{"character_id":366034561,"corporation_id":98457925,"damage_taken":571,"position":{"x":1.909583448372988e+11,"y":-2.6953113579521683e+10,"z":4.017442033595236e+12},"ship_type_id":11129}}