{"attackers":[{"alliance_id":386292982,"character_id":94182781,"corporation_id":1698858600,"damage_done":458,"final_blow":true,"security_status":-0.1,"ship_type_id":22456,"weapon_type_id":2881},{"alliance_id":99006371,"character_id":1926728995,"corporation_id":98022235,"security_status":5,"ship_type_id":17928,"weapon_type_id":5403},{"alliance_id":386292982,"character_id":92222810,"corporation_id":1698858600,"security_status":-1.5,"ship_type_id":17928,"weapon_type_id":17559}],"killmail_id":71242578,"killmail_time":"2018-07-14T09:09:43-07:00","solar_system_id":30001158,"victim":{"alliance_id":131511956,"character_id":96771415,"corporation_id":98526109,"damage_taken":458,"position":{"x":1.1001973539871018e+12,"y":-5.258637031604185e+10,"z":-1.94928683568215e+12},"ship_type_id":670}}