{"attackers":[{"alliance_id":99004901,"character_id":1530871424,"corporation_id":98121464,"damage_done":461,"final_blow":true,"security_status":-2.1,"ship_type_id":22456,"weapon_type_id":2873},{"alliance_id":1220922756,"character_id":786405358,"corporation_id":98032504,"security_status":5,"ship_type_id":17720,"weapon_type_id":3244}],"killmail_id":71245986,"killmail_time":"2018-07-14T12:07:59-07:00","solar_system_id":30000857,"victim":{"alliance_id":1548582972,"character_id":92231073,"corporation_id":98406548,"damage_taken":461,"position":{"x":-5.111299347070907e+12,"y":-1.1279851857667263e+12,"z":-9.644407511811672e+11},"ship_type_id":670}}