{"attackers":[{"alliance_id":99000814,"character_id":90223647,"corporation_id":98452018,"damage_done":458,"final_blow":true,"security_status":-10,"ship_type_id":24688,"weapon_type_id":3989}],"killmail_id":71243747,"killmail_time":"2018-07-14T10:11:34-07:00","solar_system_id":30002393,"victim":{"character_id":94240738,"corporation_id":1000009,"damage_taken":458,"position":{"x":1.9095834785376135e+11,"y":-2.6953113190573406e+10,"z":4.0174420326142393e+12},"ship_type_id":670}}