{"attackers":[{"alliance_id":99000906,"character_id":93938773,"corporation_id":136013879,"damage_done":642,"final_blow":true,"security_status":-3.9,"ship_type_id":11400,"weapon_type_id":2817}],"killmail_id":71243230,"killmail_time":"2018-07-14T09:48:31-07:00","solar_system_id":30005328,"victim":{"character_id":95603276,"corporation_id":1000080,"damage_taken":642,"items":[{"flag":27,"item_type_id":3638,"quantity_dropped":1},{"flag":19,"item_type_id":21857,"quantity_destroyed":1},{"flag":5,"item_type_id":16273,"quantity_dropped":37},{"flag":28,"item_type_id":21096,"quantity_destroyed":1}],"position":{"x":6.837407870649454e+11,"y":-2.185753389566155e+11,"z":-4.857071316927009e+10},"ship_type_id":606}}