{"attackers":[{"alliance_id":99002775,"character_id":2113055096,"corporation_id":98140648,"damage_done":453,"final_blow":true,"security_status":-10,"ship_type_id":16240,"weapon_type_id":7293}],"killmail_id":71244642,"killmail_time":"2018-07-14T11:02:57-07:00","solar_system_id":30000144,"victim":{"alliance_id":99008040,"character_id":2112252549,"corporation_id":98257221,"damage_taken":453,"position":{"x":6.606017686209203e+11,"y":4.469231388886928e+10,"z":2.1129676721979707e+12},"ship_type_id":670}}