{"attackers":[{"alliance_id":99006625,"character_id":96582714,"corporation_id":98401847,"damage_done":535,"faction_id":500004,"final_blow":true,"security_status":-9.7,"ship_type_id":644,"weapon_type_id":3995}],"killmail_id":71243048,"killmail_time":"2018-07-14T09:36:20-07:00","solar_system_id":30002813,"victim":{"character_id":2113404247,"corporation_id":1000167,"damage_taken":535,"items":[{"flag":5,"item_type_id":31009,"quantity_destroyed":1}],"position":{"x":4.386820538525622e+12,"y":1.0995748414284941e+12,"z":4.26254375133741e+11},"ship_type_id":672}}