{"attackers":[{"character_id":1292964949,"corporation_id":1000009,"damage_done":432,"final_blow":true,"security_status":-0.2,"ship_type_id":17930,"weapon_type_id":2205}],"killmail_id":71243911,"killmail_time":"2018-07-14T10:20:28-07:00","solar_system_id":30002440,"victim":{"alliance_id":99005338,"character_id":2112451723,"corporation_id":98388312,"damage_taken":432,"position":{"x":-5.084244637932464e+12,"y":-6.04672450273478e+11,"z":-2.895269674464736e+12},"ship_type_id":670}}