{"attackers":[{"alliance_id":99000814,"character_id":752096857,"corporation_id":98452018,"damage_done":421,"final_blow":true,"security_status":-10,"ship_type_id":627,"weapon_type_id":3130}],"killmail_id":71242471,"killmail_time":"2018-07-14T09:05:57-07:00","solar_system_id":30000163,"victim":{"character_id":2114174866,"corporation_id":98551036,"damage_taken":421,"position":{"x":-1.693262941417891e+11,"y":-2.0200248098503118e+09,"z":-1.1008610262220314e+11},"ship_type_id":670}}