{"attackers":[{"alliance_id":1220922756,"character_id":791453481,"corporation_id":98032504,"damage_done":461,"final_blow":true,"security_status":4.8,"ship_type_id":17720,"weapon_type_id":2969},{"alliance_id":1220922756,"character_id":786405358,"corporation_id":98032504,"security_status":5,"ship_type_id":17720,"weapon_type_id":3244},{"alliance_id":99004901,"character_id":1530871424,"corporation_id":98121464,"security_status":-2.1,"ship_type_id":22456,"weapon_type_id":22778}],"killmail_id":71245261,"killmail_time":"2018-07-14T11:36:25-07:00","solar_system_id":30003678,"victim":{"alliance_id":99005338,"character_id":94289332,"corporation_id":98388312,"damage_taken":461,"items":[{"flag":89,"item_type_id":27127,"quantity_destroyed":1}],"position":{"x":5.604971702041704e+12,"y":1.0511910930402085e+12,"z":1.8138769845611165e+12},"ship_type_id":670}}