{"attackers":[{"alliance_id":99006750,"character_id":434436519,"corporation_id":98088416,"damage_done":446,"final_blow":true,"security_status":5,"ship_type_id":12017,"weapon_type_id":3512}],"killmail_id":71245114,"killmail_time":"2018-07-14T11:30:54-07:00","solar_system_id":31000525,"victim":{"character_id":96489780,"corporation_id":98544741,"damage_taken":446,"position":{"x":-2.0936112723174127e+11,"y":3.1574872786581006e+11,"z":-6.323332401970129e+10},"ship_type_id":11134}}