{"attackers":[{"alliance_id":99002938,"character_id":660482718,"corporation_id":98019139,"damage_done":14758,"final_blow":true,"security_status":5,"ship_type_id":12038,"weapon_type_id":27339}],"killmail_id":71244428,"killmail_time":"2018-07-14T10:49:26-07:00","solar_system_id":30002906,"victim":{"character_id":96801043,"corporation_id":98506991,"damage_taken":14758,"faction_id":500002,"position":{"x":-1.5720624016945825e+12,"y":1.066323744294385e+12,"z":-2.5500707070440317e+12},"ship_type_id":12198}}