{"attackers":[{"character_id":94682404,"corporation_id":98535994,"damage_done":562,"final_blow":true,"security_status":4.4,"ship_type_id":28606,"weapon_type_id":2466}],"killmail_id":71244671,"killmail_time":"2018-07-14T11:05:58-07:00","solar_system_id":30002771,"victim":{"character_id":2112867460,"corporation_id":98565630,"damage_taken":562,"items":[{"flag":19,"item_type_id":21857,"quantity_destroyed":1},{"flag":27,"item_type_id":3636,"quantity_destroyed":1},{"flag":28,"item_type_id":3651,"quantity_dropped":1}],"position":{"x":-2.0143745293649963e+10,"y":-5.3081492423600936e+08,"z":8.086317430051428e+11},"ship_type_id":588}}