{"attackers":[{"alliance_id":99003581,"character_id":93349149,"corporation_id":98049623,"damage_done":461,"final_blow":true,"security_status":-7,"ship_type_id":29990,"weapon_type_id":2913},{"alliance_id":1683694957,"character_id":91315200,"corporation_id":98088885,"security_status":-9.9,"ship_type_id":12013,"weapon_type_id":4248}],"killmail_id":71242054,"killmail_time":"2018-07-14T08:47:52-07:00","solar_system_id":30003467,"victim":{"character_id":897535886,"corporation_id":1000014,"damage_taken":461,"position":{"x":2.737202508077268e+12,"y":1.6333736401853564e+11,"z":-1.2739735174714956e+12},"ship_type_id":670}}