{"attackers":[{"alliance_id":99007552,"character_id":965009084,"corporation_id":98489268,"damage_done":461,"final_blow":true,"security_status":-10,"ship_type_id":29988,"weapon_type_id":14692}],"killmail_id":71246057,"killmail_time":"2018-07-14T12:09:14-07:00","solar_system_id":30002813,"victim":{"alliance_id":99004901,"character_id":93725415,"corporation_id":1080186229,"damage_taken":461,"position":{"x":1.4018852340649807e+12,"y":-2.6920168619637836e+10,"z":-1.976132739306997e+11},"ship_type_id":670}}