{"attackers":[{"character_id":2112226823,"corporation_id":98506936,"damage_done":180,"final_blow":true,"security_status":-0.8,"ship_type_id":17703,"weapon_type_id":6719},{"character_id":95502409,"corporation_id":98267990,"damage_done":127,"security_status":0.2,"ship_type_id":11178,"weapon_type_id":11178},{"alliance_id":99008232,"character_id":97123912,"corporation_id":98415975,"damage_done":105,"security_status":-3.6,"ship_type_id":597,"weapon_type_id":597}],"killmail_id":71246322,"killmail_time":"2018-07-14T12:18:14-07:00","solar_system_id":30002813,"victim":{"character_id":2114281846,"corporation_id":1000180,"damage_taken":412,"faction_id":500001,"position":{"x":4.3868205641395244e+12,"y":1.099574855096848e+12,"z":4.262543882309421e+11},"ship_type_id":670}}