{"attackers":[{"character_id":1737435198,"corporation_id":538004967,"damage_done":435,"final_blow":true,"security_status":-10,"ship_type_id":12011,"weapon_type_id":3082}],"killmail_id":71244553,"killmail_time":"2018-07-14T10:57:16-07:00","solar_system_id":30002719,"victim":{"character_id":2113942821,"corporation_id":98559998,"damage_taken":435,"position":{"x":1.8865851241723403e+12,"y":-2.4349889691834204e+11,"z":-2.231925340905111e+12},"ship_type_id":670}}