{"attackers":[{"alliance_id":99007160,"character_id":91172071,"corporation_id":98468321,"damage_done":429,"final_blow":true,"security_status":-0.7,"ship_type_id":3756,"weapon_type_id":3146}],"killmail_id":71244168,"killmail_time":"2018-07-14T10:35:59-07:00","solar_system_id":30002765,"victim":{"character_id":95261153,"corporation_id":98038363,"damage_taken":429,"position":{"x":1.397566225226593e+12,"y":1.6598449690101743e+12,"z":1.2501724061250105e+12},"ship_type_id":670},"war_id":607401}