{"attackers":[{"alliance_id":99005333,"character_id":2112992216,"corporation_id":98322690,"damage_done":461,"faction_id":500001,"final_blow":true,"security_status":-2.5,"ship_type_id":47466,"weapon_type_id":9491},{"character_id":91638913,"corporation_id":98380939,"security_status":-0.2,"ship_type_id":11174,"weapon_type_id":14242},{"character_id":2112445477,"corporation_id":1000115,"security_status":0.4,"ship_type_id":605,"weapon_type_id":5439}],"killmail_id":71243044,"killmail_time":"2018-07-14T09:35:59-07:00","solar_system_id":30000142,"victim":{"alliance_id":99006113,"character_id":94543241,"corporation_id":98323701,"damage_taken":461,"position":{"x":-1.0730336321631464e+11,"y":-1.8744971029101234e+10,"z":4.364890645109888e+11},"ship_type_id":670}}