{"attackers":[{"character_id":95835700,"corporation_id":98566752,"damage_done":424,"final_blow":true,"security_status":-10,"ship_type_id":17738,"weapon_type_id":14206}],"killmail_id":71244681,"killmail_time":"2018-07-14T11:06:26-07:00","solar_system_id":30002691,"victim":{"character_id":2113755966,"corporation_id":1000181,"damage_taken":424,"faction_id":500004,"position":{"x":-6.050010288166947e+11,"y":3.3192518746088438e+12,"z":1.887062134904652e+12},"ship_type_id":670}}