{"attackers":[{"alliance_id":99001383,"character_id":985117485,"corporation_id":98490314,"damage_done":461,"final_blow":true,"security_status":5,"ship_type_id":3756,"weapon_type_id":27387}],"killmail_id":71242432,"killmail_time":"2018-07-14T09:04:33-07:00","solar_system_id":30004636,"victim":{"alliance_id":99006384,"character_id":92170699,"corporation_id":98114472,"damage_taken":461,"position":{"x":2.588911334774623e+12,"y":3.8294973844874365e+11,"z":8.582758217311194e+11},"ship_type_id":670}}