{"attackers":[{"alliance_id":99006750,"character_id":434436519,"corporation_id":98088416,"damage_done":372,"final_blow":true,"security_status":5,"ship_type_id":12017,"weapon_type_id":3512},{"alliance_id":99005242,"character_id":96130269,"corporation_id":1856883060,"damage_done":86,"security_status":3.7,"ship_type_id":12005,"weapon_type_id":12005}],"killmail_id":71244827,"killmail_time":"2018-07-14T11:15:20-07:00","solar_system_id":31000525,"victim":{"character_id":200939368,"corporation_id":98554642,"damage_taken":458,"position":{"x":-2.0936102321900836e+11,"y":3.1574850364128174e+11,"z":-6.3233165918912766e+10},"ship_type_id":670}}