{"attackers":[{"corporation_id":1000125,"damage_done":660,"final_blow":true,"ship_type_id":3885}],"killmail_id":71242156,"killmail_time":"2018-07-14T08:52:44-07:00","solar_system_id":30001387,"victim":{"alliance_id":99002775,"character_id":2113962206,"corporation_id":98155447,"damage_taken":660,"items":[{"flag":5,"item_type_id":34,"quantity_destroyed":1},{"flag":27,"item_type_id":3638,"quantity_destroyed":1},{"flag":19,"item_type_id":21857,"quantity_dropped":1},{"flag":28,"item_type_id":3651,"quantity_dropped":1}],"position":{"x":-6.114139002363238e+09,"y":-1.2043435438434343e+09,"z":1.2982999798846533e+11},"ship_type_id":606}}