{"attackers":[{"character_id":96206533,"corporation_id":98210887,"damage_done":604,"final_blow":true,"security_status":-8.2,"ship_type_id":593,"weapon_type_id":2205}],"killmail_id":71244734,"killmail_time":"2018-07-14T11:10:08-07:00","solar_system_id":30003787,"victim":{"character_id":2112678501,"corporation_id":98479683,"damage_taken":604,"items":[{"flag":27,"item_type_id":21096,"quantity_destroyed":1},{"flag":5,"item_type_id":16273,"quantity_dropped":12}],"position":{"x":1.0499350963276357e+11,"y":-4.4379259714823265e+09,"z":-1.0876176946806297e+11},"ship_type_id":601}}