{"attackers":[{"character_id":583836191,"corporation_id":270559786,"damage_done":628,"final_blow":true,"security_status":0.1,"ship_type_id":11176,"weapon_type_id":27361}],"killmail_id":71244095,"killmail_time":"2018-07-14T10:31:38-07:00","solar_system_id":30002076,"victim":{"alliance_id":99006534,"character_id":440776503,"corporation_id":98428919,"damage_taken":628,"items":[{"flag":5,"item_type_id":34,"quantity_dropped":1},{"flag":27,"item_type_id":3638,"quantity_dropped":1},{"flag":19,"item_type_id":21857,"quantity_dropped":1},{"flag":28,"item_type_id":3651,"quantity_destroyed":1}],"position":{"x":-1.424599990144767e+11,"y":1.1590056119368979e+10,"z":1.5421341452208696e+12},"ship_type_id":601}}