{"attackers":[{"alliance_id":99005382,"character_id":161684017,"corporation_id":98057065,"damage_done":458,"final_blow":true,"security_status":-1.7,"ship_type_id":29990,"weapon_type_id":2969}],"killmail_id":71245546,"killmail_time":"2018-07-14T11:49:01-07:00","solar_system_id":30000142,"victim":{"alliance_id":1354830081,"character_id":2113345879,"corporation_id":1297657426,"damage_taken":458,"position":{"x":-1.0730336404538503e+11,"y":-1.874497162494314e+10,"z":4.364890660739915e+11},"ship_type_id":670},"war_id":596506}