{"attackers":[{"alliance_id":1727758877,"character_id":90008779,"corporation_id":98064765,"damage_done":257,"final_blow":true,"security_status":-4.8,"ship_type_id":22428,"weapon_type_id":15963},{"alliance_id":1727758877,"character_id":1003092893,"corporation_id":1070320653,"damage_done":187,"security_status":1.6,"ship_type_id":22428,"weapon_type_id":22428}],"killmail_id":71243448,"killmail_time":"2018-07-14T09:55:58-07:00","solar_system_id":30004042,"victim":{"character_id":91711844,"corporation_id":1000014,"damage_taken":444,"position":{"x":2.3766546638378735e+12,"y":2.225774226801211e+12,"z":8.814142979321426e+12},"ship_type_id":670}}