{"attackers":[{"alliance_id":99007552,"character_id":94460974,"corporation_id":98489268,"damage_done":435,"final_blow":true,"security_status":-10,"ship_type_id":29988,"weapon_type_id":15939}],"killmail_id":71244443,"killmail_time":"2018-07-14T10:50:13-07:00","solar_system_id":30002813,"victim":{"character_id":95855401,"corporation_id":98564529,"damage_taken":435,"position":{"x":1.4018852376264292e+12,"y":-2.692017181838464e+10,"z":-1.9761327457765598e+11},"ship_type_id":670}}