{"attackers":[{"character_id":2112591247,"corporation_id":98470839,"damage_done":21964,"security_status":5,"ship_type_id":29984,"weapon_type_id":2679},{"character_id":96993644,"corporation_id":98470839,"damage_done":17910,"final_blow":true,"security_status":0.8,"ship_type_id":47466,"weapon_type_id":27395}],"killmail_id":71244895,"killmail_time":"2018-07-14T11:19:18-07:00","solar_system_id":31001345,"victim":{"alliance_id":99007916,"character_id":2112628724,"corporation_id":98201052,"damage_taken":39874,"position":{"x":8.598886654430382e+11,"y":7.882012206692358e+10,"z":8.766554061196172e+11},"ship_type_id":33475}}