{"attackers":[{"character_id":94646964,"corporation_id":98551200,"damage_done":11096,"final_blow":true,"security_status":-8.5,"ship_type_id":29340,"weapon_type_id":24497}],"killmail_id":71246191,"killmail_time":"2018-07-14T12:12:09-07:00","solar_system_id":30000995,"victim":{"alliance_id":99001407,"corporation_id":1406475932,"damage_taken":11096,"position":{"x":-8.211302499548906e+11,"y":3.33766823043819e+12,"z":-5.695809505827522e+12},"ship_type_id":12198}}