{"attackers":[{"alliance_id":99004364,"character_id":1987862349,"corporation_id":98423604,"damage_done":382,"final_blow":true,"security_status":0.4,"ship_type_id":17715,"weapon_type_id":2185}],"killmail_id":71242529,"killmail_time":"2018-07-14T09:08:15-07:00","solar_system_id":31000790,"victim":{"character_id":96819013,"corporation_id":98485933,"damage_taken":382,"position":{"x":5.024347235159145e+12,"y":3.2852278321922624e+08,"z":3.283264826751047e+12},"ship_type_id":11132}}