{"attackers":[{"alliance_id":99006975,"character_id":987911201,"corporation_id":1262577328,"damage_done":418,"final_blow":true,"security_status":-6.3,"ship_type_id":33816,"weapon_type_id":24497}],"killmail_id":71242098,"killmail_time":"2018-07-14T08:49:31-07:00","solar_system_id":30002635,"victim":{"character_id":2114291502,"corporation_id":1000168,"damage_taken":418,"position":{"x":-9.709623469330191e+10,"y":-7.849697650609435e+09,"z":3.7588639164868355e+10},"ship_type_id":670}}