{"attackers":[{"corporation_id":1000127,"damage_done":421,"final_blow":true,"ship_type_id":43614}],"killmail_id":71159286,"killmail_time":"2018-07-09T13:09:24-07:00","solar_system_id":30001417,"victim":{"character_id":2114227797,"corporation_id":98555007,"damage_taken":421,"items":[{"flag":89,"item_type_id":13286,"quantity_destroyed":1},{"flag":89,"item_type_id":13283,"quantity_destroyed":1}],"position":{"x":2.5042732715972534e+11,"y":4.487220975686136e+10,"z":-2.2158281452774667e+11},"ship_type_id":670}}