{"attackers":[{"character_id":94712335,"corporation_id":98263423,"damage_done":615,"final_blow":true,"security_status":-4.7,"ship_type_id":11393,"weapon_type_id":3033}],"killmail_id":71242601,"killmail_time":"2018-07-14T09:11:03-07:00","solar_system_id":30002906,"victim":{"alliance_id":99005955,"character_id":96033127,"corporation_id":98474191,"damage_taken":615,"items":[{"flag":27,"item_type_id":3638,"quantity_dropped":1},{"flag":19,"item_type_id":21857,"quantity_dropped":1},{"flag":5,"item_type_id":16273,"quantity_dropped":62},{"flag":28,"item_type_id":21096,"quantity_dropped":1}],"position":{"x":-1.575147920707751e+12,"y":1.7626116268939877e+11,"z":1.3668662239968958e+12},"ship_type_id":601}}