{"attackers":[{"damage_done":1189,"faction_id":500012,"final_blow":true,"ship_type_id":24140}],"killmail_id":71242988,"killmail_time":"2018-07-14T09:32:35-07:00","solar_system_id":30001005,"victim":{"alliance_id":99007498,"character_id":2112618788,"corporation_id":98221842,"damage_taken":1189,"items":[{"flag":19,"item_type_id":5971,"quantity_dropped":1},{"flag":20,"item_type_id":5399,"quantity_dropped":1}],"position":{"x":-1.6454162829636106e+12,"y":1.8832490614465352e+12,"z":1.35087390700588e+12},"ship_type_id":608}}