{"attackers":[{"character_id":1307353296,"corporation_id":1720097622,"damage_done":10004,"security_status":-1.4,"ship_type_id":11393,"weapon_type_id":11393},{"character_id":92171365,"corporation_id":1720097622,"damage_done":330,"final_blow":true,"security_status":4.9,"ship_type_id":11393,"weapon_type_id":3033}],"killmail_id":71243968,"killmail_time":"2018-07-14T10:24:07-07:00","solar_system_id":30003277,"victim":{"alliance_id":1900696668,"corporation_id":98465001,"damage_taken":10334,"position":{"x":-3.165104829910692e+12,"y":2.4750352063008157e+11,"z":-1.187705033753952e+12},"ship_type_id":12198}}