{"attackers":[{"corporation_id":1000288,"damage_done":454,"final_blow":true,"ship_type_id":48262}],"killmail_id":71244758,"killmail_time":"2018-07-14T11:12:25-07:00","solar_system_id":32000102,"victim":{"alliance_id":448511760,"character_id":1199578003,"corporation_id":145796588,"damage_taken":454,"items":[{"flag":89,"item_type_id":13259,"quantity_destroyed":1},{"flag":89,"item_type_id":13261,"quantity_destroyed":1}],"position":{"x":-1.4959788686610428e+13,"y":-1.4959788685512826e+13,"z":-1.495978865182008e+13},"ship_type_id":670}}