{"attackers":[{"alliance_id":99005382,"character_id":248872589,"corporation_id":98557686,"damage_done":446,"final_blow":true,"security_status":-0.8,"ship_type_id":29990,"weapon_type_id":2969}],"killmail_id":71242523,"killmail_time":"2018-07-14T09:08:11-07:00","solar_system_id":31000790,"victim":{"character_id":96819013,"corporation_id":98485933,"damage_taken":446,"position":{"x":5.024347233454768e+12,"y":3.2852278322113526e+08,"z":3.2832648267795312e+12},"ship_type_id":11132}}