{"attackers":[{"alliance_id":1727758877,"character_id":1802602137,"corporation_id":1070320653,"damage_done":431,"final_blow":true,"security_status":-1.8,"ship_type_id":22440,"weapon_type_id":15963}],"killmail_id":71243416,"killmail_time":"2018-07-14T09:54:57-07:00","solar_system_id":30004042,"victim":{"alliance_id":1354830081,"character_id":2114083102,"corporation_id":98529628,"damage_taken":431,"position":{"x":2.376654650095572e+12,"y":2.2257742238777314e+12,"z":8.814142962132217e+12},"ship_type_id":670}}