{"attackers":[{"character_id":95971676,"corporation_id":98467417,"damage_done":597,"faction_id":500002,"final_blow":true,"security_status":-1.7,"ship_type_id":34317,"weapon_type_id":3033}],"killmail_id":71246199,"killmail_time":"2018-07-14T12:12:26-07:00","solar_system_id":30002187,"victim":{"character_id":2114292311,"corporation_id":1000179,"damage_taken":597,"faction_id":500003,"items":[{"flag":5,"item_type_id":34,"quantity_destroyed":1},{"flag":19,"item_type_id":21857,"quantity_destroyed":1},{"flag":27,"item_type_id":3634,"quantity_dropped":1},{"flag":28,"item_type_id":3651,"quantity_destroyed":1}],"position":{"x":-5.1858393153808124e+11,"y":3.025662491628609e+10,"z":1.0428956842243129e+12},"ship_type_id":596}}