{"attackers":[{"character_id":2112320814,"corporation_id":98467417,"damage_done":431,"faction_id":500002,"final_blow":true,"ship_type_id":3756,"weapon_type_id":3025}],"killmail_id":71244368,"killmail_time":"2018-07-14T10:45:59-07:00","solar_system_id":30002187,"victim":{"character_id":2112295423,"corporation_id":1000179,"damage_taken":431,"faction_id":500003,"position":{"x":-5.185839526485463e+11,"y":3.0256596903646614e+10,"z":1.0428957080004849e+12},"ship_type_id":670}}