{"attackers":[{"alliance_id":99008228,"character_id":95564988,"corporation_id":98491817,"damage_done":392,"security_status":5,"weapon_type_id":27321},{"alliance_id":99008228,"character_id":2112365215,"corporation_id":98491817,"damage_done":57,"final_blow":true,"security_status":5.1,"ship_type_id":29990,"weapon_type_id":27447},{"alliance_id":99008228,"character_id":95107646,"corporation_id":98424680,"security_status":5,"weapon_type_id":3033}],"killmail_id":71242812,"killmail_time":"2018-07-14T09:20:36-07:00","solar_system_id":30005171,"victim":{"alliance_id":99007451,"character_id":2112393255,"corporation_id":98382088,"damage_taken":449,"position":{"x":2.0735103912527058e+12,"y":-1.011274040790418e+11,"z":1.9729107671243586e+12},"ship_type_id":670}}