{"attackers":[{"alliance_id":99004901,"character_id":2113631510,"corporation_id":215297637,"damage_done":442,"final_blow":true,"security_status":-10,"ship_type_id":33816,"weapon_type_id":27371}],"killmail_id":71242918,"killmail_time":"2018-07-14T09:27:50-07:00","solar_system_id":30045353,"victim":{"character_id":2113672668,"corporation_id":1000181,"damage_taken":442,"faction_id":500004,"position":{"x":-2.90779514973361e+10,"y":1.7497280053716755e+12,"z":-2.0355821445862643e+11},"ship_type_id":670}}