{"attackers":[{"alliance_id":99007599,"character_id":91931185,"corporation_id":98191559,"damage_done":463,"final_blow":true,"security_status":-0.9,"ship_type_id":17841,"weapon_type_id":2488},{"alliance_id":99008244,"character_id":91906104,"corporation_id":98561441,"security_status":-1.9,"ship_type_id":11186,"weapon_type_id":3244}],"killmail_id":71243780,"killmail_time":"2018-07-14T10:13:23-07:00","solar_system_id":30045344,"victim":{"alliance_id":937872513,"character_id":94048796,"corporation_id":917701062,"damage_taken":463,"position":{"x":-1.87882556317179e+11,"y":3.1870156755645187e+10,"z":-3.9633418013451654e+11},"ship_type_id":670}}