{"attackers":[{"alliance_id":99004364,"character_id":94914644,"corporation_id":98423604,"damage_done":218,"final_blow":true,"security_status":-0.5,"ship_type_id":29990,"weapon_type_id":2969},{"character_id":2113819944,"corporation_id":98090476,"damage_done":139,"security_status":-1.2,"ship_type_id":17918,"weapon_type_id":27441},{"alliance_id":99004364,"character_id":90545323,"corporation_id":98380820,"damage_done":57,"security_status":0.9,"ship_type_id":11978,"weapon_type_id":2488}],"killmail_id":71242546,"killmail_time":"2018-07-14T09:08:35-07:00","solar_system_id":31000790,"victim":{"character_id":96819013,"corporation_id":98485933,"damage_taken":414,"position":{"x":5.024347233422721e+12,"y":3.285210915848465e+08,"z":3.283264826811571e+12},"ship_type_id":11132}}