{"attackers":[{"damage_done":1155,"faction_id":500003,"final_blow":true,"ship_type_id":11081}],"killmail_id":71241841,"killmail_time":"2018-07-14T08:35:18-07:00","solar_system_id":30013489,"victim":{"character_id":2114280576,"corporation_id":98090745,"damage_taken":1155,"position":{"x":-4.144614597506463e+11,"y":2.730059393499064e+11,"z":-1.667589744730315e+11},"ship_type_id":589}}