{"attackers":[{"alliance_id":99007488,"character_id":91680889,"corporation_id":98522157,"damage_done":451,"final_blow":true,"security_status":3.8,"ship_type_id":22464,"weapon_type_id":27361},{"alliance_id":99007488,"character_id":94438955,"corporation_id":98522157,"security_status":3.2,"ship_type_id":33468,"weapon_type_id":4027}],"killmail_id":71245713,"killmail_time":"2018-07-14T11:57:54-07:00","solar_system_id":31002312,"victim":{"alliance_id":99008424,"character_id":96829128,"corporation_id":98504902,"damage_taken":451,"position":{"x":-7.602949329602106e+11,"y":-4.2219503146370735e+10,"z":2.4870518581370593e+11},"ship_type_id":670}}