{"attackers":[{"alliance_id":1789460651,"character_id":96756372,"corporation_id":98478278,"damage_done":463,"final_blow":true,"security_status":5,"ship_type_id":16240,"weapon_type_id":10680}],"killmail_id":71246187,"killmail_time":"2018-07-14T12:12:07-07:00","solar_system_id":30003707,"victim":{"alliance_id":173714703,"character_id":95261666,"corporation_id":98524274,"damage_taken":463,"items":[{"flag":89,"item_type_id":27143,"quantity_destroyed":1}],"position":{"x":1.2840949237015549e+11,"y":-2.1827554786522552e+10,"z":-1.9472217614832653e+10},"ship_type_id":670}}