{"attackers":[{"alliance_id":99005381,"character_id":2113261064,"corporation_id":98452319,"damage_done":425,"final_blow":true,"security_status":-9.8,"ship_type_id":17922,"weapon_type_id":3520}],"killmail_id":71242821,"killmail_time":"2018-07-14T09:21:00-07:00","solar_system_id":30001398,"victim":{"character_id":96107902,"corporation_id":98224234,"damage_taken":425,"position":{"x":1.7220694463971152e+12,"y":-6.124793957971008e+10,"z":6.987756944091445e+11},"ship_type_id":670}}