{"attackers":[{"alliance_id":1727758877,"character_id":215277464,"corporation_id":1070320653,"damage_done":396,"security_status":0.4,"ship_type_id":22428,"weapon_type_id":22428},{"alliance_id":1727758877,"character_id":1098416860,"corporation_id":1070320653,"damage_done":64,"final_blow":true,"security_status":-2.1,"ship_type_id":22428,"weapon_type_id":15963},{"alliance_id":1727758877,"character_id":1802602137,"corporation_id":1070320653,"security_status":-1.8,"ship_type_id":22440,"weapon_type_id":2117}],"killmail_id":71243450,"killmail_time":"2018-07-14T09:55:59-07:00","solar_system_id":30004042,"victim":{"alliance_id":1727758877,"character_id":1517546948,"corporation_id":1594479347,"damage_taken":460,"position":{"x":2.3766546609805786e+12,"y":2.225774221643721e+12,"z":8.814142970050127e+12},"ship_type_id":670}}