{"attackers":[{"character_id":96037912,"corporation_id":98438116,"damage_done":458,"final_blow":true,"security_status":4.6,"ship_type_id":16242,"weapon_type_id":8863},{"character_id":911443271,"corporation_id":1000080,"ship_type_id":4302,"weapon_type_id":7171}],"killmail_id":71242267,"killmail_time":"2018-07-14T08:56:59-07:00","solar_system_id":30000142,"victim":{"character_id":2113061280,"corporation_id":1000168,"damage_taken":458,"position":{"x":-1.0730336291918661e+11,"y":-1.8744971603988132e+10,"z":4.3648906941097314e+11},"ship_type_id":670}}