{"attackers":[{"alliance_id":99006884,"character_id":93669013,"corporation_id":98475638,"damage_done":450,"final_blow":true,"security_status":-7.1,"ship_type_id":37454,"weapon_type_id":24473}],"killmail_id":71244045,"killmail_time":"2018-07-14T10:28:19-07:00","solar_system_id":30045345,"victim":{"character_id":1761304564,"corporation_id":1000180,"damage_taken":450,"faction_id":500001,"position":{"x":-4.1347840398985144e+11,"y":-1.1721787404711214e+10,"z":-2.0278148494305927e+10},"ship_type_id":670}}