{"attackers":[{"character_id":1292964949,"corporation_id":1000009,"damage_done":518,"final_blow":true,"security_status":-0.2,"ship_type_id":17930,"weapon_type_id":27361}],"killmail_id":71243843,"killmail_time":"2018-07-14T10:16:16-07:00","solar_system_id":30002440,"victim":{"character_id":2113934635,"corporation_id":98259630,"damage_taken":518,"position":{"x":-5.08424465072986e+12,"y":-6.04672439266329e+11,"z":-2.895269712709852e+12},"ship_type_id":672}}