{"attackers":[{"alliance_id":1354830081,"character_id":712963003,"corporation_id":98008630,"damage_done":461,"final_blow":true,"security_status":4.1,"ship_type_id":29984,"weapon_type_id":3082},{"alliance_id":1354830081,"character_id":95222359,"corporation_id":98008630,"security_status":4.8,"ship_type_id":12038,"weapon_type_id":8117}],"killmail_id":71243497,"killmail_time":"2018-07-14T09:57:54-07:00","solar_system_id":30003680,"victim":{"alliance_id":99007362,"character_id":2113343950,"corporation_id":98524939,"damage_taken":461,"position":{"x":-5.785287633958663e+12,"y":-1.6733540761957846e+11,"z":-2.677309572804756e+12},"ship_type_id":670}}