{"attackers":[{"alliance_id":99007880,"character_id":2114155222,"corporation_id":98535092,"damage_done":461,"faction_id":500002,"final_blow":true,"security_status":-1,"ship_type_id":17720,"weapon_type_id":2913},{"character_id":2112468056,"corporation_id":1000182,"faction_id":500002,"security_status":-0.2,"ship_type_id":29336,"weapon_type_id":5405}],"killmail_id":71244200,"killmail_time":"2018-07-14T10:37:32-07:00","solar_system_id":30002906,"victim":{"alliance_id":99002938,"character_id":512325702,"corporation_id":98432529,"damage_taken":461,"position":{"x":-1.5720644125220884e+12,"y":1.0663234972247738e+12,"z":-2.5500720873866035e+12},"ship_type_id":670}}