{"attackers":[{"character_id":96131124,"corporation_id":98528016,"damage_done":450,"final_blow":true,"security_status":3.9,"ship_type_id":17718,"weapon_type_id":3520}],"killmail_id":69644018,"killmail_time":"2018-04-28T15:38:19-07:00","solar_system_id":30002961,"victim":{"character_id":95505425,"corporation_id":1000179,"damage_taken":450,"faction_id":500003,"position":{"x":-3.5094252663514585e+12,"y":-5.331261844670416e+11,"z":-5.557990224371129e+11},"ship_type_id":670}}