{"attackers":[{"alliance_id":99007545,"character_id":2009709815,"corporation_id":484525146,"damage_done":418,"final_blow":true,"security_status":-10,"ship_type_id":12017,"weapon_type_id":3520}],"killmail_id":71244991,"killmail_time":"2018-07-14T11:25:35-07:00","solar_system_id":30002393,"victim":{"alliance_id":99006709,"character_id":2113337156,"corporation_id":98451662,"damage_taken":418,"position":{"x":1.909583445987603e+11,"y":-2.6953101761911484e+10,"z":4.0174420308759917e+12},"ship_type_id":670}}