{"attackers":[{"alliance_id":99003214,"character_id":94089523,"corporation_id":98169165,"damage_done":293,"security_status":5,"ship_type_id":11393,"weapon_type_id":11393},{"alliance_id":99003214,"character_id":1356666412,"corporation_id":98169165,"damage_done":128,"final_blow":true,"security_status":5,"ship_type_id":34317,"weapon_type_id":3033},{"alliance_id":99003214,"character_id":822515395,"corporation_id":98276273,"security_status":-9.4,"ship_type_id":29990,"weapon_type_id":31944}],"killmail_id":71243983,"killmail_time":"2018-07-14T10:24:54-07:00","solar_system_id":30001198,"victim":{"alliance_id":99007753,"character_id":2114205198,"corporation_id":98523511,"damage_taken":421,"position":{"x":-8.525696401779182e+10,"y":3.6291943253899917e+12,"z":2.1986873006640552e+12},"ship_type_id":670}}