{"attackers":[{"alliance_id":498125261,"character_id":95178854,"corporation_id":98526346,"damage_done":465,"final_blow":true,"security_status":5,"ship_type_id":11971,"weapon_type_id":2456}],"killmail_id":71242683,"killmail_time":"2018-07-14T09:14:38-07:00","solar_system_id":30002144,"victim":{"alliance_id":99008259,"character_id":96805143,"corporation_id":98499501,"damage_taken":465,"position":{"x":-2.720766348227472e+10,"y":-4.584541992863009e+09,"z":-5.82550304692514e+12},"ship_type_id":670}}