{"attackers":[{"alliance_id":1900696668,"character_id":753471959,"corporation_id":680022174,"damage_done":284,"security_status":-3.4,"ship_type_id":11176,"weapon_type_id":27381},{"alliance_id":499005583,"character_id":91076097,"corporation_id":98453159,"damage_done":165,"final_blow":true,"security_status":-3.4,"ship_type_id":33816,"weapon_type_id":24499}],"killmail_id":71245753,"killmail_time":"2018-07-14T11:59:48-07:00","solar_system_id":30003691,"victim":{"alliance_id":99007916,"character_id":2112772389,"corporation_id":98556313,"damage_taken":449,"position":{"x":-4.952306892821148e+12,"y":3.351374300481928e+11,"z":-6.80452022327487e+12},"ship_type_id":670}}