{"attackers":[{"alliance_id":99007044,"character_id":91565228,"corporation_id":98529826,"damage_done":442,"final_blow":true,"security_status":0.8,"ship_type_id":22440,"weapon_type_id":15963}],"killmail_id":71243415,"killmail_time":"2018-07-14T09:54:57-07:00","solar_system_id":30004042,"victim":{"alliance_id":1354830081,"character_id":96248495,"corporation_id":98176563,"damage_taken":442,"position":{"x":2.3766546508163354e+12,"y":2.225774224218898e+12,"z":8.814142964603334e+12},"ship_type_id":670}}