{"attackers":[{"alliance_id":99005242,"character_id":2112976442,"corporation_id":1856883060,"damage_done":851,"final_blow":true,"security_status":4.9,"ship_type_id":16233,"weapon_type_id":31880}],"killmail_id":71245316,"killmail_time":"2018-07-14T11:38:20-07:00","solar_system_id":31000525,"victim":{"alliance_id":1220922756,"character_id":90144456,"corporation_id":98044804,"damage_taken":851,"position":{"x":-2.0936120772049435e+11,"y":3.1574836833929236e+11,"z":-6.323337706985709e+10},"ship_type_id":29248}}