{"attackers":[{"character_id":685998643,"corporation_id":98458646,"damage_done":458,"final_blow":true,"security_status":-10,"ship_type_id":3756,"weapon_type_id":3082}],"killmail_id":71244337,"killmail_time":"2018-07-14T10:44:31-07:00","solar_system_id":30005268,"victim":{"alliance_id":99007849,"character_id":1143646554,"corporation_id":98562004,"damage_taken":458,"items":[{"flag":89,"item_type_id":13286,"quantity_destroyed":1},{"flag":89,"item_type_id":13284,"quantity_destroyed":1}],"position":{"x":1.332160401554813e+12,"y":-2.2463484699018134e+11,"z":9.800684300218766e+12},"ship_type_id":670}}