{"attackers":[{"alliance_id":99005381,"character_id":680103154,"corporation_id":98452319,"damage_done":535,"final_blow":true,"security_status":-10,"ship_type_id":24688,"weapon_type_id":9678}],"killmail_id":70369258,"killmail_time":"2018-06-03T07:26:20-07:00","solar_system_id":30001398,"victim":{"alliance_id":99007232,"character_id":97052371,"corporation_id":98474520,"damage_taken":535,"items":[{"flag":5,"item_type_id":17463,"quantity_destroyed":50},{"flag":5,"item_type_id":17470,"quantity_dropped":25}],"position":{"x":-1.8828935513093696e+12,"y":2.548334461479472e+12,"z":3.3762133911434453e+12},"ship_type_id":11129}}