{"attackers":[{"alliance_id":99005381,"character_id":95707054,"corporation_id":98452319,"damage_done":223,"security_status":-10,"ship_type_id":24688,"weapon_type_id":24688},{"alliance_id":99005381,"character_id":680103154,"corporation_id":98452319,"damage_done":193,"final_blow":true,"security_status":-10,"ship_type_id":24688,"weapon_type_id":9678}],"killmail_id":70589393,"killmail_time":"2018-06-13T07:44:32-07:00","solar_system_id":30001398,"victim":{"character_id":2114183396,"corporation_id":98146735,"damage_taken":416,"position":{"x":-1.8828935550436187e+12,"y":2.5483344652597876e+12,"z":3.3762133946538735e+12},"ship_type_id":670}}