{"attackers":[{"character_id":287894697,"corporation_id":98353083,"damage_done":418,"final_blow":true,"security_status":3.2,"ship_type_id":17920,"weapon_type_id":3057}],"killmail_id":71245592,"killmail_time":"2018-07-14T11:50:57-07:00","solar_system_id":31001095,"victim":{"character_id":2114291194,"corporation_id":1000165,"damage_taken":418,"items":[{"flag":89,"item_type_id":13286,"quantity_destroyed":1},{"flag":89,"item_type_id":13283,"quantity_destroyed":1}],"position":{"x":4.4210454706810394e+11,"y":-4.6680637354407587e+11,"z":-7.959910807443751e+11},"ship_type_id":670}}