{"attackers":[{"character_id":2114124014,"corporation_id":1000169,"damage_done":1175,"final_blow":true,"ship_type_id":29990,"weapon_type_id":2969}],"killmail_id":71244121,"killmail_time":"2018-07-14T10:33:04-07:00","solar_system_id":30004375,"victim":{"alliance_id":99007362,"character_id":2114297552,"corporation_id":98540583,"damage_taken":1175,"items":[{"flag":5,"item_type_id":31298,"quantity_destroyed":3},{"flag":5,"item_type_id":8175,"quantity_dropped":1},{"flag":5,"item_type_id":5302,"quantity_dropped":3},{"flag":5,"item_type_id":46375,"quantity_dropped":1}],"position":{"x":-1.343356414098227e+12,"y":-2.4497582457754416e+11,"z":-3.2933153015300644e+10},"ship_type_id":609}}