{"attackers":[{"alliance_id":1727758877,"character_id":1802602137,"corporation_id":1070320653,"damage_done":199,"security_status":-1.8,"ship_type_id":22440,"weapon_type_id":22440},{"alliance_id":1727758877,"character_id":642246660,"corporation_id":875512489,"damage_done":197,"security_status":-0.7,"ship_type_id":22440,"weapon_type_id":22440},{"alliance_id":1727758877,"character_id":1474299941,"corporation_id":1594479347,"damage_done":64,"final_blow":true,"security_status":4.2,"ship_type_id":22428,"weapon_type_id":15963}],"killmail_id":71243424,"killmail_time":"2018-07-14T09:54:58-07:00","solar_system_id":30004042,"victim":{"alliance_id":1354830081,"character_id":1186685854,"corporation_id":888001549,"damage_taken":460,"position":{"x":2.376654652706639e+12,"y":2.2257742246783203e+12,"z":8.814142967942082e+12},"ship_type_id":670}}