{"attackers":[{"character_id":95089982,"corporation_id":98551342,"damage_done":435,"faction_id":500004,"final_blow":true,"security_status":-0.3,"ship_type_id":34562,"weapon_type_id":2977}],"killmail_id":71244865,"killmail_time":"2018-07-14T11:17:17-07:00","solar_system_id":30001400,"victim":{"alliance_id":99001742,"character_id":2113994138,"corporation_id":98493593,"damage_taken":435,"faction_id":500001,"position":{"x":2.0656827088902783e+12,"y":-2.8342533823057217e+12,"z":-2.1079458086252292e+12},"ship_type_id":670}}