{"attackers":[{"alliance_id":99006297,"character_id":750483465,"corporation_id":98522100,"damage_done":449,"final_blow":true,"security_status":5,"ship_type_id":23915,"weapon_type_id":23061}],"killmail_id":71244690,"killmail_time":"2018-07-14T11:07:06-07:00","solar_system_id":30002609,"victim":{"alliance_id":99006297,"character_id":93891673,"corporation_id":98522100,"damage_taken":449,"position":{"x":1.575506216174165e+08,"y":6.012061524510849e+07,"z":2.5478162434202483e+08},"ship_type_id":11129}}