{"attackers":[{"corporation_id":1000125,"damage_done":545,"final_blow":true,"ship_type_id":3885}],"killmail_id":71245361,"killmail_time":"2018-07-14T11:40:13-07:00","solar_system_id":30003503,"victim":{"alliance_id":99002775,"character_id":819004125,"corporation_id":98140648,"damage_taken":545,"position":{"x":1.0861916407188258e+12,"y":1.0833752312703508e+10,"z":3.856958806755137e+12},"ship_type_id":11134}}