{"attackers":[{"alliance_id":99005382,"character_id":248872589,"corporation_id":98557686,"damage_done":446,"final_blow":true,"security_status":-0.8,"ship_type_id":29990,"weapon_type_id":2969},{"alliance_id":99004364,"character_id":90545323,"corporation_id":98380820,"security_status":0.9,"ship_type_id":11978,"weapon_type_id":23707}],"killmail_id":71242558,"killmail_time":"2018-07-14T09:08:51-07:00","solar_system_id":31000790,"victim":{"character_id":96819013,"corporation_id":98485933,"damage_taken":446,"position":{"x":5.0243472353621045e+12,"y":3.2851887052171654e+08,"z":3.2832648215188174e+12},"ship_type_id":11132}}