{"attackers":[{"corporation_id":1000043,"damage_done":643,"final_blow":true,"ship_type_id":9965}],"killmail_id":71243852,"killmail_time":"2018-07-14T10:16:56-07:00","solar_system_id":30001372,"victim":{"alliance_id":99002775,"character_id":2113055096,"corporation_id":98140648,"damage_taken":643,"items":[{"flag":5,"item_type_id":34,"quantity_dropped":1},{"flag":27,"item_type_id":3638,"quantity_dropped":1},{"flag":19,"item_type_id":21857,"quantity_dropped":1},{"flag":28,"item_type_id":3651,"quantity_dropped":1}],"position":{"x":6.284077262331256e+11,"y":1.297846174400663e+10,"z":1.5160687447621516e+12},"ship_type_id":606}}