{"attackers":[{"alliance_id":99006113,"character_id":2112322660,"corporation_id":98323701,"damage_done":458,"final_blow":true,"security_status":4.6,"ship_type_id":22456,"weapon_type_id":2873}],"killmail_id":71243645,"killmail_time":"2018-07-14T10:06:00-07:00","solar_system_id":31001954,"victim":{"character_id":2112662512,"corporation_id":98353083,"damage_taken":458,"position":{"x":-8.555199480576735e+10,"y":2.7840086081330817e+11,"z":3.9286013840017583e+12},"ship_type_id":670}}