{"attackers":[{"character_id":2113400141,"corporation_id":98566539,"damage_done":547,"final_blow":true,"security_status":-1,"ship_type_id":22456,"weapon_type_id":2889}],"killmail_id":71241362,"killmail_time":"2018-07-14T08:14:55-07:00","solar_system_id":30000625,"victim":{"alliance_id":1220922756,"character_id":95281516,"corporation_id":98044804,"damage_taken":547,"position":{"x":-5.573578552494109e+11,"y":-7.318030785326875e+10,"z":-2.6837421909521335e+11},"ship_type_id":11129}}