{"attackers":[{"alliance_id":99005242,"character_id":96130269,"corporation_id":1856883060,"damage_done":249,"final_blow":true,"security_status":3.7,"ship_type_id":12005,"weapon_type_id":3074},{"alliance_id":99006750,"character_id":95426205,"corporation_id":98088416,"damage_done":210,"security_status":3.6,"ship_type_id":17722,"weapon_type_id":31880},{"alliance_id":99006750,"character_id":94601211,"corporation_id":98088416,"damage_done":141,"security_status":4.9,"ship_type_id":17722,"weapon_type_id":2205}],"killmail_id":71246166,"killmail_time":"2018-07-14T12:11:24-07:00","solar_system_id":31000525,"victim":{"alliance_id":99007663,"character_id":2112239987,"corporation_id":98497219,"damage_taken":600,"position":{"x":-2.093598929395863e+11,"y":3.157486526543526e+11,"z":-6.323319676396589e+10},"ship_type_id":32880}}