{"attackers":[{"alliance_id":99005382,"character_id":2112204267,"corporation_id":98057065,"damage_done":404,"final_blow":true,"security_status":-0.1,"ship_type_id":4308,"weapon_type_id":3186}],"killmail_id":71243577,"killmail_time":"2018-07-14T10:01:56-07:00","solar_system_id":30000144,"victim":{"alliance_id":99005338,"character_id":2114187682,"corporation_id":98388312,"damage_taken":404,"position":{"x":6.606017764047485e+11,"y":4.4692317778717674e+10,"z":2.1129676820606477e+12},"ship_type_id":670},"war_id":596507}