{"attackers":[{"alliance_id":99001952,"character_id":717070254,"corporation_id":992634837,"damage_done":2714,"final_blow":true,"security_status":1.7,"ship_type_id":17720,"weapon_type_id":2913},{"alliance_id":1683694957,"character_id":821106427,"corporation_id":98112401,"security_status":-10,"ship_type_id":11969,"weapon_type_id":3244},{"alliance_id":1307452790,"character_id":522228024,"corporation_id":696599088,"security_status":-10,"ship_type_id":11963,"weapon_type_id":4027}],"killmail_id":71243175,"killmail_time":"2018-07-14T09:45:55-07:00","solar_system_id":30003467,"victim":{"character_id":334733472,"corporation_id":98454965,"damage_taken":2714,"items":[{"flag":27,"item_type_id":11370,"quantity_destroyed":1}],"position":{"x":2.737202498717633e+12,"y":1.633373705603163e+11,"z":-1.273973524099161e+12},"ship_type_id":1944}}