{"attackers":[{"corporation_id":1000122,"damage_done":510,"final_blow":true,"ship_type_id":32381}],"killmail_id":71244070,"killmail_time":"2018-07-14T10:29:59-07:00","solar_system_id":30002642,"victim":{"character_id":96622725,"corporation_id":98565908,"damage_taken":510,"position":{"x":-1.0655761579183682e+12,"y":7.93439854775134e+10,"z":-3.718104255239328e+11},"ship_type_id":11134}}