{"attackers":[{"damage_done":955,"faction_id":500003,"final_blow":true,"ship_type_id":48129}],"killmail_id":71242847,"killmail_time":"2018-07-14T09:22:35-07:00","solar_system_id":30001671,"victim":{"alliance_id":99003581,"character_id":2114225518,"corporation_id":98185110,"damage_taken":955,"items":[{"flag":19,"item_type_id":5971,"quantity_destroyed":1},{"flag":20,"item_type_id":22175,"quantity_destroyed":1}],"position":{"x":1.3481410183642088e+11,"y":3.707632657927216e+10,"z":2.878065864745378e+11},"ship_type_id":29248}}