{"attackers":[{"alliance_id":498125261,"character_id":93457708,"corporation_id":1018389948,"damage_done":450,"security_status":4.9,"ship_type_id":22456,"weapon_type_id":22456},{"alliance_id":498125261,"character_id":744833754,"corporation_id":98480565,"damage_done":12,"final_blow":true,"security_status":2,"ship_type_id":16236,"weapon_type_id":3001}],"killmail_id":71245287,"killmail_time":"2018-07-14T11:37:24-07:00","solar_system_id":30002122,"victim":{"alliance_id":386292982,"character_id":242047691,"corporation_id":1698858600,"damage_taken":462,"items":[{"flag":89,"item_type_id":10216,"quantity_destroyed":1},{"flag":89,"item_type_id":10212,"quantity_destroyed":1}],"position":{"x":-1.9468528771498163e+11,"y":7.18876396422796e+11,"z":-2.6464506307814395e+12},"ship_type_id":670}}