{"attackers":[{"corporation_id":1000043,"damage_done":536,"final_blow":true,"ship_type_id":9970}],"killmail_id":70543241,"killmail_time":"2018-06-11T02:11:13-07:00","solar_system_id":30001393,"victim":{"alliance_id":99005381,"character_id":92880530,"corporation_id":98452319,"damage_taken":536,"items":[{"flag":5,"item_type_id":34,"quantity_destroyed":1},{"flag":19,"item_type_id":21857,"quantity_dropped":1},{"flag":27,"item_type_id":3634,"quantity_destroyed":1},{"flag":28,"item_type_id":3651,"quantity_dropped":1}],"position":{"x":-1.5291052036755267e+11,"y":-1.2021471892251135e+10,"z":-8.268679548767322e+10},"ship_type_id":596}}