{"attackers":[{"alliance_id":99008228,"character_id":2112325205,"corporation_id":98523980,"damage_done":424,"final_blow":true,"security_status":4.4,"ship_type_id":11172,"weapon_type_id":2456}],"killmail_id":71245108,"killmail_time":"2018-07-14T11:30:47-07:00","solar_system_id":30005114,"victim":{"character_id":1629126785,"corporation_id":98399160,"damage_taken":424,"position":{"x":6.266633278666935e+10,"y":1.2302942185373083e+10,"z":4.631772381863127e+10},"ship_type_id":670}}