{"attackers":[{"alliance_id":99007498,"character_id":2114043251,"corporation_id":98221842,"damage_done":461,"final_blow":true,"security_status":-2.3,"ship_type_id":34828,"weapon_type_id":2613}],"killmail_id":71243572,"killmail_time":"2018-07-14T10:01:37-07:00","solar_system_id":30002139,"victim":{"character_id":91851794,"corporation_id":1000066,"damage_taken":461,"items":[{"flag":89,"item_type_id":13261,"quantity_destroyed":1}],"position":{"x":1.5651313383837776e+12,"y":-9.96673614866514e+10,"z":1.937549419164892e+12},"ship_type_id":670}}