{"attackers":[{"alliance_id":99007362,"character_id":96704597,"corporation_id":98531304,"damage_done":461,"final_blow":true,"security_status":5,"ship_type_id":11196,"weapon_type_id":2977}],"killmail_id":71245643,"killmail_time":"2018-07-14T11:54:22-07:00","solar_system_id":30003694,"victim":{"alliance_id":131511956,"character_id":596667044,"corporation_id":643512394,"damage_taken":461,"position":{"x":9.858286116227805e+11,"y":2.657082030747796e+12,"z":-3.742778239631777e+12},"ship_type_id":670}}