{"attackers":[{"alliance_id":99005242,"character_id":94629392,"corporation_id":1856883060,"damage_done":2773,"security_status":2.8,"ship_type_id":29986,"weapon_type_id":2185},{"alliance_id":99005242,"character_id":384645677,"corporation_id":1856883060,"damage_done":756,"security_status":5.1,"ship_type_id":12019,"weapon_type_id":24490},{"alliance_id":99005242,"character_id":1248551582,"corporation_id":1856883060,"damage_done":483,"final_blow":true,"security_status":2.2,"ship_type_id":22474,"weapon_type_id":24486}],"killmail_id":71245092,"killmail_time":"2018-07-14T11:30:17-07:00","solar_system_id":31000525,"victim":{"alliance_id":99007663,"character_id":95613028,"corporation_id":98192898,"damage_taken":4012,"position":{"x":-2.093611754753516e+11,"y":3.1574868588704175e+11,"z":-6.323312978687742e+10},"ship_type_id":634}}