{"attackers":[{"character_id":1648763621,"corporation_id":98458646,"damage_done":429,"final_blow":true,"security_status":-10,"ship_type_id":3756,"weapon_type_id":3082}],"killmail_id":71243754,"killmail_time":"2018-07-14T10:11:59-07:00","solar_system_id":30005268,"victim":{"character_id":1707658102,"corporation_id":1000080,"damage_taken":429,"position":{"x":1.332160388808532e+12,"y":-2.246348416939909e+11,"z":9.800684283184928e+12},"ship_type_id":670}}