{"attackers":[{"alliance_id":99007415,"character_id":95469022,"corporation_id":98560621,"damage_done":277,"final_blow":true,"security_status":0.2,"ship_type_id":33468,"weapon_type_id":2456},{"alliance_id":99007415,"character_id":96892118,"corporation_id":98532334,"damage_done":180,"security_status":2.5,"ship_type_id":11379,"weapon_type_id":27333}],"killmail_id":71244475,"killmail_time":"2018-07-14T10:51:56-07:00","solar_system_id":31000169,"victim":{"character_id":2113987042,"corporation_id":98524800,"damage_taken":457,"position":{"x":7.436894427985774e+10,"y":-2.888053504673372e+11,"z":1.1356468746760107e+11},"ship_type_id":670}}