{"attackers":[{"alliance_id":1220922756,"character_id":791453481,"corporation_id":98032504,"damage_done":461,"final_blow":true,"security_status":4.8,"ship_type_id":17720,"weapon_type_id":2969},{"alliance_id":1220922756,"character_id":93418551,"corporation_id":98032504,"security_status":2.9,"weapon_type_id":448},{"character_id":2113288621,"corporation_id":98472801,"security_status":0.1,"ship_type_id":33818,"weapon_type_id":15891},{"character_id":96647094,"corporation_id":98472801,"security_status":5,"ship_type_id":34562,"weapon_type_id":47736}],"killmail_id":71244529,"killmail_time":"2018-07-14T10:55:26-07:00","solar_system_id":30001268,"victim":{"alliance_id":99001660,"character_id":1201882996,"corporation_id":98538423,"damage_taken":461,"position":{"x":8.549510206118939e+10,"y":-2.1021831751272372e+11,"z":-1.4219151241921448e+12},"ship_type_id":670}}