{"attackers":[{"corporation_id":1000125,"damage_done":524,"final_blow":true,"ship_type_id":3885}],"killmail_id":71244450,"killmail_time":"2018-07-14T10:50:25-07:00","solar_system_id":30003503,"victim":{"alliance_id":99002775,"character_id":92808185,"corporation_id":98155447,"damage_taken":524,"position":{"x":1.0861916430158706e+12,"y":1.0833754021388906e+10,"z":3.8569588069026523e+12},"ship_type_id":11134}}