{"attackers":[{"alliance_id":1411711376,"character_id":95940713,"corporation_id":98462540,"damage_done":427,"final_blow":true,"security_status":4.9,"ship_type_id":33818,"weapon_type_id":27387}],"killmail_id":71243950,"killmail_time":"2018-07-14T10:23:12-07:00","solar_system_id":30005176,"victim":{"alliance_id":99008228,"character_id":2112733632,"corporation_id":98363768,"damage_taken":427,"position":{"x":2.668902831173369e+11,"y":3.5445992241003654e+10,"z":6.783273820346404e+11},"ship_type_id":670}}