{"attackers":[{"alliance_id":99007552,"character_id":94460974,"corporation_id":98489268,"damage_done":458,"final_blow":true,"security_status":-10,"ship_type_id":29988,"weapon_type_id":15939}],"killmail_id":71244911,"killmail_time":"2018-07-14T11:20:13-07:00","solar_system_id":30002813,"victim":{"alliance_id":1042504553,"character_id":94772544,"corporation_id":362838806,"damage_taken":458,"position":{"x":1.4018852336476755e+12,"y":-2.6920169930499702e+10,"z":-1.9761327444830334e+11},"ship_type_id":670}}