{"attackers":[{"alliance_id":99006750,"character_id":1126741345,"corporation_id":98088416,"damage_done":450,"final_blow":true,"security_status":1.8,"ship_type_id":29986,"weapon_type_id":24494}],"killmail_id":71246015,"killmail_time":"2018-07-14T12:08:33-07:00","solar_system_id":31000525,"victim":{"character_id":91226114,"corporation_id":98489655,"damage_taken":450,"position":{"x":-2.0935994658699628e+11,"y":3.15748708043536e+11,"z":-6.323284266380876e+10},"ship_type_id":672}}