{"attackers":[{"character_id":2113276261,"corporation_id":98557713,"damage_done":462,"final_blow":true,"ship_type_id":33468,"weapon_type_id":2464}],"killmail_id":71244430,"killmail_time":"2018-07-14T10:49:29-07:00","solar_system_id":31001125,"victim":{"alliance_id":99006861,"character_id":2114278411,"corporation_id":98554535,"damage_taken":462,"position":{"x":3.1196733261160234e+12,"y":1.3134981088030495e+11,"z":1.2513323026447747e+12},"ship_type_id":11134}}