{"attackers":[{"character_id":1808095727,"corporation_id":98512711,"damage_done":814,"final_blow":true,"security_status":-1.7,"ship_type_id":29986,"weapon_type_id":3520}],"killmail_id":71245180,"killmail_time":"2018-07-14T11:32:46-07:00","solar_system_id":31000525,"victim":{"alliance_id":99007663,"character_id":93965854,"corporation_id":98192898,"damage_taken":814,"items":[{"flag":19,"item_type_id":3581,"quantity_dropped":1}],"position":{"x":-2.0936092411550787e+11,"y":3.1574837257295105e+11,"z":-6.323341734510904e+10},"ship_type_id":3532}}