{"attackers":[{"alliance_id":99008037,"character_id":96627430,"corporation_id":1126669495,"damage_done":461,"faction_id":500004,"final_blow":true,"security_status":-4.1,"ship_type_id":594,"weapon_type_id":3178}],"killmail_id":71245360,"killmail_time":"2018-07-14T11:40:09-07:00","solar_system_id":30045354,"victim":{"alliance_id":99005443,"character_id":97214592,"corporation_id":98329706,"damage_taken":461,"position":{"x":-1.2930161053622334e+12,"y":-3.71357120536288e+11,"z":-3.772907601763713e+10},"ship_type_id":670}}