{"attackers":[{"alliance_id":150097440,"character_id":1802279255,"corporation_id":113309599,"damage_done":320,"final_blow":true,"security_status":-1.7,"ship_type_id":34828,"weapon_type_id":27387},{"alliance_id":1354830081,"character_id":97242727,"corporation_id":1634775132,"damage_done":156,"security_status":5,"weapon_type_id":34317},{"alliance_id":131511956,"character_id":94124848,"corporation_id":98419009,"security_status":3.1,"weapon_type_id":3049},{"alliance_id":99004425,"character_id":93525799,"corporation_id":1765089512,"security_status":1,"weapon_type_id":3033}],"killmail_id":71243831,"killmail_time":"2018-07-14T10:15:37-07:00","solar_system_id":30004056,"victim":{"alliance_id":99006828,"character_id":2113602220,"corporation_id":98551361,"damage_taken":476,"position":{"x":1.9237726277855732e+10,"y":-2.500605200928098e+08,"z":-7.097650733671731e+11},"ship_type_id":670}}