{"attackers":[{"alliance_id":99006750,"character_id":94601211,"corporation_id":98088416,"damage_done":446,"final_blow":true,"security_status":4.9,"ship_type_id":17722,"weapon_type_id":12346}],"killmail_id":71246150,"killmail_time":"2018-07-14T12:11:06-07:00","solar_system_id":31000525,"victim":{"alliance_id":99007663,"character_id":2112239987,"corporation_id":98497219,"damage_taken":446,"position":{"x":-2.0935989029585648e+11,"y":3.1574865265426855e+11,"z":-6.323319625961822e+10},"ship_type_id":11134}}