{"attackers":[{"alliance_id":982284363,"character_id":91723952,"corporation_id":961702080,"damage_done":461,"final_blow":true,"security_status":1.7,"ship_type_id":34317,"weapon_type_id":2993}],"killmail_id":71246183,"killmail_time":"2018-07-14T12:11:59-07:00","solar_system_id":30003707,"victim":{"alliance_id":99004567,"character_id":93251265,"corporation_id":98508741,"damage_taken":461,"position":{"x":1.2840945557736316e+11,"y":-2.1827564414199383e+10,"z":-1.947224436192033e+10},"ship_type_id":670}}