{"attackers":[{"alliance_id":99000814,"character_id":90223647,"corporation_id":98452018,"damage_done":418,"final_blow":true,"security_status":-10,"ship_type_id":627,"weapon_type_id":2488}],"killmail_id":71242472,"killmail_time":"2018-07-14T09:05:57-07:00","solar_system_id":30000163,"victim":{"alliance_id":99005360,"character_id":2114294439,"corporation_id":98564271,"damage_taken":418,"position":{"x":-1.6932629033627008e+11,"y":-2.0200239870785978e+09,"z":-1.1008610171134114e+11},"ship_type_id":670}}