{"attackers":[{"alliance_id":1727758877,"character_id":1802602137,"corporation_id":1070320653,"damage_done":246,"final_blow":true,"security_status":-1.8,"ship_type_id":22440,"weapon_type_id":15963},{"alliance_id":99007044,"character_id":91565228,"corporation_id":98529826,"damage_done":193,"security_status":0.8,"ship_type_id":22440,"weapon_type_id":22440}],"killmail_id":71243417,"killmail_time":"2018-07-14T09:54:57-07:00","solar_system_id":30004042,"victim":{"alliance_id":1354830081,"character_id":2113519105,"corporation_id":98176563,"damage_taken":439,"position":{"x":2.3766546519705312e+12,"y":2.2257742251500127e+12,"z":8.814142967479123e+12},"ship_type_id":670}}