{"attackers":[{"alliance_id":99008357,"character_id":90029676,"corporation_id":98479815,"damage_done":625,"final_blow":true,"security_status":0.8,"ship_type_id":34317,"weapon_type_id":3033}],"killmail_id":71243631,"killmail_time":"2018-07-14T10:05:14-07:00","solar_system_id":30001022,"victim":{"alliance_id":741557221,"character_id":92112310,"corporation_id":644716789,"damage_taken":625,"items":[{"flag":27,"item_type_id":21096,"quantity_destroyed":1},{"flag":19,"item_type_id":21857,"quantity_dropped":1},{"flag":28,"item_type_id":3651,"quantity_dropped":1}],"position":{"x":2.3850872856873712e+11,"y":2.567760018473852e+10,"z":1.177656131931317e+11},"ship_type_id":601}}