{"attackers":[{"alliance_id":99006705,"character_id":90533249,"corporation_id":98555514,"damage_done":450,"final_blow":true,"security_status":-10,"ship_type_id":24692,"weapon_type_id":9678}],"killmail_id":71244784,"killmail_time":"2018-07-14T11:13:39-07:00","solar_system_id":30000164,"victim":{"alliance_id":99003006,"character_id":97006822,"corporation_id":98506376,"damage_taken":450,"position":{"x":-1.395797235388993e+12,"y":-1.22278261111808e+11,"z":1.6863435218613028e+10},"ship_type_id":670}}