{"attackers":[{"alliance_id":99001134,"character_id":90870526,"corporation_id":354495185,"damage_done":406,"final_blow":true,"security_status":-0.5,"ship_type_id":29990,"weapon_type_id":2921}],"killmail_id":71245084,"killmail_time":"2018-07-14T11:30:00-07:00","solar_system_id":30002187,"victim":{"alliance_id":99007916,"character_id":96040797,"corporation_id":98201052,"damage_taken":406,"position":{"x":-5.18583932848473e+11,"y":3.0256617819914227e+10,"z":1.0428957310150419e+12},"ship_type_id":670},"war_id":607742}