{"attackers":[{"faction_id":500021,"final_blow":true,"ship_type_id":47465}],"killmail_id":71244935,"killmail_time":"2018-07-14T11:21:46-07:00","solar_system_id":32000022,"victim":{"character_id":2113183527,"corporation_id":1000044,"position":{"x":-1.495974937459012e+13,"y":-1.4959788689641191e+13,"z":-1.4959788658200018e+13},"ship_type_id":670}}