{"attackers":[{"alliance_id":99002775,"character_id":819004125,"corporation_id":98140648,"damage_done":461,"final_blow":true,"security_status":-10,"ship_type_id":16242,"weapon_type_id":8905}],"killmail_id":71244133,"killmail_time":"2018-07-14T10:33:56-07:00","solar_system_id":30003503,"victim":{"alliance_id":99002367,"character_id":91652787,"corporation_id":1865472948,"damage_taken":461,"position":{"x":1.0861907519154647e+12,"y":1.085804601387684e+10,"z":3.856958530938384e+12},"ship_type_id":670}}