{"attackers":[{"alliance_id":99007552,"character_id":965009084,"corporation_id":98489268,"damage_done":458,"final_blow":true,"security_status":-10,"ship_type_id":29988,"weapon_type_id":14692}],"killmail_id":71244288,"killmail_time":"2018-07-14T10:41:13-07:00","solar_system_id":30002813,"victim":{"alliance_id":1042504553,"character_id":94772544,"corporation_id":362838806,"damage_taken":458,"position":{"x":-7.863808769162067e+11,"y":-1.5825764436877948e+11,"z":4.212668496162306e+12},"ship_type_id":670}}