{"attackers":[{"alliance_id":1789460651,"character_id":96756372,"corporation_id":98478278,"damage_done":461,"final_blow":true,"security_status":5,"ship_type_id":16240,"weapon_type_id":10680},{"alliance_id":99006020,"character_id":95876905,"corporation_id":98535390,"security_status":0.2,"ship_type_id":19720,"weapon_type_id":2117},{"alliance_id":1988009451,"character_id":91286742,"corporation_id":349567985,"security_status":-3.4,"ship_type_id":12017,"weapon_type_id":28654}],"killmail_id":71246141,"killmail_time":"2018-07-14T12:10:59-07:00","solar_system_id":30003707,"victim":{"alliance_id":173714703,"character_id":549658327,"corporation_id":98382183,"damage_taken":461,"position":{"x":1.2840946369689255e+11,"y":-2.1827558008883556e+10,"z":-1.947223948115098e+10},"ship_type_id":670}}