{"attackers":[{"alliance_id":99007362,"character_id":2114188756,"corporation_id":98561846,"damage_done":468,"final_blow":true,"security_status":5,"ship_type_id":585,"weapon_type_id":485},{"alliance_id":99002938,"character_id":1356840238,"corporation_id":98254055,"security_status":5.1,"ship_type_id":671,"weapon_type_id":31944}],"killmail_id":71243218,"killmail_time":"2018-07-14T09:47:56-07:00","solar_system_id":30003682,"victim":{"alliance_id":99005205,"character_id":94626207,"corporation_id":98310442,"damage_taken":468,"position":{"x":-1.8134982952464553e+12,"y":-3.4735716941773613e+12,"z":-2.8946388281710614e+11},"ship_type_id":670}}