{"attackers":[{"alliance_id":99001932,"character_id":95200722,"corporation_id":98013320,"damage_done":461,"final_blow":true,"security_status":5,"ship_type_id":621,"weapon_type_id":27387},{"alliance_id":99006020,"character_id":95876905,"corporation_id":98535390,"security_status":0.2,"weapon_type_id":2117}],"killmail_id":71246211,"killmail_time":"2018-07-14T12:12:59-07:00","solar_system_id":30003707,"victim":{"alliance_id":173714703,"character_id":93607375,"corporation_id":432980686,"damage_taken":461,"position":{"x":1.2840946083794781e+11,"y":-2.182755456817525e+10,"z":-1.9472254642199097e+10},"ship_type_id":670}}