{"attackers":[{"alliance_id":1727758877,"character_id":1802602137,"corporation_id":1070320653,"damage_done":397,"security_status":-1.8,"ship_type_id":22440,"weapon_type_id":22440},{"alliance_id":1727758877,"character_id":181181255,"corporation_id":1070320653,"damage_done":35,"final_blow":true,"security_status":-1.5,"ship_type_id":22428,"weapon_type_id":15963}],"killmail_id":71243418,"killmail_time":"2018-07-14T09:54:57-07:00","solar_system_id":30004042,"victim":{"alliance_id":1354830081,"character_id":94989190,"corporation_id":98548489,"damage_taken":432,"position":{"x":2.3766546509640596e+12,"y":2.2257742233278975e+12,"z":8.814142965288404e+12},"ship_type_id":670}}