{"attackers":[{"character_id":95971676,"corporation_id":98467417,"damage_done":433,"faction_id":500002,"final_blow":true,"security_status":-1.7,"ship_type_id":34317,"weapon_type_id":3033}],"killmail_id":71245237,"killmail_time":"2018-07-14T11:35:00-07:00","solar_system_id":30002187,"victim":{"character_id":2112346771,"corporation_id":225267630,"damage_taken":433,"faction_id":500003,"position":{"x":-5.185839535764808e+11,"y":3.025660472368963e+10,"z":1.0428957085861346e+12},"ship_type_id":670}}