{"attackers":[{"character_id":95067947,"corporation_id":98454643,"damage_done":458,"final_blow":true,"security_status":-9.4,"ship_type_id":17841,"weapon_type_id":3178}],"killmail_id":71245103,"killmail_time":"2018-07-14T11:30:35-07:00","solar_system_id":30002760,"victim":{"alliance_id":99005338,"character_id":2112668558,"corporation_id":98410772,"damage_taken":458,"items":[{"flag":89,"item_type_id":13216,"quantity_destroyed":1}],"position":{"x":-2.061513456792672e+11,"y":-1.202100575841076e+11,"z":1.0561388395935175e+11},"ship_type_id":670}}