{"attackers":[{"alliance_id":1411711376,"character_id":276845322,"corporation_id":98148413,"damage_done":461,"final_blow":true,"security_status":3.5,"ship_type_id":29340,"weapon_type_id":2613}],"killmail_id":71244893,"killmail_time":"2018-07-14T11:19:07-07:00","solar_system_id":30001076,"victim":{"alliance_id":99003006,"character_id":90443500,"corporation_id":797212978,"damage_taken":461,"position":{"x":8.594252198387789e+11,"y":6.150795156381078e+10,"z":8.13633889777247e+11},"ship_type_id":670}}