{"attackers":[{"alliance_id":99007539,"character_id":1051998985,"corporation_id":98519717,"damage_done":282,"faction_id":500003,"security_status":-9.8,"ship_type_id":17928,"weapon_type_id":17928},{"alliance_id":99007539,"character_id":301592770,"corporation_id":98519717,"damage_done":165,"faction_id":500003,"final_blow":true,"security_status":-3.4,"ship_type_id":29990,"weapon_type_id":2969},{"alliance_id":99007539,"character_id":91654686,"corporation_id":98519717,"faction_id":500003,"security_status":0.2,"ship_type_id":35683,"weapon_type_id":3170},{"alliance_id":99007539,"character_id":181486998,"corporation_id":98519717,"faction_id":500003,"security_status":-0.8,"ship_type_id":17722,"weapon_type_id":3244}],"killmail_id":71243288,"killmail_time":"2018-07-14T09:51:02-07:00","solar_system_id":30002960,"victim":{"character_id":2112564870,"corporation_id":1000182,"damage_taken":447,"faction_id":500002,"position":{"x":-2.3517129556803164e+12,"y":2.2141684608574695e+11,"z":3.096263764241274e+12},"ship_type_id":670}}