{"attackers":[{"alliance_id":99005242,"character_id":793716528,"corporation_id":1856883060,"damage_done":12860,"final_blow":true,"security_status":0.1,"ship_type_id":22474,"weapon_type_id":2175}],"killmail_id":71245182,"killmail_time":"2018-07-14T11:32:49-07:00","solar_system_id":31000525,"victim":{"alliance_id":99007123,"character_id":93174230,"corporation_id":98558871,"damage_taken":12860,"position":{"x":-2.0936116854491446e+11,"y":3.15748465007282e+11,"z":-6.3233030093889145e+10},"ship_type_id":24696}}