{"attackers":[{"character_id":1292964949,"corporation_id":1000009,"damage_done":447,"final_blow":true,"security_status":-0.2,"ship_type_id":17930,"weapon_type_id":2205}],"killmail_id":71244695,"killmail_time":"2018-07-14T11:07:29-07:00","solar_system_id":30002440,"victim":{"alliance_id":99008301,"character_id":2114051674,"corporation_id":98566059,"damage_taken":447,"position":{"x":-5.084244652273905e+12,"y":-6.046724489887605e+11,"z":-2.895269678287949e+12},"ship_type_id":670}}