{"attackers":[{"alliance_id":99005242,"character_id":1248551582,"corporation_id":1856883060,"damage_done":525,"final_blow":true,"security_status":2.2,"ship_type_id":22474,"weapon_type_id":24486}],"killmail_id":71245134,"killmail_time":"2018-07-14T11:31:31-07:00","solar_system_id":31000525,"victim":{"alliance_id":498125261,"character_id":2112626665,"corporation_id":98486683,"damage_taken":525,"items":[{"flag":5,"item_type_id":34,"quantity_destroyed":1},{"flag":19,"item_type_id":21857,"quantity_dropped":1},{"flag":27,"item_type_id":3634,"quantity_destroyed":1},{"flag":28,"item_type_id":3651,"quantity_destroyed":1}],"position":{"x":-2.0936126900120935e+11,"y":3.157485493905085e+11,"z":-6.3233144860767784e+10},"ship_type_id":596}}