{"attackers":[{"alliance_id":1727758877,"character_id":1366440976,"corporation_id":1070320653,"damage_done":257,"final_blow":true,"security_status":5,"ship_type_id":22440,"weapon_type_id":15963},{"alliance_id":1727758877,"character_id":1802602137,"corporation_id":1070320653,"damage_done":187,"security_status":-1.8,"ship_type_id":22440,"weapon_type_id":22440}],"killmail_id":71243366,"killmail_time":"2018-07-14T09:53:56-07:00","solar_system_id":30004042,"victim":{"alliance_id":150097440,"character_id":2113759026,"corporation_id":98483821,"damage_taken":444,"position":{"x":2.376654656202035e+12,"y":2.225774224790081e+12,"z":8.81414296983469e+12},"ship_type_id":670}}