{"attackers":[{"alliance_id":99006941,"character_id":2112324546,"corporation_id":98418839,"damage_done":398,"final_blow":true,"security_status":-0.8,"ship_type_id":603,"weapon_type_id":3170},{"alliance_id":99006941,"character_id":91546798,"corporation_id":98217414,"damage_done":23,"security_status":-10,"ship_type_id":11400,"weapon_type_id":11400},{"alliance_id":99006941,"character_id":91971344,"corporation_id":98217414,"security_status":-10,"ship_type_id":11400,"weapon_type_id":5443},{"alliance_id":99006941,"character_id":96227932,"corporation_id":98217414,"security_status":-10,"ship_type_id":594,"weapon_type_id":3170}],"killmail_id":71242531,"killmail_time":"2018-07-14T09:08:18-07:00","solar_system_id":30002539,"victim":{"alliance_id":1966049571,"character_id":2114295702,"corporation_id":98553088,"damage_taken":421,"faction_id":500002,"position":{"x":3.600679367001553e+10,"y":2.704147287541271e+10,"z":-6.921781069454642e+10},"ship_type_id":670}}