{"attackers":[{"corporation_id":1000274,"damage_done":561,"final_blow":true,"ship_type_id":48234}],"killmail_id":71244654,"killmail_time":"2018-07-14T11:04:14-07:00","solar_system_id":32000030,"victim":{"alliance_id":99003006,"character_id":2112415530,"corporation_id":98383139,"damage_taken":561,"items":[{"flag":89,"item_type_id":10204,"quantity_destroyed":1}],"position":{"x":-1.4959631389748441e+13,"y":-1.4959788685294855e+13,"z":-1.4959788666088959e+13},"ship_type_id":670}}