{"attackers":[{"alliance_id":99007974,"character_id":95279696,"corporation_id":98190745,"damage_done":461,"final_blow":true,"security_status":-10,"ship_type_id":12011,"weapon_type_id":3082}],"killmail_id":71245007,"killmail_time":"2018-07-14T11:26:49-07:00","solar_system_id":30003792,"victim":{"alliance_id":386292982,"character_id":93849013,"corporation_id":238510404,"damage_taken":461,"position":{"x":1.5059274658582583e+12,"y":-2.109152879664402e+11,"z":4.7670397837614923e+11},"ship_type_id":670}}