{"attackers":[{"alliance_id":99007529,"character_id":93804313,"corporation_id":98345443,"damage_done":3301445,"final_blow":true,"security_status":-0.2,"ship_type_id":4308,"weapon_type_id":34282}],"killmail_id":71242779,"killmail_time":"2018-07-14T09:19:24-07:00","solar_system_id":30003423,"victim":{"corporation_id":98456104,"damage_taken":3301445,"position":{"x":-2.7144573277808508e+11,"y":-2.176558157401368e+10,"z":4.14325526792174e+10},"ship_type_id":27576},"war_id":607543}