{"attackers":[{"alliance_id":99007716,"character_id":93235528,"corporation_id":1329325066,"damage_done":1000,"final_blow":true,"security_status":4.3,"ship_type_id":22456,"weapon_type_id":2889}],"killmail_id":71245871,"killmail_time":"2018-07-14T12:04:14-07:00","solar_system_id":30003724,"victim":{"alliance_id":99002367,"character_id":94677255,"corporation_id":98224835,"damage_taken":1000,"items":[{"flag":27,"item_type_id":21096,"quantity_destroyed":1},{"flag":12,"item_type_id":11640,"quantity_dropped":1},{"flag":5,"item_type_id":16273,"quantity_dropped":1000},{"flag":11,"item_type_id":1405,"quantity_destroyed":1}],"position":{"x":-1.3152381051962507e+12,"y":-7.631224957968052e+09,"z":2.9680927995484775e+12},"ship_type_id":605}}