{"attackers":[{"alliance_id":99006863,"character_id":92343015,"corporation_id":98518226,"damage_done":450,"final_blow":true,"security_status":3.3,"ship_type_id":33818,"weapon_type_id":27381},{"alliance_id":99006863,"character_id":93933731,"corporation_id":98518226,"security_status":2.3,"ship_type_id":34828,"weapon_type_id":527}],"killmail_id":71243578,"killmail_time":"2018-07-14T10:02:02-07:00","solar_system_id":31002017,"victim":{"alliance_id":99005896,"character_id":96335787,"corporation_id":98422578,"damage_taken":450,"position":{"x":1.9826382779095083e+12,"y":4.189912337645914e+11,"z":6.311372429668622e+12},"ship_type_id":670}}