{"attackers":[{"character_id":96424385,"corporation_id":1000006,"damage_done":625,"final_blow":true,"security_status":5,"ship_type_id":24702,"weapon_type_id":2488}],"killmail_id":71244476,"killmail_time":"2018-07-14T10:51:58-07:00","solar_system_id":30000848,"victim":{"alliance_id":1727758877,"character_id":156336584,"corporation_id":148421648,"damage_taken":625,"items":[{"flag":5,"item_type_id":34,"quantity_destroyed":1},{"flag":27,"item_type_id":3638,"quantity_dropped":1},{"flag":19,"item_type_id":21857,"quantity_dropped":1},{"flag":28,"item_type_id":3651,"quantity_dropped":1}],"position":{"x":5.510851024408176e+12,"y":6.692097859231677e+11,"z":-3.6224563539990195e+12},"ship_type_id":601}}