{"attackers":[{"alliance_id":99007539,"character_id":1565773113,"corporation_id":98519717,"damage_done":272,"faction_id":500003,"final_blow":true,"security_status":-2.2,"ship_type_id":17722,"weapon_type_id":3082},{"alliance_id":99007539,"character_id":1051998985,"corporation_id":98519717,"damage_done":189,"faction_id":500003,"security_status":-9.8,"ship_type_id":17928,"weapon_type_id":17928},{"alliance_id":99007539,"character_id":301592770,"corporation_id":98519717,"faction_id":500003,"security_status":-4.3,"ship_type_id":29990,"weapon_type_id":3244},{"alliance_id":99007539,"character_id":94728674,"corporation_id":98519717,"faction_id":500003,"security_status":-2.1,"ship_type_id":3756,"weapon_type_id":3244}],"killmail_id":71244465,"killmail_time":"2018-07-14T10:51:03-07:00","solar_system_id":30002960,"victim":{"character_id":95558883,"corporation_id":98522365,"damage_taken":461,"faction_id":500002,"position":{"x":-1.4842236558094658e+12,"y":3.906627609916463e+12,"z":-9.415575554845935e+11},"ship_type_id":670}}