{"attackers":[{"alliance_id":99001383,"character_id":887559952,"corporation_id":1372265539,"damage_done":213,"final_blow":true,"security_status":5,"ship_type_id":22456,"weapon_type_id":2873},{"alliance_id":99001383,"character_id":1823985748,"corporation_id":98490314,"damage_done":121,"security_status":5,"ship_type_id":12003,"weapon_type_id":12003},{"alliance_id":99001383,"character_id":91143079,"corporation_id":98119007,"damage_done":99,"security_status":-0.4,"ship_type_id":12038,"weapon_type_id":27339},{"alliance_id":99005864,"character_id":2113807614,"corporation_id":98077451,"security_status":-1,"ship_type_id":11174,"weapon_type_id":448}],"killmail_id":71243889,"killmail_time":"2018-07-14T10:19:26-07:00","solar_system_id":30004617,"victim":{"alliance_id":99006384,"character_id":2112719461,"corporation_id":935317045,"damage_taken":433,"position":{"x":-2.471315464397071e+12,"y":2.069317516698777e+11,"z":-1.9198320012548196e+11},"ship_type_id":670}}