{"attackers":[{"alliance_id":99007044,"character_id":93348464,"corporation_id":98201565,"damage_done":412,"final_blow":true,"security_status":4.7,"ship_type_id":29990,"weapon_type_id":2969},{"alliance_id":99007044,"character_id":93414679,"corporation_id":98201565,"security_status":3.9,"weapon_type_id":3244}],"killmail_id":71244189,"killmail_time":"2018-07-14T10:36:45-07:00","solar_system_id":30004672,"victim":{"alliance_id":99007439,"character_id":94213583,"corporation_id":98393976,"damage_taken":412,"position":{"x":-3.162378959413357e+11,"y":5.2487019794748634e+10,"z":3.1204393639195294e+11},"ship_type_id":670}}