{"attackers":[{"alliance_id":1680888152,"character_id":91201278,"corporation_id":98123507,"damage_done":50149,"final_blow":true,"security_status":-0.3,"ship_type_id":17720,"weapon_type_id":2897}],"killmail_id":71243947,"killmail_time":"2018-07-14T10:22:58-07:00","solar_system_id":30045322,"victim":{"character_id":910853693,"corporation_id":98081538,"damage_taken":50149,"position":{"x":1.5695885125715393e+12,"y":1.8752860731570743e+11,"z":-1.7531534980541776e+11},"ship_type_id":33475}}