{"attackers":[{"character_id":1292964949,"corporation_id":1000009,"damage_done":427,"final_blow":true,"security_status":-0.2,"ship_type_id":17930,"weapon_type_id":27371}],"killmail_id":71244558,"killmail_time":"2018-07-14T10:57:29-07:00","solar_system_id":30002440,"victim":{"alliance_id":99005338,"character_id":2113355823,"corporation_id":98388312,"damage_taken":427,"position":{"x":-5.084244642133334e+12,"y":-6.046724490300703e+11,"z":-2.895269673516024e+12},"ship_type_id":670}}