{"attackers":[{"character_id":2112320814,"corporation_id":98467417,"damage_done":433,"faction_id":500002,"final_blow":true,"ship_type_id":3756,"weapon_type_id":3025}],"killmail_id":71245212,"killmail_time":"2018-07-14T11:34:00-07:00","solar_system_id":30002187,"victim":{"character_id":2112346771,"corporation_id":225267630,"damage_taken":433,"faction_id":500003,"position":{"x":-5.185839523403279e+11,"y":3.0256604771749897e+10,"z":1.0428957075125858e+12},"ship_type_id":670}}