{"attackers":[{"alliance_id":99005381,"character_id":92831377,"corporation_id":98452319,"damage_done":418,"final_blow":true,"security_status":-9.8,"ship_type_id":24688,"weapon_type_id":9808}],"killmail_id":70590197,"killmail_time":"2018-06-13T08:29:33-07:00","solar_system_id":30001398,"victim":{"character_id":2114123404,"corporation_id":1000077,"damage_taken":418,"position":{"x":-1.8828935528464414e+12,"y":2.548334462466604e+12,"z":3.376213392886744e+12},"ship_type_id":670}}