{"attackers":[{"character_id":287894697,"corporation_id":98353083,"damage_done":344,"security_status":3.2,"ship_type_id":11200,"weapon_type_id":11200},{"character_id":96541911,"corporation_id":98353083,"damage_done":41,"final_blow":true,"security_status":-0.2,"ship_type_id":22456,"weapon_type_id":2881},{"character_id":2113726758,"corporation_id":98353083,"damage_done":32,"security_status":0.3,"ship_type_id":594,"weapon_type_id":594}],"killmail_id":71245806,"killmail_time":"2018-07-14T12:01:56-07:00","solar_system_id":31001140,"victim":{"character_id":2114292233,"corporation_id":1000165,"damage_taken":417,"items":[{"flag":89,"item_type_id":13283,"quantity_destroyed":1}],"position":{"x":-1.4784527335409848e+11,"y":-4.585291766791324e+10,"z":-2.1792423932934106e+11},"ship_type_id":670}}