{"attackers":[{"alliance_id":1354830081,"character_id":96436324,"corporation_id":98011082,"damage_done":461,"final_blow":true,"security_status":1.1,"ship_type_id":37480,"weapon_type_id":2817}],"killmail_id":71245566,"killmail_time":"2018-07-14T11:49:47-07:00","solar_system_id":30001980,"victim":{"alliance_id":99005955,"character_id":94113427,"corporation_id":612633154,"damage_taken":461,"position":{"x":3.074726103488082e+12,"y":3.566993919043149e+11,"z":-3.831932854717702e+11},"ship_type_id":670}}