{"attackers":[{"alliance_id":99002775,"character_id":819004125,"corporation_id":98140648,"damage_done":503,"final_blow":true,"security_status":-10,"ship_type_id":16242,"weapon_type_id":8905}],"killmail_id":71245303,"killmail_time":"2018-07-14T11:37:57-07:00","solar_system_id":30003503,"victim":{"alliance_id":99006771,"character_id":97246607,"corporation_id":98301673,"damage_taken":503,"position":{"x":-1.5069092633706892e+12,"y":5.0550706090681384e+11,"z":-4.1111323756592705e+12},"ship_type_id":672}}