{"attackers":[{"damage_done":688,"faction_id":500001,"final_blow":true,"ship_type_id":3739}],"killmail_id":71244453,"killmail_time":"2018-07-14T10:50:34-07:00","solar_system_id":30002813,"victim":{"alliance_id":99002302,"character_id":418136991,"corporation_id":480079747,"damage_taken":688,"items":[{"flag":5,"item_type_id":34,"quantity_dropped":1},{"flag":27,"item_type_id":3638,"quantity_dropped":1},{"flag":19,"item_type_id":21857,"quantity_destroyed":1},{"flag":28,"item_type_id":3651,"quantity_dropped":1}],"position":{"x":4.3868205674272217e+12,"y":1.0995748412025078e+12,"z":4.2625437970802826e+11},"ship_type_id":606}}