{"attackers":[{"alliance_id":99000814,"character_id":94848671,"corporation_id":98299502,"damage_done":461,"final_blow":true,"security_status":-7.6,"ship_type_id":33816,"weapon_type_id":27361}],"killmail_id":71243384,"killmail_time":"2018-07-14T09:54:17-07:00","solar_system_id":30000943,"victim":{"alliance_id":99004480,"character_id":96296856,"corporation_id":98066511,"damage_taken":461,"position":{"x":2.5943771845815128e+11,"y":-1.1711909028120848e+10,"z":1.815676807783227e+11},"ship_type_id":670}}