{"attackers":[{"character_id":1409235210,"corporation_id":98407212,"damage_done":422,"final_blow":true,"security_status":-3.7,"ship_type_id":24702,"weapon_type_id":2466},{"character_id":92162604,"corporation_id":98407212,"security_status":-1.7,"ship_type_id":11176,"weapon_type_id":3244}],"killmail_id":71244557,"killmail_time":"2018-07-14T10:57:25-07:00","solar_system_id":30002432,"victim":{"alliance_id":99005338,"character_id":2114234440,"corporation_id":98388312,"damage_taken":422,"position":{"x":1.5429677603737922e+12,"y":-3.491954834536593e+11,"z":6.455780860092509e+11},"ship_type_id":670}}