{"attackers":[{"alliance_id":99007539,"character_id":181486998,"corporation_id":98519717,"damage_done":432,"faction_id":500003,"final_blow":true,"security_status":-0.8,"ship_type_id":17722,"weapon_type_id":3082}],"killmail_id":71243844,"killmail_time":"2018-07-14T10:16:20-07:00","solar_system_id":30002960,"victim":{"character_id":95820835,"corporation_id":1000182,"damage_taken":432,"faction_id":500002,"items":[{"flag":89,"item_type_id":13261,"quantity_destroyed":1}],"position":{"x":-2.3517129484188765e+12,"y":2.2141684336541956e+11,"z":3.0962637560828315e+12},"ship_type_id":670}}