{"attackers":[{"character_id":2112012398,"corporation_id":98499380,"damage_done":466,"final_blow":true,"security_status":4.7,"ship_type_id":3756,"weapon_type_id":3146}],"killmail_id":71244094,"killmail_time":"2018-07-14T10:31:30-07:00","solar_system_id":30003563,"victim":{"alliance_id":99005338,"character_id":1993453618,"corporation_id":98388312,"damage_taken":466,"position":{"x":6.764355869085225e+12,"y":-8.075741422741617e+11,"z":-1.0993536610707081e+12},"ship_type_id":670}}