{"attackers":[{"alliance_id":99006534,"character_id":91464265,"corporation_id":98428919,"damage_done":435,"final_blow":true,"security_status":-2.3,"ship_type_id":11200,"weapon_type_id":3170}],"killmail_id":71245728,"killmail_time":"2018-07-14T11:58:47-07:00","solar_system_id":30000999,"victim":{"alliance_id":99007232,"character_id":96109597,"corporation_id":98474520,"damage_taken":435,"position":{"x":-1.2825488703180166e+12,"y":2.73025236978877e+11,"z":1.21586069497495e+12},"ship_type_id":670}}