{"attackers":[{"alliance_id":99007988,"character_id":92198919,"corporation_id":98474028,"damage_done":469,"final_blow":true,"security_status":2.9,"weapon_type_id":27371}],"killmail_id":71244573,"killmail_time":"2018-07-14T10:58:17-07:00","solar_system_id":30000672,"victim":{"alliance_id":99000814,"character_id":1654461002,"corporation_id":98518919,"damage_taken":469,"position":{"x":-1.232251560610331e+12,"y":-9.889985530598619e+10,"z":5.561484290747057e+12},"ship_type_id":670}}