{"attackers":[{"corporation_id":1000125,"damage_done":545,"final_blow":true,"ship_type_id":3885},{"corporation_id":1000079,"ship_type_id":9959}],"killmail_id":71243781,"killmail_time":"2018-07-14T10:13:25-07:00","solar_system_id":30003503,"victim":{"alliance_id":99002775,"character_id":819004125,"corporation_id":98140648,"damage_taken":545,"position":{"x":1.0861916431398319e+12,"y":1.0833758369401972e+10,"z":3.856958805321529e+12},"ship_type_id":11134}}