{"attackers":[{"alliance_id":99005338,"character_id":96188692,"corporation_id":98558506,"damage_done":461,"final_blow":true,"security_status":5,"ship_type_id":11200,"weapon_type_id":562},{"alliance_id":1548582972,"character_id":91679054,"corporation_id":1239884823,"security_status":0.2,"ship_type_id":22452,"weapon_type_id":13003},{"alliance_id":99005338,"character_id":869238075,"corporation_id":98558506,"security_status":-0.5,"ship_type_id":11198,"weapon_type_id":5445},{"alliance_id":99005338,"character_id":94431318,"corporation_id":98502864,"security_status":5,"ship_type_id":11176,"weapon_type_id":2404}],"killmail_id":71245481,"killmail_time":"2018-07-14T11:46:02-07:00","solar_system_id":30003682,"victim":{"alliance_id":1354830081,"character_id":2113421508,"corporation_id":98370861,"damage_taken":461,"position":{"x":1.4771025143018145e+12,"y":-2.613880305563128e+11,"z":-1.296262309720384e+12},"ship_type_id":670}}