{"attackers":[{"alliance_id":99005382,"character_id":194129215,"corporation_id":98057065,"damage_done":458,"final_blow":true,"security_status":4.3,"ship_type_id":4310,"weapon_type_id":2961}],"killmail_id":71243117,"killmail_time":"2018-07-14T09:42:00-07:00","solar_system_id":30000142,"victim":{"alliance_id":1354830081,"character_id":97006721,"corporation_id":98366055,"damage_taken":458,"position":{"x":-1.07303325839368e+11,"y":-1.8744987993366814e+10,"z":4.3648908758893805e+11},"ship_type_id":670},"war_id":596506}