{"attackers":[{"alliance_id":99005382,"character_id":161684017,"corporation_id":98057065,"damage_done":454,"final_blow":true,"security_status":-1.7,"ship_type_id":29990,"weapon_type_id":2969}],"killmail_id":71245441,"killmail_time":"2018-07-14T11:44:01-07:00","solar_system_id":30000142,"victim":{"alliance_id":99005338,"character_id":2112981887,"corporation_id":98388312,"damage_taken":454,"position":{"x":-1.073033910067095e+11,"y":-1.8744936038451294e+10,"z":4.3648907241040454e+11},"ship_type_id":670},"war_id":596507}