{"attackers":[{"alliance_id":99001634,"character_id":94570662,"corporation_id":342600165,"damage_done":451,"faction_id":500004,"final_blow":true,"security_status":-7.4,"ship_type_id":22456,"weapon_type_id":2873}],"killmail_id":71245406,"killmail_time":"2018-07-14T11:42:17-07:00","solar_system_id":30004043,"victim":{"alliance_id":1354830081,"character_id":2114150552,"corporation_id":98539082,"damage_taken":451,"items":[{"flag":89,"item_type_id":9942,"quantity_destroyed":1},{"flag":89,"item_type_id":9899,"quantity_destroyed":1},{"flag":89,"item_type_id":9941,"quantity_destroyed":1},{"flag":89,"item_type_id":9943,"quantity_destroyed":1}],"position":{"x":-1.4189158981391814e+12,"y":6.386846878657616e+10,"z":2.3196680698488076e+12},"ship_type_id":670}}