{"attackers":[{"alliance_id":1354830081,"character_id":712963003,"corporation_id":98008630,"damage_done":274,"security_status":4.1,"ship_type_id":29984,"weapon_type_id":29984},{"alliance_id":1354830081,"character_id":1750558327,"corporation_id":98008630,"damage_done":179,"final_blow":true,"security_status":5,"ship_type_id":29986,"weapon_type_id":3025}],"killmail_id":71243607,"killmail_time":"2018-07-14T10:03:55-07:00","solar_system_id":30003680,"victim":{"alliance_id":99002938,"character_id":96696281,"corporation_id":98451523,"damage_taken":453,"position":{"x":-5.785287598243714e+12,"y":-1.6733539568100226e+11,"z":-2.6773095764855156e+12},"ship_type_id":670}}