{"attackers":[{"alliance_id":99006371,"character_id":407163651,"corporation_id":98170509,"damage_done":461,"final_blow":true,"security_status":2.7,"ship_type_id":17738,"weapon_type_id":15963},{"alliance_id":99006371,"character_id":917181577,"corporation_id":98304149,"security_status":0.5,"ship_type_id":17738,"weapon_type_id":40690}],"killmail_id":71242610,"killmail_time":"2018-07-14T09:11:43-07:00","solar_system_id":30001158,"victim":{"alliance_id":498125261,"character_id":95101290,"corporation_id":98362674,"damage_taken":461,"position":{"x":1.1001740123556365e+12,"y":-5.2586864879913536e+10,"z":-1.9493025779159421e+12},"ship_type_id":670}}