{"attackers":[{"alliance_id":1988009451,"character_id":90187721,"corporation_id":349567985,"damage_done":458,"final_blow":true,"security_status":5,"ship_type_id":621,"weapon_type_id":27381}],"killmail_id":71245829,"killmail_time":"2018-07-14T12:02:58-07:00","solar_system_id":30003707,"victim":{"alliance_id":386292982,"character_id":94936754,"corporation_id":116777001,"damage_taken":458,"position":{"x":1.2840944060544511e+11,"y":-2.1827560317301178e+10,"z":-1.9472288418754646e+10},"ship_type_id":670}}