{"attackers":[{"alliance_id":99005242,"character_id":2113207769,"corporation_id":1856883060,"damage_done":242,"security_status":5,"ship_type_id":29986,"weapon_type_id":27419},{"character_id":2112425240,"corporation_id":98512711,"damage_done":222,"final_blow":true,"security_status":2,"ship_type_id":29986,"weapon_type_id":24492},{"alliance_id":99006750,"character_id":434436519,"corporation_id":98088416,"security_status":5,"ship_type_id":12017,"weapon_type_id":37608}],"killmail_id":71244803,"killmail_time":"2018-07-14T11:14:20-07:00","solar_system_id":31000525,"victim":{"alliance_id":99007123,"character_id":96159892,"corporation_id":98558871,"damage_taken":464,"position":{"x":-2.0936101044918277e+11,"y":3.157485060597267e+11,"z":-6.323315538610676e+10},"ship_type_id":670}}