{"attackers":[{"character_id":96161465,"corporation_id":1000179,"damage_done":442,"faction_id":500003,"final_blow":true,"security_status":-1.9,"ship_type_id":3756,"weapon_type_id":2969}],"killmail_id":71242057,"killmail_time":"2018-07-14T08:47:55-07:00","solar_system_id":30002053,"victim":{"character_id":2113458771,"corporation_id":98543264,"damage_taken":442,"faction_id":500002,"position":{"x":-1.880846678901575e+11,"y":-3.747212936785702e+10,"z":1.2138965174564548e+12},"ship_type_id":670}}