{"attackers":[{"character_id":298246483,"corporation_id":98265369,"damage_done":601,"final_blow":true,"security_status":4.2,"ship_type_id":17843,"weapon_type_id":2185}],"killmail_id":71246022,"killmail_time":"2018-07-14T12:08:37-07:00","solar_system_id":31001683,"victim":{"alliance_id":99005896,"character_id":95930586,"corporation_id":98422578,"damage_taken":601,"items":[{"flag":27,"item_type_id":11370,"quantity_dropped":1}],"position":{"x":-1.414553047995227e+11,"y":-1.0117849700741619e+07,"z":1.4545317488106047e+12},"ship_type_id":32880}}