{"attackers":[{"alliance_id":99003214,"character_id":152493840,"corporation_id":98351666,"damage_done":11218,"final_blow":true,"security_status":4.6,"ship_type_id":17718,"weapon_type_id":3009}],"killmail_id":71244726,"killmail_time":"2018-07-14T11:09:44-07:00","solar_system_id":30001198,"victim":{"alliance_id":99003214,"corporation_id":98276273,"damage_taken":11218,"position":{"x":-8.525697305979045e+10,"y":3.6291942996682544e+12,"z":2.198687268222864e+12},"ship_type_id":12198}}