{"attackers":[{"alliance_id":1354830081,"character_id":94268301,"corporation_id":1184675423,"damage_done":469,"final_blow":true,"security_status":-0.2,"ship_type_id":12038,"weapon_type_id":27339}],"killmail_id":71244211,"killmail_time":"2018-07-14T10:37:58-07:00","solar_system_id":30003680,"victim":{"alliance_id":99007916,"character_id":582831561,"corporation_id":98442867,"damage_taken":469,"position":{"x":-5.785287746562185e+12,"y":-1.6733537006612796e+11,"z":-2.677309632764722e+12},"ship_type_id":670}}