{"attackers":[{"character_id":95835700,"corporation_id":98566752,"damage_done":441,"final_blow":true,"security_status":-10,"ship_type_id":17738,"weapon_type_id":14206}],"killmail_id":71245963,"killmail_time":"2018-07-14T12:07:27-07:00","solar_system_id":30002691,"victim":{"alliance_id":99005590,"character_id":2112362445,"corporation_id":98364021,"damage_taken":441,"position":{"x":-6.050010367951459e+11,"y":3.319251868728685e+12,"z":1.887062138744316e+12},"ship_type_id":670}}