{"attackers":[{"alliance_id":1727758877,"character_id":1326083433,"corporation_id":761955047,"damage_done":187,"security_status":-0.2,"ship_type_id":22440,"weapon_type_id":22440},{"alliance_id":1727758877,"character_id":215277464,"corporation_id":1070320653,"damage_done":181,"final_blow":true,"security_status":0.4,"ship_type_id":22428,"weapon_type_id":15963}],"killmail_id":71243449,"killmail_time":"2018-07-14T09:55:58-07:00","solar_system_id":30004042,"victim":{"alliance_id":1727758877,"character_id":1474299941,"corporation_id":1594479347,"damage_taken":368,"position":{"x":2.376654653700836e+12,"y":2.225774224305862e+12,"z":8.814142969385516e+12},"ship_type_id":670}}