{"attackers":[{"alliance_id":1354830081,"character_id":96934041,"corporation_id":98454925,"damage_done":461,"final_blow":true,"security_status":-1,"ship_type_id":11196,"weapon_type_id":2977}],"killmail_id":71243530,"killmail_time":"2018-07-14T09:59:36-07:00","solar_system_id":30002042,"victim":{"alliance_id":99007916,"character_id":92542555,"corporation_id":98257549,"damage_taken":461,"position":{"x":2.6186410076978867e+12,"y":6.245240957686942e+12,"z":-1.5262318997687903e+12},"ship_type_id":670}}