{"attackers":[{"alliance_id":99007985,"character_id":96708891,"corporation_id":98303612,"damage_done":461,"final_blow":true,"security_status":5,"ship_type_id":35683,"weapon_type_id":3178}],"killmail_id":71245594,"killmail_time":"2018-07-14T11:51:01-07:00","solar_system_id":30003372,"victim":{"alliance_id":99007472,"character_id":91815772,"corporation_id":98379927,"damage_taken":461,"items":[{"flag":89,"item_type_id":10217,"quantity_destroyed":1},{"flag":89,"item_type_id":10213,"quantity_destroyed":1}],"position":{"x":8.603677657356683e+10,"y":1.0472697674015146e+10,"z":-3.2748514778456165e+11},"ship_type_id":33328}}