{"attackers":[{"alliance_id":99003006,"character_id":1739115037,"corporation_id":98541476,"damage_done":422,"final_blow":true,"security_status":3.8,"ship_type_id":11963,"weapon_type_id":27381}],"killmail_id":71243579,"killmail_time":"2018-07-14T10:02:08-07:00","solar_system_id":30001552,"victim":{"character_id":1340253479,"corporation_id":98528635,"damage_taken":422,"position":{"x":-4.121485488559693e+12,"y":7.647880625038254e+11,"z":-1.4544479705486526e+12},"ship_type_id":670}}