{"attackers":[{"alliance_id":1354830081,"character_id":1750558327,"corporation_id":98008630,"damage_done":456,"security_status":5,"ship_type_id":29986,"weapon_type_id":29986},{"alliance_id":1354830081,"character_id":95222359,"corporation_id":98008630,"damage_done":5,"final_blow":true,"security_status":4.8,"ship_type_id":12038,"weapon_type_id":27339},{"alliance_id":1354830081,"character_id":94268301,"corporation_id":1184675423,"security_status":-0.2,"ship_type_id":12038,"weapon_type_id":8117}],"killmail_id":71243608,"killmail_time":"2018-07-14T10:03:55-07:00","solar_system_id":30003680,"victim":{"alliance_id":99002938,"character_id":93214090,"corporation_id":98389365,"damage_taken":461,"position":{"x":-5.785287607378613e+12,"y":-1.6733540224036664e+11,"z":-2.6773095660701533e+12},"ship_type_id":670}}