{"attackers":[{"alliance_id":99007123,"character_id":2112657921,"corporation_id":98484011,"damage_done":1069,"final_blow":true,"security_status":5.1,"ship_type_id":34317,"weapon_type_id":2993}],"killmail_id":71244219,"killmail_time":"2018-07-14T10:38:37-07:00","solar_system_id":30004019,"victim":{"character_id":93117433,"corporation_id":98338219,"damage_taken":1069,"items":[{"flag":12,"item_type_id":2605,"quantity_dropped":1},{"flag":19,"item_type_id":5973,"quantity_destroyed":1},{"flag":11,"item_type_id":1405,"quantity_dropped":1}],"position":{"x":7.575413098983728e+11,"y":-7.819639551096351e+11,"z":1.456337251860657e+12},"ship_type_id":583}}