{"attackers":[{"character_id":3019609,"corporation_id":1000274,"damage_done":500,"faction_id":500024,"final_blow":true,"ship_type_id":47956,"weapon_type_id":34580},{"character_id":3019610,"corporation_id":1000274,"faction_id":500024,"ship_type_id":47960,"weapon_type_id":47446},{"corporation_id":1000274,"ship_type_id":47956}],"killmail_id":71244647,"killmail_time":"2018-07-14T11:03:18-07:00","solar_system_id":32000088,"victim":{"alliance_id":99007044,"character_id":91119316,"corporation_id":98509706,"damage_taken":500,"position":{"x":-1.4959710027506328e+13,"y":-1.4959788686158951e+13,"z":-1.4959788687531842e+13},"ship_type_id":670}}