{"attackers":[{"alliance_id":1683694957,"character_id":641794466,"corporation_id":1234433085,"damage_done":1168,"final_blow":true,"security_status":-10,"ship_type_id":4310,"weapon_type_id":2961}],"killmail_id":71245032,"killmail_time":"2018-07-14T11:27:46-07:00","solar_system_id":30003470,"victim":{"alliance_id":99003006,"character_id":94860648,"corporation_id":98448436,"damage_taken":1168,"items":[{"flag":27,"item_type_id":21096,"quantity_dropped":1}],"position":{"x":-4.010894018204086e+12,"y":6.3535803473102165e+10,"z":-1.0786304299657349e+12},"ship_type_id":592}}