{"attackers":[{"alliance_id":99007529,"character_id":93804313,"corporation_id":98345443,"damage_done":1300760,"final_blow":true,"security_status":-0.2,"ship_type_id":4308,"weapon_type_id":34282}],"killmail_id":71245625,"killmail_time":"2018-07-14T11:53:22-07:00","solar_system_id":30003423,"victim":{"corporation_id":98456104,"damage_taken":1300760,"position":{"x":-2.714457326458113e+11,"y":-2.1765580846253914e+10,"z":4.143255386227419e+10},"ship_type_id":27768},"war_id":607543}