{"attackers":[{"character_id":96099978,"corporation_id":98549808,"damage_done":9605,"final_blow":true,"security_status":4.5,"ship_type_id":29984,"weapon_type_id":24490}],"killmail_id":71243782,"killmail_time":"2018-07-14T10:13:27-07:00","solar_system_id":30005142,"victim":{"character_id":90774813,"corporation_id":98556004,"damage_taken":9605,"position":{"x":1.952199281317738e+11,"y":-3.999400676208385e+10,"z":3.923470038296867e+11},"ship_type_id":33474}}