{"attackers":[{"alliance_id":99007379,"character_id":97220818,"corporation_id":98469752,"damage_done":269,"final_blow":true,"security_status":1.3,"ship_type_id":29336,"weapon_type_id":2937}],"killmail_id":71244458,"killmail_time":"2018-07-14T10:50:46-07:00","solar_system_id":30005186,"victim":{"alliance_id":99008343,"character_id":93279642,"corporation_id":98019870,"damage_taken":269,"position":{"x":-1.8079569610740463e+11,"y":3.7140860897204675e+11,"z":-2.72723251669427e+12},"ship_type_id":670}}