{"attackers":[{"alliance_id":498125261,"character_id":96637923,"corporation_id":98311523,"damage_done":458,"final_blow":true,"security_status":5,"ship_type_id":29990,"weapon_type_id":24490},{"alliance_id":498125261,"character_id":96574270,"corporation_id":1091440439,"security_status":5,"ship_type_id":22456,"weapon_type_id":2889}],"killmail_id":71242560,"killmail_time":"2018-07-14T09:08:58-07:00","solar_system_id":30003171,"victim":{"alliance_id":99006138,"character_id":96609103,"corporation_id":98440844,"damage_taken":458,"position":{"x":-2.894339168263016e+11,"y":5.0672376611998695e+10,"z":2.6458311574231897e+11},"ship_type_id":670}}