{"attackers":[{"character_id":128140932,"corporation_id":98524493,"damage_done":2103,"security_status":4.8,"ship_type_id":22452,"weapon_type_id":24471},{"character_id":93424463,"corporation_id":98512711,"damage_done":369,"final_blow":true,"security_status":1.2,"ship_type_id":29986,"weapon_type_id":27361},{"alliance_id":99006750,"character_id":2112579885,"corporation_id":98088416,"ship_type_id":11182,"weapon_type_id":16527}],"killmail_id":71245535,"killmail_time":"2018-07-14T11:48:23-07:00","solar_system_id":31000525,"victim":{"alliance_id":99007123,"character_id":93174230,"corporation_id":98558871,"damage_taken":2472,"position":{"x":-2.0936116947886255e+11,"y":3.157484662215241e+11,"z":-6.32330313046407e+10},"ship_type_id":16240}}