{"attackers":[{"alliance_id":99003006,"character_id":977694039,"corporation_id":635210548,"damage_done":249,"security_status":4.8,"ship_type_id":11993,"weapon_type_id":27413},{"alliance_id":99003006,"character_id":95377627,"corporation_id":635210548,"damage_done":211,"final_blow":true,"security_status":5,"ship_type_id":622,"weapon_type_id":2897},{"alliance_id":99003006,"character_id":2113410518,"corporation_id":98421670,"security_status":5,"ship_type_id":11178,"weapon_type_id":10680}],"killmail_id":71244641,"killmail_time":"2018-07-14T11:02:51-07:00","solar_system_id":30001106,"victim":{"alliance_id":99007439,"character_id":90594639,"corporation_id":916251988,"damage_taken":460,"position":{"x":-6.859538779468065e+11,"y":-1.0990668806678732e+11,"z":-1.741004288043292e+12},"ship_type_id":670}}