{"attackers":[{"alliance_id":99007599,"character_id":92521281,"corporation_id":98304186,"damage_done":334,"security_status":-5.7,"ship_type_id":17930,"weapon_type_id":27371},{"alliance_id":99008244,"character_id":91906104,"corporation_id":98561441,"damage_done":123,"final_blow":true,"security_status":-1.9,"ship_type_id":11186,"weapon_type_id":27387}],"killmail_id":71243779,"killmail_time":"2018-07-14T10:13:23-07:00","solar_system_id":30045344,"victim":{"alliance_id":937872513,"character_id":94924818,"corporation_id":917701062,"damage_taken":457,"position":{"x":-1.878825359604224e+11,"y":3.1870153747904617e+10,"z":-3.963341983319783e+11},"ship_type_id":670}}