{"attackers":[{"alliance_id":99001317,"character_id":96053841,"corporation_id":604035876,"damage_done":458,"final_blow":true,"security_status":5,"ship_type_id":11381,"weapon_type_id":3178}],"killmail_id":71242169,"killmail_time":"2018-07-14T08:53:23-07:00","solar_system_id":30002005,"victim":{"alliance_id":498125261,"character_id":2112496614,"corporation_id":1018389948,"damage_taken":458,"position":{"x":1.4419638298730533e+11,"y":1.2782346787139332e+10,"z":-1.1003330269746743e+12},"ship_type_id":670}}