{"attackers":[{"alliance_id":99000200,"character_id":92630047,"corporation_id":98142658,"damage_done":421,"final_blow":true,"security_status":1.2,"ship_type_id":12042,"weapon_type_id":3178}],"killmail_id":71243309,"killmail_time":"2018-07-14T09:52:14-07:00","solar_system_id":30004969,"victim":{"character_id":2114238776,"corporation_id":1000168,"damage_taken":421,"items":[{"flag":89,"item_type_id":14298,"quantity_destroyed":1}],"position":{"x":8.854043162761249e+10,"y":-2.5819738972706448e+11,"z":-6.96818121007523e+10},"ship_type_id":670}}