{"attackers":[{"alliance_id":99007880,"character_id":91062933,"corporation_id":98535092,"damage_done":256,"faction_id":500002,"security_status":-9.7,"ship_type_id":22456,"weapon_type_id":22456},{"character_id":2112468056,"corporation_id":1000182,"damage_done":204,"faction_id":500002,"final_blow":true,"security_status":-0.2,"ship_type_id":29336,"weapon_type_id":2937},{"alliance_id":99007880,"character_id":96687936,"corporation_id":98475877,"faction_id":500002,"security_status":-4.4,"ship_type_id":11963,"weapon_type_id":2404}],"killmail_id":71243611,"killmail_time":"2018-07-14T10:04:07-07:00","solar_system_id":30002906,"victim":{"alliance_id":1727758877,"character_id":96421229,"corporation_id":875512489,"damage_taken":460,"items":[{"flag":89,"item_type_id":13216,"quantity_destroyed":1}],"position":{"x":-1.5720624520184907e+12,"y":1.0663237485366667e+12,"z":-2.550070707617682e+12},"ship_type_id":670}}