{"attackers":[{"character_id":2112477369,"corporation_id":98527966,"damage_done":461,"final_blow":true,"security_status":5.1,"ship_type_id":3756,"weapon_type_id":3146}],"killmail_id":71243028,"killmail_time":"2018-07-14T09:34:56-07:00","solar_system_id":30003488,"victim":{"alliance_id":99007855,"character_id":538622496,"corporation_id":98546875,"damage_taken":461,"position":{"x":1.850867203912345e+10,"y":6.963853094599707e+09,"z":5.313521491140137e+10},"ship_type_id":670}}