{"attackers":[{"alliance_id":99006625,"character_id":94771700,"corporation_id":98177721,"damage_done":421,"faction_id":500004,"final_blow":true,"security_status":-10,"ship_type_id":2006,"weapon_type_id":3520},{"character_id":96579891,"corporation_id":98551370,"security_status":-10,"ship_type_id":17922,"weapon_type_id":12267}],"killmail_id":71243109,"killmail_time":"2018-07-14T09:41:12-07:00","solar_system_id":30002813,"victim":{"character_id":2114246057,"corporation_id":1000180,"damage_taken":421,"faction_id":500001,"position":{"x":4.386820535599993e+12,"y":1.0995748592321196e+12,"z":4.2625437187188184e+11},"ship_type_id":670}}