{"attackers":[{"alliance_id":1695357456,"character_id":2112755774,"corporation_id":98547150,"damage_done":347,"security_status":5,"ship_type_id":11178,"weapon_type_id":11178},{"alliance_id":1695357456,"character_id":2113034499,"corporation_id":98237313,"damage_done":58,"final_blow":true,"security_status":2.9,"ship_type_id":11184,"weapon_type_id":3041},{"alliance_id":1695357456,"character_id":92031497,"corporation_id":98237313,"damage_done":50,"security_status":5,"ship_type_id":11202,"weapon_type_id":11202},{"alliance_id":1695357456,"character_id":2114024158,"corporation_id":98110767,"damage_done":23,"security_status":4.1,"ship_type_id":11178,"weapon_type_id":11178}],"killmail_id":71245890,"killmail_time":"2018-07-14T12:04:42-07:00","solar_system_id":30003682,"victim":{"alliance_id":1354830081,"character_id":90623206,"corporation_id":98495782,"damage_taken":478,"position":{"x":-1.8134982838256716e+12,"y":-3.473571694711428e+12,"z":-2.894638762722303e+11},"ship_type_id":672}}