{"attackers":[{"alliance_id":99007539,"character_id":2113870874,"corporation_id":98564127,"damage_done":437,"faction_id":500003,"final_blow":true,"security_status":-2.1,"ship_type_id":12034,"weapon_type_id":27359}],"killmail_id":71243710,"killmail_time":"2018-07-14T10:09:31-07:00","solar_system_id":30004784,"victim":{"alliance_id":1354830081,"character_id":91926834,"corporation_id":98190062,"damage_taken":437,"items":[{"flag":89,"item_type_id":10216,"quantity_destroyed":1},{"flag":89,"item_type_id":10208,"quantity_destroyed":1},{"flag":89,"item_type_id":10212,"quantity_destroyed":1},{"flag":89,"item_type_id":10221,"quantity_destroyed":1}],"position":{"x":-1.3226606372472247e+11,"y":-1.1863324763514837e+10,"z":8.805287641006425e+10},"ship_type_id":670}}