{"attackers":[{"character_id":91673731,"corporation_id":1000080,"damage_done":43479,"final_blow":true,"security_status":-1.8,"ship_type_id":28665,"weapon_type_id":2929}],"killmail_id":71244041,"killmail_time":"2018-07-14T10:28:08-07:00","solar_system_id":30002243,"victim":{"character_id":92791202,"corporation_id":98558168,"damage_taken":43479,"position":{"x":-3.8859217328900557e+12,"y":-5.1348897690393634e+11,"z":7.270367235475781e+11},"ship_type_id":33475}}