{"attackers":[{"alliance_id":99005382,"character_id":161684017,"corporation_id":98057065,"damage_done":458,"final_blow":true,"security_status":-1.7,"ship_type_id":29990,"weapon_type_id":2969}],"killmail_id":71246085,"killmail_time":"2018-07-14T12:10:01-07:00","solar_system_id":30000142,"victim":{"alliance_id":99005338,"character_id":94304911,"corporation_id":98558506,"damage_taken":458,"position":{"x":-1.073033976873728e+11,"y":-1.874498080068192e+10,"z":4.364890143412897e+11},"ship_type_id":670},"war_id":596507}