{"attackers":[{"character_id":96576533,"corporation_id":98536030,"damage_done":5039,"final_blow":true,"security_status":0.4,"ship_type_id":22456,"weapon_type_id":2873},{"corporation_id":1000124,"ship_type_id":11024}],"killmail_id":71244370,"killmail_time":"2018-07-14T10:46:02-07:00","solar_system_id":30002583,"victim":{"alliance_id":99003214,"character_id":2113968717,"corporation_id":98551152,"damage_taken":5039,"position":{"x":-7.655559920703142e+10,"y":1.9322771729831262e+09,"z":9.479294562559593e+10},"ship_type_id":648}}