{"attackers":[{"character_id":94180713,"corporation_id":1000066,"damage_done":431,"final_blow":true,"security_status":-1.4,"ship_type_id":17736,"weapon_type_id":3057}],"killmail_id":71243405,"killmail_time":"2018-07-14T09:54:45-07:00","solar_system_id":30003523,"victim":{"character_id":2113932306,"corporation_id":98554541,"damage_taken":431,"position":{"x":-2.535209046953842e+12,"y":2.660105862423238e+10,"z":2.4392368462700073e+11},"ship_type_id":670}}