{"attackers":[{"faction_id":500021,"final_blow":true,"ship_type_id":47465}],"killmail_id":71244591,"killmail_time":"2018-07-14T10:59:48-07:00","solar_system_id":32000142,"victim":{"character_id":2113348254,"corporation_id":98565847,"items":[{"flag":89,"item_type_id":3265,"quantity_destroyed":1},{"flag":89,"item_type_id":19500,"quantity_destroyed":1}],"position":{"x":-1.4959749386984887e+13,"y":-1.4959788682215674e+13,"z":-1.495978869965367e+13},"ship_type_id":670}}