{"attackers":[{"alliance_id":99004567,"character_id":905827294,"corporation_id":98185698,"damage_done":442,"final_blow":true,"security_status":3.3,"ship_type_id":29990,"weapon_type_id":2913}],"killmail_id":71244348,"killmail_time":"2018-07-14T10:45:19-07:00","solar_system_id":30003726,"victim":{"character_id":93522691,"corporation_id":1000077,"damage_taken":442,"position":{"x":-2.87700060197535e+12,"y":-5.4905720946975195e+11,"z":-6.072302838840145e+11},"ship_type_id":670}}