{"attackers":[{"character_id":2113343927,"corporation_id":98554303,"damage_done":440,"final_blow":true,"ship_type_id":22460,"weapon_type_id":7487}],"killmail_id":71243715,"killmail_time":"2018-07-14T10:09:48-07:00","solar_system_id":31000531,"victim":{"character_id":2113721778,"corporation_id":98550811,"damage_taken":440,"position":{"x":2.4092737108069562e+11,"y":-8.936620220421304e+10,"z":-8.153332845039809e+10},"ship_type_id":670}}