{"attackers":[{"alliance_id":99000814,"character_id":752096857,"corporation_id":98452018,"damage_done":422,"final_blow":true,"security_status":-10,"ship_type_id":24688,"weapon_type_id":3989}],"killmail_id":71246122,"killmail_time":"2018-07-14T12:10:35-07:00","solar_system_id":30002393,"victim":{"character_id":2113684303,"corporation_id":1000009,"damage_taken":422,"position":{"x":1.909583479117575e+11,"y":-2.695311389538913e+10,"z":4.0174420336489385e+12},"ship_type_id":670}}