{"attackers":[{"character_id":95089982,"corporation_id":98551342,"damage_done":444,"faction_id":500004,"final_blow":true,"security_status":-0.3,"ship_type_id":12021,"weapon_type_id":3082}],"killmail_id":71244975,"killmail_time":"2018-07-14T11:24:17-07:00","solar_system_id":30001400,"victim":{"alliance_id":99008358,"character_id":2113843267,"corporation_id":98562256,"damage_taken":444,"position":{"x":2.065682708524509e+12,"y":-2.834253359472391e+12,"z":-2.1079458021711672e+12},"ship_type_id":670},"war_id":605322}