{"attackers":[{"alliance_id":99007916,"character_id":1580968838,"corporation_id":98468592,"damage_done":272,"security_status":5,"ship_type_id":12034,"weapon_type_id":27359},{"alliance_id":99007916,"character_id":96703090,"corporation_id":98557697,"damage_done":105,"final_blow":true,"security_status":5,"ship_type_id":12034,"weapon_type_id":27359},{"alliance_id":99007916,"character_id":94558144,"corporation_id":98257549,"damage_done":84,"security_status":5,"ship_type_id":12034,"weapon_type_id":27359},{"alliance_id":99007916,"character_id":96721533,"corporation_id":98468592,"security_status":0.4,"ship_type_id":12034,"weapon_type_id":8117}],"killmail_id":71245685,"killmail_time":"2018-07-14T11:56:22-07:00","solar_system_id":30003694,"victim":{"alliance_id":99007916,"character_id":90839324,"corporation_id":98257549,"damage_taken":461,"position":{"x":3.170688881851832e+11,"y":-4.272833996376541e+10,"z":4.2559092410700283e+12},"ship_type_id":670}}