{"attackers":[{"alliance_id":99006113,"character_id":96157971,"corporation_id":98323701,"damage_done":458,"final_blow":true,"security_status":2,"ship_type_id":34317,"weapon_type_id":3033}],"killmail_id":71243624,"killmail_time":"2018-07-14T10:05:00-07:00","solar_system_id":31001954,"victim":{"character_id":96541911,"corporation_id":98353083,"damage_taken":458,"position":{"x":3.2298683934043133e+08,"y":7.05396605580754e+07,"z":1.4179808032814673e+08},"ship_type_id":670}}