{"attackers":[{"character_id":1292964949,"corporation_id":1000009,"damage_done":10113,"final_blow":true,"security_status":-0.2,"ship_type_id":17930,"weapon_type_id":2205}],"killmail_id":71243006,"killmail_time":"2018-07-14T09:33:48-07:00","solar_system_id":30000998,"victim":{"alliance_id":99001407,"corporation_id":1406475932,"damage_taken":10113,"position":{"x":-2.6674618393815728e+12,"y":-3.4414401121378955e+11,"z":2.24050029044065e+12},"ship_type_id":12198}}