{"attackers":[{"alliance_id":1827461711,"character_id":91660609,"corporation_id":98323806,"damage_done":442,"final_blow":true,"security_status":-10,"ship_type_id":17715,"weapon_type_id":27361},{"alliance_id":99005513,"character_id":96801326,"corporation_id":98261736,"faction_id":500004,"security_status":-5.5,"ship_type_id":11202,"weapon_type_id":3244}],"killmail_id":71243906,"killmail_time":"2018-07-14T10:20:20-07:00","solar_system_id":30003856,"victim":{"alliance_id":99008214,"character_id":2113168016,"corporation_id":98525684,"damage_taken":442,"faction_id":500001,"position":{"x":4.2581793037264075e+11,"y":7.683441644923212e+10,"z":3.550308816177877e+11},"ship_type_id":670}}