{"attackers":[{"character_id":2113796662,"corporation_id":98512711,"damage_done":598,"final_blow":true,"security_status":0.1,"ship_type_id":3756,"weapon_type_id":7619}],"killmail_id":71245962,"killmail_time":"2018-07-14T12:07:25-07:00","solar_system_id":31000525,"victim":{"alliance_id":99003006,"character_id":97108760,"corporation_id":98383139,"damage_taken":598,"items":[{"flag":94,"item_type_id":31788,"quantity_destroyed":1},{"flag":93,"item_type_id":31788,"quantity_destroyed":1},{"flag":92,"item_type_id":31788,"quantity_destroyed":1}],"position":{"x":-2.0935994508463135e+11,"y":3.1574827541844385e+11,"z":-6.3232941305588905e+10},"ship_type_id":32880}}