{"attackers":[{"alliance_id":99008060,"character_id":93612572,"corporation_id":98523536,"damage_done":306,"final_blow":true,"security_status":-2.4,"ship_type_id":47466,"weapon_type_id":3979},{"alliance_id":99008060,"character_id":2112726812,"corporation_id":98564129,"damage_done":240,"security_status":-9,"ship_type_id":47466,"weapon_type_id":47466}],"killmail_id":71245074,"killmail_time":"2018-07-14T11:29:30-07:00","solar_system_id":30003835,"victim":{"character_id":2113366203,"corporation_id":1000107,"damage_taken":546,"position":{"x":4.612952672584528e+12,"y":2.1471101315410789e+12,"z":2.3719756138036094e+12},"ship_type_id":11129}}