{"attackers":[{"alliance_id":99006805,"character_id":1847135743,"corporation_id":110427029,"damage_done":320,"final_blow":true,"security_status":4.5,"ship_type_id":626,"weapon_type_id":3138},{"alliance_id":99006805,"character_id":2114221549,"corporation_id":98513961,"damage_done":100,"weapon_type_id":16242},{"alliance_id":99006805,"character_id":96070524,"corporation_id":98513961,"damage_done":18,"security_status":5,"weapon_type_id":11174},{"alliance_id":99006805,"character_id":1278968641,"corporation_id":110427029,"security_status":5,"weapon_type_id":527}],"killmail_id":71245708,"killmail_time":"2018-07-14T11:57:40-07:00","solar_system_id":30004807,"victim":{"alliance_id":99003214,"character_id":2114172434,"corporation_id":98169165,"damage_taken":438,"position":{"x":-9.499347751055337e+11,"y":4.4486622762460625e+10,"z":2.407520218769725e+11},"ship_type_id":670}}