{"attackers":[{"character_id":2113400141,"corporation_id":98566539,"damage_done":458,"final_blow":true,"security_status":-1,"ship_type_id":22456,"weapon_type_id":2889}],"killmail_id":71244061,"killmail_time":"2018-07-14T10:29:30-07:00","solar_system_id":30000625,"victim":{"alliance_id":99005518,"character_id":96582590,"corporation_id":98549521,"damage_taken":458,"items":[{"flag":89,"item_type_id":10216,"quantity_destroyed":1},{"flag":89,"item_type_id":10221,"quantity_destroyed":1},{"flag":89,"item_type_id":10212,"quantity_destroyed":1},{"flag":89,"item_type_id":10208,"quantity_destroyed":1}],"position":{"x":-5.573578630366696e+11,"y":-7.318030672008775e+10,"z":-2.6837422229657626e+11},"ship_type_id":670}}