{"attackers":[{"alliance_id":99008197,"character_id":2113183120,"corporation_id":98500774,"damage_done":439,"final_blow":true,"security_status":5,"ship_type_id":17720,"weapon_type_id":2913},{"alliance_id":99008197,"character_id":94814272,"corporation_id":98500774,"security_status":4.9,"weapon_type_id":5405},{"alliance_id":99008197,"character_id":1831451694,"corporation_id":98500774,"security_status":5,"weapon_type_id":3244}],"killmail_id":71245523,"killmail_time":"2018-07-14T11:47:59-07:00","solar_system_id":30003756,"victim":{"alliance_id":1988009451,"character_id":94247012,"corporation_id":98195174,"damage_taken":439,"position":{"x":-2.2301347489730044e+12,"y":1.5998640532231106e+12,"z":1.1342965211917699e+11},"ship_type_id":670}}