{"attackers":[{"character_id":96424385,"corporation_id":1000006,"damage_done":405,"final_blow":true,"security_status":5,"ship_type_id":24702,"weapon_type_id":2897}],"killmail_id":71244144,"killmail_time":"2018-07-14T10:34:37-07:00","solar_system_id":30000848,"victim":{"character_id":2114299929,"corporation_id":1000044,"damage_taken":405,"position":{"x":5.510851032470308e+12,"y":6.692097861015029e+11,"z":-3.622456354994201e+12},"ship_type_id":670}}