{"attackers":[{"alliance_id":99005382,"character_id":248872589,"corporation_id":98557686,"damage_done":200,"security_status":-0.8,"ship_type_id":29990,"weapon_type_id":27387},{"alliance_id":99004364,"character_id":90545323,"corporation_id":98380820,"damage_done":112,"security_status":0.9,"ship_type_id":11978,"weapon_type_id":2488},{"alliance_id":99006069,"character_id":2113112306,"corporation_id":98525904,"damage_done":47,"final_blow":true,"security_status":5,"ship_type_id":17918,"weapon_type_id":27447}],"killmail_id":71242541,"killmail_time":"2018-07-14T09:08:28-07:00","solar_system_id":31000790,"victim":{"character_id":96819013,"corporation_id":98485933,"damage_taken":359,"position":{"x":5.024347235141833e+12,"y":3.285227832195378e+08,"z":3.283264825058241e+12},"ship_type_id":11132}}