{"attackers":[{"alliance_id":99001742,"character_id":2112263673,"corporation_id":98513606,"damage_done":458,"faction_id":500001,"final_blow":true,"security_status":-1.6,"ship_type_id":594,"weapon_type_id":3178}],"killmail_id":71242256,"killmail_time":"2018-07-14T08:56:19-07:00","solar_system_id":30045345,"victim":{"character_id":2113061280,"corporation_id":1000168,"damage_taken":458,"position":{"x":3.009321468080066e+11,"y":2.0203831217310062e+11,"z":4.8096214995209204e+11},"ship_type_id":670}}