{"attackers":[{"alliance_id":99003581,"character_id":95151744,"corporation_id":98474987,"damage_done":351769,"security_status":5,"ship_type_id":19720,"weapon_type_id":19720},{"alliance_id":99003581,"character_id":94896362,"corporation_id":98474987,"damage_done":96739,"final_blow":true,"security_status":5,"ship_type_id":19726,"weapon_type_id":27345}],"killmail_id":71244437,"killmail_time":"2018-07-14T10:50:00-07:00","solar_system_id":30000480,"victim":{"alliance_id":99007583,"character_id":1635210062,"corporation_id":98149708,"damage_taken":448508,"position":{"x":4.875261022213762e+12,"y":-2.809410276552251e+11,"z":-4.736620988552618e+12},"ship_type_id":33476}}