{"attackers":[{"alliance_id":99006138,"character_id":93531438,"corporation_id":98440844,"damage_done":1295,"final_blow":true,"security_status":-3.3,"ship_type_id":22444,"weapon_type_id":2921}],"killmail_id":71243908,"killmail_time":"2018-07-14T10:20:26-07:00","solar_system_id":30003149,"victim":{"alliance_id":498125261,"character_id":96729861,"corporation_id":98311523,"damage_taken":1295,"items":[{"flag":20,"item_type_id":5445,"quantity_destroyed":1},{"flag":11,"item_type_id":5839,"quantity_dropped":1},{"flag":19,"item_type_id":5973,"quantity_dropped":1}],"position":{"x":-1.3075784366537964e+10,"y":9.152354652480584e+12,"z":1.4083418003865713e+12},"ship_type_id":608}}