{"attackers":[{"alliance_id":1042504553,"character_id":625613911,"corporation_id":98311406,"damage_done":550,"final_blow":true,"security_status":-9.9,"ship_type_id":16242,"weapon_type_id":8903}],"killmail_id":71243713,"killmail_time":"2018-07-14T10:09:40-07:00","solar_system_id":30002084,"victim":{"character_id":2114131156,"corporation_id":1000044,"damage_taken":550,"items":[{"flag":27,"item_type_id":21096,"quantity_dropped":1},{"flag":19,"item_type_id":21857,"quantity_destroyed":1}],"position":{"x":8.978953441671307e+11,"y":-5.5580464682732834e+10,"z":2.4706536869464835e+11},"ship_type_id":601}}