{"attackers":[{"alliance_id":1789460651,"character_id":96756372,"corporation_id":98478278,"damage_done":430,"security_status":5,"ship_type_id":16240,"weapon_type_id":10680},{"alliance_id":982284363,"character_id":91723952,"corporation_id":961702080,"damage_done":74,"final_blow":true,"security_status":1.7,"ship_type_id":34317,"weapon_type_id":2993},{"alliance_id":99006020,"character_id":95876905,"corporation_id":98535390,"security_status":0.2,"ship_type_id":670,"weapon_type_id":2117}],"killmail_id":71246177,"killmail_time":"2018-07-14T12:11:48-07:00","solar_system_id":30003707,"victim":{"alliance_id":99002930,"character_id":158987526,"corporation_id":98002209,"damage_taken":504,"items":[{"flag":89,"item_type_id":13261,"quantity_destroyed":1}],"position":{"x":1.284094544482444e+11,"y":-2.1827557314085606e+10,"z":-1.9472247942030716e+10},"ship_type_id":670}}