{"attackers":[{"alliance_id":99007716,"character_id":93235528,"corporation_id":1329325066,"damage_done":489,"final_blow":true,"security_status":4.3,"ship_type_id":22456,"weapon_type_id":2889}],"killmail_id":71242700,"killmail_time":"2018-07-14T09:15:27-07:00","solar_system_id":30003724,"victim":{"character_id":2114198365,"corporation_id":1000169,"damage_taken":489,"position":{"x":-1.3152380797908423e+12,"y":-7.6312174834590845e+09,"z":2.9680927811295303e+12},"ship_type_id":11129}}