{"attackers":[{"character_id":2112521539,"corporation_id":98512711,"damage_done":2380,"final_blow":true,"security_status":0.9,"ship_type_id":11987,"weapon_type_id":2456}],"killmail_id":71246163,"killmail_time":"2018-07-14T12:11:23-07:00","solar_system_id":31000525,"victim":{"character_id":94965281,"corporation_id":98489655,"damage_taken":2380,"position":{"x":-2.0936005795245798e+11,"y":3.157486152775045e+11,"z":-6.323279252002556e+10},"ship_type_id":655}}