{"attackers":[{"alliance_id":99005242,"character_id":2113695087,"corporation_id":1856883060,"damage_done":4791,"final_blow":true,"security_status":2.6,"ship_type_id":16229,"weapon_type_id":3138},{"alliance_id":99006750,"character_id":2112579885,"corporation_id":98088416,"damage_done":150,"ship_type_id":11182,"weapon_type_id":16527}],"killmail_id":71245195,"killmail_time":"2018-07-14T11:33:07-07:00","solar_system_id":31000525,"victim":{"alliance_id":99007663,"character_id":2112541784,"corporation_id":98192898,"damage_taken":4941,"items":[{"flag":93,"item_type_id":31754,"quantity_destroyed":1},{"flag":92,"item_type_id":31682,"quantity_destroyed":1},{"flag":94,"item_type_id":31408,"quantity_destroyed":1}],"position":{"x":-2.0936117169909827e+11,"y":3.1574868558064813e+11,"z":-6.3233130368119644e+10},"ship_type_id":626}}