{"attackers":[{"character_id":1888489198,"corporation_id":98355297,"damage_done":466,"final_blow":true,"security_status":-1.6,"ship_type_id":11371,"weapon_type_id":2889}],"killmail_id":71244117,"killmail_time":"2018-07-14T10:32:52-07:00","solar_system_id":30002962,"victim":{"alliance_id":1966049571,"character_id":1023382544,"corporation_id":705444291,"damage_taken":466,"faction_id":500002,"items":[{"flag":89,"item_type_id":13257,"quantity_destroyed":1},{"flag":89,"item_type_id":13261,"quantity_destroyed":1},{"flag":89,"item_type_id":19684,"quantity_destroyed":1}],"position":{"x":5.227806863381572e+10,"y":-5.959974881104128e+10,"z":-1.0702159522654813e+11},"ship_type_id":670}}