{"attackers":[{"alliance_id":99007534,"character_id":95046207,"corporation_id":98459743,"damage_done":4017,"final_blow":true,"security_status":-1.8,"ship_type_id":47466,"weapon_type_id":2478}],"killmail_id":71246407,"killmail_time":"2018-07-14T12:21:56-07:00","solar_system_id":31000640,"victim":{"corporation_id":98558002,"damage_taken":4017,"position":{"x":8.676957440648754e+11,"y":6.551762240345357e+09,"z":2.877608721259124e+12},"ship_type_id":634}}