{"attackers":[{"alliance_id":99004548,"character_id":875463717,"corporation_id":98187159,"damage_done":418,"final_blow":true,"security_status":-10,"ship_type_id":17812,"weapon_type_id":2977}],"killmail_id":71244139,"killmail_time":"2018-07-14T10:34:10-07:00","solar_system_id":30002537,"victim":{"character_id":2114174278,"corporation_id":98549386,"damage_taken":418,"position":{"x":7.64735184903839e+11,"y":-1.3867831264559912e+11,"z":-9.449588476145758e+11},"ship_type_id":670}}