{"attackers":[{"alliance_id":1988009451,"character_id":90187721,"corporation_id":349567985,"damage_done":448,"final_blow":true,"security_status":5,"ship_type_id":621,"weapon_type_id":27381},{"alliance_id":99006020,"character_id":95876905,"corporation_id":98535390,"security_status":0.2,"ship_type_id":19720,"weapon_type_id":2117}],"killmail_id":71245866,"killmail_time":"2018-07-14T12:03:58-07:00","solar_system_id":30003707,"victim":{"character_id":93034467,"corporation_id":1000049,"damage_taken":448,"position":{"x":1.2840946183686446e+11,"y":-2.18275493500305e+10,"z":-1.947224978513189e+10},"ship_type_id":670}}