{"attackers":[{"damage_done":1182,"faction_id":500003,"final_blow":true,"ship_type_id":11081}],"killmail_id":70952419,"killmail_time":"2018-06-28T18:24:53-07:00","solar_system_id":30021672,"victim":{"character_id":2114252409,"corporation_id":1000166,"damage_taken":1182,"position":{"x":-5.369797009321272e+11,"y":-8.243104953136886e+11,"z":-4.1211789325560004e+11},"ship_type_id":589}}