{"attackers":[{"alliance_id":99001634,"character_id":94570662,"corporation_id":342600165,"damage_done":461,"faction_id":500004,"final_blow":true,"security_status":-7.4,"ship_type_id":22456,"weapon_type_id":2873}],"killmail_id":71245529,"killmail_time":"2018-07-14T11:48:08-07:00","solar_system_id":30004043,"victim":{"alliance_id":1354830081,"character_id":94255134,"corporation_id":98264405,"damage_taken":461,"position":{"x":-7.567684140533396e+11,"y":-7.087254953178563e+11,"z":-2.8065772325325e+12},"ship_type_id":670}}