{"attackers":[{"alliance_id":99007716,"character_id":93235528,"corporation_id":1329325066,"damage_done":425,"final_blow":true,"security_status":4.3,"ship_type_id":22456,"weapon_type_id":2889}],"killmail_id":71245810,"killmail_time":"2018-07-14T12:02:06-07:00","solar_system_id":30003724,"victim":{"alliance_id":154104258,"character_id":2112278498,"corporation_id":98351075,"damage_taken":425,"position":{"x":-1.3152380792806006e+12,"y":-7.631215695114292e+09,"z":2.9680927817136006e+12},"ship_type_id":670}}