{"attackers":[{"character_id":2112320814,"corporation_id":98467417,"damage_done":435,"faction_id":500002,"final_blow":true,"ship_type_id":3756,"weapon_type_id":3025}],"killmail_id":71243948,"killmail_time":"2018-07-14T10:22:58-07:00","solar_system_id":30002187,"victim":{"character_id":2113791708,"corporation_id":1000179,"damage_taken":435,"faction_id":500003,"position":{"x":-5.1858393215273486e+11,"y":3.0256618447242943e+10,"z":1.042895730613966e+12},"ship_type_id":670}}