{"attackers":[{"character_id":2112548204,"corporation_id":98539049,"damage_done":461,"final_blow":true,"security_status":5,"ship_type_id":29984,"weapon_type_id":27413},{"character_id":2113440760,"corporation_id":98539049,"security_status":2.6,"ship_type_id":12032,"weapon_type_id":448}],"killmail_id":71242711,"killmail_time":"2018-07-14T09:15:49-07:00","solar_system_id":30002421,"victim":{"alliance_id":99002003,"character_id":1938534958,"corporation_id":98559538,"damage_taken":461,"items":[{"flag":89,"item_type_id":13216,"quantity_destroyed":1}],"position":{"x":-4.593903249154743e+11,"y":7.813211844630204e+09,"z":1.3740931588267447e+11},"ship_type_id":670}}