{"attackers":[{"alliance_id":1548582972,"character_id":95420119,"corporation_id":1001562011,"damage_done":461,"final_blow":true,"security_status":-0.9,"ship_type_id":33470,"weapon_type_id":2205}],"killmail_id":71244907,"killmail_time":"2018-07-14T11:20:02-07:00","solar_system_id":30000846,"victim":{"character_id":96424385,"corporation_id":1000006,"damage_taken":461,"position":{"x":-3.5401510405927856e+12,"y":-1.5738354884327244e+10,"z":-1.7023317161415457e+12},"ship_type_id":670}}