{"attackers":[{"alliance_id":99001134,"character_id":90870526,"corporation_id":354495185,"damage_done":418,"final_blow":true,"security_status":-0.5,"ship_type_id":29990,"weapon_type_id":2921}],"killmail_id":71244312,"killmail_time":"2018-07-14T10:42:59-07:00","solar_system_id":30002187,"victim":{"character_id":2114222993,"corporation_id":1000066,"damage_taken":418,"position":{"x":-5.185839530608546e+11,"y":3.0256598764646755e+10,"z":1.042895707163293e+12},"ship_type_id":670}}