{"attackers":[{"alliance_id":1042504553,"character_id":901601729,"corporation_id":98555613,"damage_done":461,"final_blow":true,"security_status":-9,"ship_type_id":34828,"weapon_type_id":2613}],"killmail_id":71244037,"killmail_time":"2018-07-14T10:27:53-07:00","solar_system_id":30004044,"victim":{"alliance_id":1354830081,"character_id":91147648,"corporation_id":98390683,"damage_taken":461,"position":{"x":-3.0074217881991235e+12,"y":4.6095249595020105e+11,"z":6.593120310170304e+11},"ship_type_id":670}}