{"attackers":[{"character_id":1292964949,"corporation_id":1000009,"damage_done":418,"final_blow":true,"security_status":-0.2,"ship_type_id":17930,"weapon_type_id":2205}],"killmail_id":71244079,"killmail_time":"2018-07-14T10:30:29-07:00","solar_system_id":30002440,"victim":{"alliance_id":99005338,"character_id":2114260019,"corporation_id":98388312,"damage_taken":418,"position":{"x":-5.084244643439922e+12,"y":-6.04672452074738e+11,"z":-2.8952696721353916e+12},"ship_type_id":670}}