{"attackers":[{"alliance_id":1727758877,"character_id":181181255,"corporation_id":1070320653,"damage_done":187,"security_status":-1.5,"ship_type_id":22428,"weapon_type_id":22428},{"alliance_id":99007044,"character_id":91565228,"corporation_id":98529826,"damage_done":181,"final_blow":true,"security_status":0.8,"ship_type_id":22440,"weapon_type_id":15963}],"killmail_id":71243420,"killmail_time":"2018-07-14T09:54:57-07:00","solar_system_id":30004042,"victim":{"alliance_id":1354830081,"character_id":94578678,"corporation_id":98279775,"damage_taken":368,"position":{"x":2.376654657724124e+12,"y":2.225774225259239e+12,"z":8.814142975259137e+12},"ship_type_id":670}}