{"attackers":[{"alliance_id":99006750,"character_id":94601211,"corporation_id":98088416,"damage_done":291,"security_status":4.9,"ship_type_id":17722,"weapon_type_id":17722},{"alliance_id":99005242,"character_id":96130269,"corporation_id":1856883060,"damage_done":166,"final_blow":true,"security_status":3.7,"ship_type_id":12005,"weapon_type_id":3074},{"character_id":2113400195,"corporation_id":98524493,"security_status":2.3,"ship_type_id":17922,"weapon_type_id":19107},{"alliance_id":99005242,"character_id":90028230,"corporation_id":1856883060,"security_status":5,"ship_type_id":12005,"weapon_type_id":3178}],"killmail_id":71245071,"killmail_time":"2018-07-14T11:29:20-07:00","solar_system_id":31000525,"victim":{"alliance_id":99007879,"character_id":92149800,"corporation_id":98139309,"damage_taken":457,"position":{"x":-2.0936109005656985e+11,"y":3.1574869591825134e+11,"z":-6.323341244793481e+10},"ship_type_id":670}}