{"attackers":[{"alliance_id":99006186,"character_id":93473454,"corporation_id":98408009,"damage_done":47217,"final_blow":true,"security_status":4.9,"ship_type_id":33470,"weapon_type_id":21640},{"faction_id":500021,"ship_type_id":30212}],"killmail_id":71245018,"killmail_time":"2018-07-14T11:27:12-07:00","solar_system_id":31000900,"victim":{"alliance_id":99006117,"character_id":624793416,"corporation_id":98293472,"damage_taken":47217,"items":[{"flag":5,"item_type_id":30745,"quantity_destroyed":2},{"flag":5,"item_type_id":30744,"quantity_destroyed":2}],"position":{"x":-1.506135239478527e+11,"y":2.0603338904508307e+11,"z":-2.638597307816848e+11},"ship_type_id":33475}}