{"attackers":[{"alliance_id":99004901,"character_id":95353868,"corporation_id":98121464,"damage_done":418,"final_blow":true,"security_status":-10,"ship_type_id":29340,"weapon_type_id":27381}],"killmail_id":71242392,"killmail_time":"2018-07-14T09:02:16-07:00","solar_system_id":30000186,"victim":{"alliance_id":99005338,"character_id":2114163554,"corporation_id":98388312,"damage_taken":418,"position":{"x":5.606611718375007e+12,"y":6.667978699414467e+11,"z":3.192736608070716e+12},"ship_type_id":670}}