{"attackers":[{"alliance_id":99004901,"character_id":90054957,"corporation_id":98121464,"damage_done":448,"final_blow":true,"security_status":-6,"ship_type_id":17709,"weapon_type_id":3520}],"killmail_id":71242973,"killmail_time":"2018-07-14T09:31:27-07:00","solar_system_id":30002440,"victim":{"alliance_id":99005338,"character_id":2112011721,"corporation_id":98388312,"damage_taken":448,"position":{"x":-5.08424462607703e+12,"y":-6.046724484782986e+11,"z":-2.895269681361791e+12},"ship_type_id":670}}