{"attackers":[{"alliance_id":99007362,"character_id":96704597,"corporation_id":98531304,"damage_done":237,"final_blow":true,"security_status":5,"ship_type_id":11196,"weapon_type_id":2977},{"alliance_id":99007362,"character_id":2113823767,"corporation_id":98531304,"damage_done":180,"security_status":5,"ship_type_id":11184,"weapon_type_id":11184}],"killmail_id":71245508,"killmail_time":"2018-07-14T11:47:22-07:00","solar_system_id":30003694,"victim":{"alliance_id":1354830081,"character_id":2112652879,"corporation_id":98060580,"damage_taken":417,"position":{"x":3.1707205112725714e+11,"y":-4.274270830930943e+10,"z":4.2559200217836055e+12},"ship_type_id":670}}