{"attackers":[{"alliance_id":933731581,"character_id":1205645544,"corporation_id":98333500,"damage_done":461,"final_blow":true,"security_status":4.4,"ship_type_id":11178,"weapon_type_id":3074}],"killmail_id":71244393,"killmail_time":"2018-07-14T10:47:01-07:00","solar_system_id":30002122,"victim":{"alliance_id":99003214,"character_id":93257558,"corporation_id":98169165,"damage_taken":461,"position":{"x":4.5751208770529755e+11,"y":-4.016100144988291e+10,"z":1.7156678825941238e+12},"ship_type_id":670}}