{"attackers":[{"alliance_id":99001383,"character_id":985117485,"corporation_id":98490314,"damage_done":5435,"final_blow":true,"security_status":5,"ship_type_id":3756,"weapon_type_id":27361}],"killmail_id":71243222,"killmail_time":"2018-07-14T09:48:10-07:00","solar_system_id":30004642,"victim":{"alliance_id":1354830081,"character_id":2113902308,"corporation_id":98370861,"damage_taken":5435,"items":[{"flag":27,"item_type_id":21096,"quantity_destroyed":1},{"flag":5,"item_type_id":16273,"quantity_destroyed":5500},{"flag":5,"item_type_id":16273,"quantity_dropped":1687}],"position":{"x":3.3731684352922393e+12,"y":1.645231431386613e+12,"z":5.872600745885641e+12},"ship_type_id":650}}