{"attackers":[{"damage_done":562,"faction_id":500011,"final_blow":true,"ship_type_id":24120}],"killmail_id":71244876,"killmail_time":"2018-07-14T11:18:04-07:00","solar_system_id":30002609,"victim":{"alliance_id":99006297,"character_id":750483465,"corporation_id":98522100,"damage_taken":562,"position":{"x":-2.856832097989769e+11,"y":-3.3568858209025425e+10,"z":-1.5776219168055463e+11},"ship_type_id":11129}}