{"attackers":[{"alliance_id":1727758877,"character_id":906022461,"corporation_id":1070320653,"damage_done":187,"security_status":-1.6,"ship_type_id":22428,"weapon_type_id":22428},{"alliance_id":1727758877,"character_id":1802602137,"corporation_id":1070320653,"damage_done":181,"final_blow":true,"security_status":-1.8,"ship_type_id":22440,"weapon_type_id":15963}],"killmail_id":71243354,"killmail_time":"2018-07-14T09:53:30-07:00","solar_system_id":30004042,"victim":{"alliance_id":99004425,"character_id":847285282,"corporation_id":98189216,"damage_taken":368,"items":[{"flag":89,"item_type_id":27127,"quantity_destroyed":1}],"position":{"x":2.3766546575094844e+12,"y":2.2257742244513926e+12,"z":8.81414297384269e+12},"ship_type_id":670}}