{"attackers":[{"alliance_id":386292982,"character_id":1238136694,"corporation_id":828800677,"damage_done":461,"final_blow":true,"security_status":-1.5,"ship_type_id":34828,"weapon_type_id":27387},{"alliance_id":386292982,"character_id":1865784395,"corporation_id":98043801,"security_status":5,"ship_type_id":29340,"weapon_type_id":3244},{"alliance_id":99006805,"character_id":759439059,"corporation_id":110427029,"security_status":5,"ship_type_id":11174,"weapon_type_id":3098},{"alliance_id":99006805,"character_id":92147541,"corporation_id":110427029,"security_status":0.9,"ship_type_id":22456,"weapon_type_id":22778}],"killmail_id":71243823,"killmail_time":"2018-07-14T10:15:18-07:00","solar_system_id":30004806,"victim":{"alliance_id":498125261,"character_id":2112828819,"corporation_id":98486683,"damage_taken":461,"position":{"x":1.8576505637151294e+12,"y":-3.775081330779078e+10,"z":-1.6550364205144138e+12},"ship_type_id":670}}