{"attackers":[{"alliance_id":386292982,"character_id":95504825,"corporation_id":425883056,"damage_done":461,"final_blow":true,"security_status":-1,"ship_type_id":29990,"weapon_type_id":2969}],"killmail_id":71245120,"killmail_time":"2018-07-14T11:31:07-07:00","solar_system_id":30004731,"victim":{"alliance_id":1900696668,"character_id":95997504,"corporation_id":446274610,"damage_taken":461,"position":{"x":1.7779840011188752e+12,"y":-2.966690577085764e+11,"z":-6.49398550801557e+11},"ship_type_id":670}}