{"attackers":[{"character_id":1648763621,"corporation_id":98458646,"damage_done":415,"security_status":-10,"ship_type_id":17922,"weapon_type_id":17922},{"character_id":685998643,"corporation_id":98458646,"damage_done":16,"final_blow":true,"security_status":-10,"ship_type_id":3756,"weapon_type_id":3082}],"killmail_id":71244629,"killmail_time":"2018-07-14T11:02:00-07:00","solar_system_id":30005268,"victim":{"character_id":97104575,"corporation_id":1000014,"damage_taken":431,"position":{"x":1.3321603800958289e+12,"y":-2.2463484918510565e+11,"z":9.800684292286938e+12},"ship_type_id":670}}