{"attackers":[{"alliance_id":99008367,"character_id":2113364324,"corporation_id":98562176,"damage_done":1796126,"security_status":2,"ship_type_id":47271,"weapon_type_id":31876},{"alliance_id":99008367,"character_id":459624248,"corporation_id":98562176,"damage_done":1323596,"final_blow":true,"security_status":-1,"ship_type_id":17740,"weapon_type_id":3186},{"alliance_id":99008367,"character_id":95772487,"corporation_id":98562176,"damage_done":760063,"security_status":5.1,"ship_type_id":16229,"weapon_type_id":2185},{"alliance_id":99008367,"character_id":2112687816,"corporation_id":98562176,"damage_done":540972,"security_status":-1,"ship_type_id":17843,"weapon_type_id":31884}],"killmail_id":71243590,"killmail_time":"2018-07-14T10:02:44-07:00","solar_system_id":31002200,"victim":{"corporation_id":98218917,"damage_taken":4420757,"position":{"x":6.083992523491749e+10,"y":2.943907627368619e+09,"z":-1.4729932418492767e+11},"ship_type_id":2233}}