{"attackers":[{"alliance_id":99006884,"character_id":93685589,"corporation_id":848917534,"damage_done":465,"final_blow":true,"security_status":5,"ship_type_id":11971,"weapon_type_id":2205},{"alliance_id":99006884,"character_id":91310910,"corporation_id":98241717,"security_status":3.8,"ship_type_id":17738,"weapon_type_id":2961},{"alliance_id":99006884,"character_id":94350893,"corporation_id":98475638,"security_status":5,"ship_type_id":11198,"weapon_type_id":448}],"killmail_id":71242788,"killmail_time":"2018-07-14T09:19:49-07:00","solar_system_id":30002367,"victim":{"alliance_id":1208295500,"character_id":91544579,"corporation_id":98011036,"damage_taken":465,"position":{"x":6.023190513691361e+11,"y":-1.0837341938296193e+11,"z":3.4152118197442856e+12},"ship_type_id":670}}