{"attackers":[{"alliance_id":1614483120,"character_id":91610351,"corporation_id":98062784,"damage_done":461,"final_blow":true,"security_status":5,"ship_type_id":33151,"weapon_type_id":3082},{"alliance_id":1614483120,"character_id":1040491016,"corporation_id":98527075,"security_status":4,"ship_type_id":11961,"weapon_type_id":17559},{"alliance_id":1614483120,"character_id":95929950,"corporation_id":244898283,"security_status":-1.4,"ship_type_id":11971,"weapon_type_id":14248}],"killmail_id":71245000,"killmail_time":"2018-07-14T11:26:29-07:00","solar_system_id":30001010,"victim":{"alliance_id":99004357,"character_id":95130913,"corporation_id":306830202,"damage_taken":461,"position":{"x":1.423695393688226e+12,"y":-1.3464937998896977e+11,"z":1.3919205686866104e+12},"ship_type_id":670}}