{"attackers":[{"character_id":93424463,"corporation_id":98512711,"damage_done":600,"final_blow":true,"security_status":1.2,"ship_type_id":29986,"weapon_type_id":2456}],"killmail_id":71245533,"killmail_time":"2018-07-14T11:48:17-07:00","solar_system_id":31000525,"victim":{"alliance_id":99007123,"character_id":93174230,"corporation_id":98558871,"damage_taken":600,"position":{"x":-2.0936117006383517e+11,"y":3.15748464506093e+11,"z":-6.323302952585007e+10},"ship_type_id":32880}}