{"attackers":[{"alliance_id":99001134,"character_id":91457073,"corporation_id":354495185,"damage_done":557,"final_blow":true,"security_status":-1.5,"ship_type_id":29990,"weapon_type_id":2913}],"killmail_id":71243017,"killmail_time":"2018-07-14T09:34:22-07:00","solar_system_id":30002187,"victim":{"alliance_id":1354830081,"character_id":96833196,"corporation_id":98409330,"damage_taken":557,"position":{"x":-5.185839521849857e+11,"y":3.025660027900822e+10,"z":1.0428957077324514e+12},"ship_type_id":672},"war_id":605266}