{"attackers":[{"alliance_id":99004357,"character_id":91477196,"corporation_id":306830202,"damage_done":443,"final_blow":true,"security_status":-1.5,"ship_type_id":11393,"weapon_type_id":3033},{"alliance_id":99004357,"character_id":95130913,"corporation_id":306830202,"security_status":3.6,"ship_type_id":11393,"weapon_type_id":3244}],"killmail_id":71243888,"killmail_time":"2018-07-14T10:19:19-07:00","solar_system_id":30001200,"victim":{"alliance_id":99003214,"character_id":2113826774,"corporation_id":98169165,"damage_taken":443,"position":{"x":2.8844758708065146e+12,"y":-9.01141109361239e+09,"z":2.848133829453306e+12},"ship_type_id":670}}