{"attackers":[{"alliance_id":99001258,"character_id":95388278,"corporation_id":98380655,"damage_done":45369,"final_blow":true,"security_status":0.8,"ship_type_id":29986,"weapon_type_id":24488}],"killmail_id":71243526,"killmail_time":"2018-07-14T09:59:26-07:00","moon_id":40004275,"solar_system_id":30000067,"victim":{"corporation_id":98081423,"damage_taken":45369,"position":{"x":6.139191751312549e+11,"y":3.897692568016044e+10,"z":-1.282115789602982e+12},"ship_type_id":17621}}