{"attackers":[{"alliance_id":99007988,"character_id":93509823,"corporation_id":98384059,"damage_done":436,"final_blow":true,"security_status":4.3,"ship_type_id":22456,"weapon_type_id":2881},{"alliance_id":99005332,"character_id":90707214,"corporation_id":98547719,"security_status":3.6,"ship_type_id":22456,"weapon_type_id":5443}],"killmail_id":71243990,"killmail_time":"2018-07-14T10:25:16-07:00","solar_system_id":30000672,"victim":{"alliance_id":99000814,"character_id":96510669,"corporation_id":98518919,"damage_taken":436,"position":{"x":-2.978543461876725e+12,"y":-2.3898362442005106e+11,"z":-9.96473153813187e+12},"ship_type_id":670}}