{"attackers":[{"alliance_id":99006319,"character_id":92720422,"corporation_id":98330748,"damage_done":418,"final_blow":true,"security_status":5,"ship_type_id":33468,"weapon_type_id":2456}],"killmail_id":71242351,"killmail_time":"2018-07-14T09:00:23-07:00","solar_system_id":31000194,"victim":{"character_id":2114284302,"corporation_id":1000172,"damage_taken":418,"items":[{"flag":89,"item_type_id":13286,"quantity_destroyed":1},{"flag":89,"item_type_id":13283,"quantity_destroyed":1}],"position":{"x":9.255911563623323e+10,"y":-1.845008787050391e+11,"z":-9.537807954209597e+11},"ship_type_id":670}}