{"attackers":[{"corporation_id":1000135,"damage_done":1626,"final_blow":true,"ship_type_id":23426}],"killmail_id":71244290,"killmail_time":"2018-07-14T10:41:18-07:00","solar_system_id":30004056,"victim":{"alliance_id":99006384,"character_id":525870748,"corporation_id":98536394,"damage_taken":1626,"items":[{"flag":19,"item_type_id":35658,"quantity_destroyed":1}],"position":{"x":2.111939413168493e+12,"y":7.988211148683302e+11,"z":-1.927073835718977e+12},"ship_type_id":597}}