{"attackers":[{"alliance_id":386292982,"character_id":94469536,"corporation_id":116777001,"damage_done":461,"final_blow":true,"security_status":2.8,"ship_type_id":22456,"weapon_type_id":2873}],"killmail_id":71245578,"killmail_time":"2018-07-14T11:50:25-07:00","solar_system_id":30004424,"victim":{"alliance_id":99005443,"character_id":92458637,"corporation_id":98309697,"damage_taken":461,"position":{"x":1.61628352863181e+12,"y":1.1358623963189784e+11,"z":-2.601469745188822e+12},"ship_type_id":670}}