{"attackers":[{"character_id":95971676,"corporation_id":98467417,"damage_done":513,"faction_id":500002,"final_blow":true,"security_status":-1.7,"ship_type_id":34317,"weapon_type_id":3033}],"killmail_id":71244547,"killmail_time":"2018-07-14T10:56:45-07:00","solar_system_id":30002187,"victim":{"character_id":2112295423,"corporation_id":1000179,"damage_taken":513,"faction_id":500003,"position":{"x":-5.185839534640672e+11,"y":3.0256602353810505e+10,"z":1.042895708368728e+12},"ship_type_id":672}}