{"attackers":[{"alliance_id":499005583,"character_id":2112754235,"corporation_id":98514543,"damage_done":572,"final_blow":true,"security_status":-9.8,"ship_type_id":601,"weapon_type_id":27361}],"killmail_id":71242557,"killmail_time":"2018-07-14T09:08:50-07:00","solar_system_id":30045346,"victim":{"character_id":2113951970,"corporation_id":98565535,"damage_taken":572,"items":[{"flag":5,"item_type_id":34,"quantity_destroyed":2},{"flag":27,"item_type_id":3638,"quantity_destroyed":1},{"flag":19,"item_type_id":21857,"quantity_destroyed":1},{"flag":28,"item_type_id":3651,"quantity_destroyed":1}],"position":{"x":-1.205209400727094e+12,"y":9.305396787919924e+12,"z":-3.212998666728665e+12},"ship_type_id":601}}