{"attackers":[{"character_id":2112320814,"corporation_id":98467417,"damage_done":620,"faction_id":500002,"final_blow":true,"ship_type_id":3756,"weapon_type_id":3025}],"killmail_id":71243932,"killmail_time":"2018-07-14T10:21:52-07:00","solar_system_id":30002187,"victim":{"character_id":2113791708,"corporation_id":1000179,"damage_taken":620,"faction_id":500003,"items":[{"flag":5,"item_type_id":34,"quantity_destroyed":1},{"flag":19,"item_type_id":21857,"quantity_dropped":1},{"flag":28,"item_type_id":3651,"quantity_destroyed":1},{"flag":27,"item_type_id":3634,"quantity_destroyed":1}],"position":{"x":-5.185839317337734e+11,"y":3.0256618464347218e+10,"z":1.0428957311967982e+12},"ship_type_id":596}}