{"attackers":[{"character_id":2112320814,"corporation_id":98467417,"damage_done":770,"faction_id":500002,"ship_type_id":3756,"weapon_type_id":3756},{"character_id":95971676,"corporation_id":98467417,"damage_done":712,"faction_id":500002,"final_blow":true,"security_status":-1.7,"ship_type_id":34317,"weapon_type_id":3033}],"killmail_id":71245891,"killmail_time":"2018-07-14T12:04:46-07:00","solar_system_id":30002187,"victim":{"character_id":2113610628,"corporation_id":1000179,"damage_taken":1482,"faction_id":500003,"position":{"x":-5.1858396064555774e+11,"y":3.0256619332728477e+10,"z":1.0428957214078895e+12},"ship_type_id":603}}