{"attackers":[{"alliance_id":99007379,"character_id":95538917,"corporation_id":98469752,"damage_done":461,"final_blow":true,"security_status":0.8,"ship_type_id":34828,"weapon_type_id":27371}],"killmail_id":71243860,"killmail_time":"2018-07-14T10:17:20-07:00","solar_system_id":30005123,"victim":{"alliance_id":99008343,"character_id":1669875269,"corporation_id":98540520,"damage_taken":461,"position":{"x":8.786550986981553e+11,"y":6.8152535797967964e+10,"z":8.49209278469691e+11},"ship_type_id":670}}