{"attackers":[{"character_id":93018264,"corporation_id":98549489,"damage_done":2687834,"final_blow":true,"security_status":5,"ship_type_id":4302,"weapon_type_id":34276},{"character_id":2112155985,"corporation_id":98549489,"damage_done":2064461,"security_status":3.6,"ship_type_id":12038,"weapon_type_id":24523}],"killmail_id":71243597,"killmail_time":"2018-07-14T10:03:14-07:00","solar_system_id":30002644,"victim":{"corporation_id":98366274,"damage_taken":4752295,"position":{"x":2.8745503436046046e+08,"y":9.820256671739388e+07,"z":-7.040602132576216e+08},"ship_type_id":35825},"war_id":606842}