{"attackers":[{"alliance_id":99007916,"character_id":92746046,"corporation_id":98257549,"damage_done":439,"final_blow":true,"security_status":5,"ship_type_id":12034,"weapon_type_id":27359}],"killmail_id":71244493,"killmail_time":"2018-07-14T10:53:05-07:00","solar_system_id":30003680,"victim":{"alliance_id":99007362,"character_id":2113322775,"corporation_id":98509938,"damage_taken":439,"position":{"x":-5.785265731135833e+12,"y":-1.6731580204947644e+11,"z":-2.677330609561013e+12},"ship_type_id":670}}