{"attackers":[{"alliance_id":1354830081,"character_id":94213320,"corporation_id":98409330,"damage_done":9909,"final_blow":true,"security_status":-7.1,"ship_type_id":17918,"weapon_type_id":24513}],"killmail_id":71242648,"killmail_time":"2018-07-14T09:13:09-07:00","solar_system_id":30004065,"victim":{"alliance_id":99002938,"corporation_id":98460098,"damage_taken":9909,"position":{"x":1.2805571971856763e+12,"y":4.710476593360573e+10,"z":4.0172617206937994e+11},"ship_type_id":12198}}