{"attackers":[{"character_id":128140932,"corporation_id":98524493,"damage_done":450,"final_blow":true,"security_status":4.8,"ship_type_id":22452,"weapon_type_id":24471}],"killmail_id":71245317,"killmail_time":"2018-07-14T11:38:20-07:00","solar_system_id":31000525,"victim":{"character_id":97048834,"corporation_id":98544135,"damage_taken":450,"position":{"x":-2.093612707781807e+11,"y":3.1574854860669086e+11,"z":-6.3233146197065834e+10},"ship_type_id":670}}