{"attackers":[{"alliance_id":495729389,"character_id":702984016,"corporation_id":430577669,"damage_done":418,"final_blow":true,"security_status":-10,"ship_type_id":11190,"weapon_type_id":2456}],"killmail_id":71245692,"killmail_time":"2018-07-14T11:56:36-07:00","solar_system_id":30003022,"victim":{"character_id":2114072334,"corporation_id":1000168,"damage_taken":418,"items":[{"flag":89,"item_type_id":13283,"quantity_destroyed":1},{"flag":89,"item_type_id":13285,"quantity_destroyed":1}],"position":{"x":4.3516840200754234e+10,"y":7.924570104451447e+08,"z":-7.291392337469528e+10},"ship_type_id":670}}