{"attackers":[{"alliance_id":99006750,"character_id":1126741345,"corporation_id":98088416,"damage_done":449,"final_blow":true,"security_status":1.8,"ship_type_id":29986,"weapon_type_id":2205}],"killmail_id":71246046,"killmail_time":"2018-07-14T12:08:54-07:00","solar_system_id":31000525,"victim":{"character_id":91226114,"corporation_id":98489655,"damage_taken":449,"position":{"x":-2.0935994657292224e+11,"y":3.157487080433754e+11,"z":-6.3232842782234146e+10},"ship_type_id":11129}}