{"attackers":[{"alliance_id":99001932,"character_id":95200722,"corporation_id":98013320,"damage_done":461,"final_blow":true,"security_status":5,"ship_type_id":621,"weapon_type_id":27387},{"alliance_id":99006020,"character_id":95876905,"corporation_id":98535390,"security_status":0.2,"weapon_type_id":2117},{"character_id":94199139,"corporation_id":98346261,"security_status":5,"ship_type_id":17738,"weapon_type_id":1969}],"killmail_id":71246210,"killmail_time":"2018-07-14T12:12:59-07:00","solar_system_id":30003707,"victim":{"character_id":93227822,"corporation_id":98535639,"damage_taken":461,"position":{"x":1.2840945591538013e+11,"y":-2.1827557237019833e+10,"z":-1.947224812832426e+10},"ship_type_id":670}}