{"attackers":[{"alliance_id":99006750,"character_id":94601211,"corporation_id":98088416,"damage_done":390,"final_blow":true,"security_status":4.9,"ship_type_id":17722,"weapon_type_id":12346},{"character_id":2113400195,"corporation_id":98524493,"damage_done":56,"security_status":2.3,"ship_type_id":17922,"weapon_type_id":21640}],"killmail_id":71246159,"killmail_time":"2018-07-14T12:11:15-07:00","solar_system_id":31000525,"victim":{"alliance_id":99007663,"character_id":2112239987,"corporation_id":98497219,"damage_taken":446,"position":{"x":-2.093598915622342e+11,"y":3.1574865265483453e+11,"z":-6.3233196571351715e+10},"ship_type_id":11134}}