{"attackers":[{"alliance_id":99003006,"character_id":977694039,"corporation_id":635210548,"damage_done":432,"final_blow":true,"security_status":4.8,"ship_type_id":11993,"weapon_type_id":27413},{"alliance_id":99003006,"character_id":2113410518,"corporation_id":98421670,"security_status":5,"ship_type_id":11178,"weapon_type_id":10680}],"killmail_id":71244618,"killmail_time":"2018-07-14T11:01:50-07:00","solar_system_id":30001106,"victim":{"alliance_id":99008343,"character_id":2113269911,"corporation_id":1441288013,"damage_taken":432,"position":{"x":-6.859538809432383e+11,"y":-1.0990669529143207e+11,"z":-1.741004276020461e+12},"ship_type_id":670}}