{"attackers":[{"alliance_id":99005382,"character_id":161684017,"corporation_id":98057065,"damage_done":453,"final_blow":true,"security_status":-1.7,"ship_type_id":29990,"weapon_type_id":2969}],"killmail_id":71242385,"killmail_time":"2018-07-14T09:01:59-07:00","solar_system_id":30000142,"victim":{"alliance_id":99003006,"character_id":107488258,"corporation_id":98506376,"damage_taken":453,"position":{"x":-1.073033628299764e+11,"y":-1.8744972306988186e+10,"z":4.3648907192349664e+11},"ship_type_id":670},"war_id":596509}