{"attackers":[{"alliance_id":99005709,"character_id":2112331481,"corporation_id":98563063,"damage_done":445,"final_blow":true,"security_status":5,"ship_type_id":22430,"weapon_type_id":33681},{"alliance_id":99005709,"character_id":95727677,"corporation_id":98466570,"security_status":2.9,"ship_type_id":22436,"weapon_type_id":3244},{"alliance_id":99005709,"character_id":94575256,"corporation_id":98094671,"security_status":5,"ship_type_id":22440,"weapon_type_id":14260},{"alliance_id":99005709,"character_id":2112614992,"corporation_id":98563063,"security_status":5,"ship_type_id":33697,"weapon_type_id":448}],"killmail_id":71245242,"killmail_time":"2018-07-14T11:35:12-07:00","solar_system_id":30001871,"victim":{"alliance_id":99000285,"character_id":1140541983,"corporation_id":392068425,"damage_taken":445,"position":{"x":2.5579690919625342e+11,"y":-3.0979533126942844e+09,"z":-1.225630203345052e+12},"ship_type_id":670}}