{"attackers":[{"alliance_id":99008406,"character_id":94255955,"corporation_id":98402899,"damage_done":530,"final_blow":true,"security_status":5,"ship_type_id":29988,"weapon_type_id":3146}],"killmail_id":71243130,"killmail_time":"2018-07-14T09:43:30-07:00","solar_system_id":30001959,"victim":{"character_id":94980785,"corporation_id":1000046,"damage_taken":530,"items":[{"flag":19,"item_type_id":21857,"quantity_destroyed":1},{"flag":27,"item_type_id":3636,"quantity_destroyed":1},{"flag":28,"item_type_id":21096,"quantity_destroyed":1}],"position":{"x":1.536546714264223e+11,"y":5.401675617596313e+09,"z":-1.7065511988441022e+11},"ship_type_id":588}}