{"attackers":[{"character_id":1292964949,"corporation_id":1000009,"damage_done":1094,"final_blow":true,"security_status":-0.2,"ship_type_id":17930,"weapon_type_id":27371}],"killmail_id":71244950,"killmail_time":"2018-07-14T11:23:03-07:00","solar_system_id":30002440,"victim":{"alliance_id":99005338,"character_id":2114124389,"corporation_id":98388312,"damage_taken":1094,"position":{"x":-5.084244642949052e+12,"y":-6.046724462907052e+11,"z":-2.8952696761483843e+12},"ship_type_id":585}}