{"attackers":[{"character_id":2112320814,"corporation_id":98467417,"damage_done":418,"faction_id":500002,"final_blow":true,"ship_type_id":3756,"weapon_type_id":3025},{"character_id":95971676,"corporation_id":98467417,"faction_id":500002,"security_status":-1.7,"ship_type_id":34317,"weapon_type_id":3033}],"killmail_id":71244594,"killmail_time":"2018-07-14T10:59:59-07:00","solar_system_id":30002187,"victim":{"character_id":2114283460,"corporation_id":1000179,"damage_taken":418,"faction_id":500003,"position":{"x":-5.1858395308353564e+11,"y":3.025658785174034e+10,"z":1.0428957063327356e+12},"ship_type_id":670}}