{"attackers":[{"alliance_id":99008060,"character_id":92898593,"corporation_id":98151818,"damage_done":1063,"final_blow":true,"security_status":-9.9,"ship_type_id":33818,"weapon_type_id":27387}],"killmail_id":71244065,"killmail_time":"2018-07-14T10:29:43-07:00","solar_system_id":30003835,"victim":{"alliance_id":99007828,"character_id":767382158,"corporation_id":98435020,"damage_taken":1063,"items":[{"flag":27,"item_type_id":21096,"quantity_destroyed":1},{"flag":12,"item_type_id":5533,"quantity_destroyed":1},{"flag":11,"item_type_id":5533,"quantity_destroyed":1}],"position":{"x":9.752714229524827e+11,"y":-6.205065766821366e+09,"z":5.009488157956369e+12},"ship_type_id":29248}}