{"attackers":[{"character_id":95971676,"corporation_id":98467417,"damage_done":353,"faction_id":500002,"security_status":-1.7,"ship_type_id":34317,"weapon_type_id":34317},{"character_id":2112320814,"corporation_id":98467417,"damage_done":67,"faction_id":500002,"final_blow":true,"ship_type_id":3756,"weapon_type_id":3025}],"killmail_id":71246237,"killmail_time":"2018-07-14T12:14:01-07:00","solar_system_id":30002187,"victim":{"character_id":2114292311,"corporation_id":1000179,"damage_taken":420,"faction_id":500003,"position":{"x":-5.1858393254790186e+11,"y":3.0256624693285072e+10,"z":1.0428956853536339e+12},"ship_type_id":670}}