{"attackers":[{"corporation_id":1000125,"damage_done":540,"final_blow":true,"ship_type_id":3885}],"killmail_id":71244444,"killmail_time":"2018-07-14T10:50:14-07:00","solar_system_id":30003503,"victim":{"alliance_id":99002775,"character_id":92345033,"corporation_id":98140648,"damage_taken":540,"position":{"x":1.0861916426831482e+12,"y":1.083375235714736e+10,"z":3.8569588057768e+12},"ship_type_id":11134}}