{"attackers":[{"character_id":95089982,"corporation_id":98551342,"damage_done":461,"faction_id":500004,"final_blow":true,"security_status":-0.3,"ship_type_id":34562,"weapon_type_id":2977}],"killmail_id":71244091,"killmail_time":"2018-07-14T10:31:16-07:00","solar_system_id":30001400,"victim":{"character_id":1450253702,"corporation_id":1000180,"damage_taken":461,"faction_id":500001,"position":{"x":2.065682724292865e+12,"y":-2.834253357856721e+12,"z":-2.1079458148177668e+12},"ship_type_id":670}}