{"attackers":[{"alliance_id":99006750,"character_id":434436519,"corporation_id":98088416,"damage_done":458,"final_blow":true,"security_status":5,"ship_type_id":12017,"weapon_type_id":3512}],"killmail_id":71244826,"killmail_time":"2018-07-14T11:15:20-07:00","solar_system_id":31000525,"victim":{"character_id":94247170,"corporation_id":98434083,"damage_taken":458,"position":{"x":-2.093610206808892e+11,"y":3.157485059869399e+11,"z":-6.323316435558328e+10},"ship_type_id":670}}