{"attackers":[{"character_id":298246483,"corporation_id":98265369,"damage_done":446,"final_blow":true,"security_status":4.2,"ship_type_id":17843,"weapon_type_id":2446}],"killmail_id":71246259,"killmail_time":"2018-07-14T12:14:59-07:00","solar_system_id":31001683,"victim":{"alliance_id":99007651,"character_id":514529867,"corporation_id":1222557231,"damage_taken":446,"position":{"x":-1.4145533101875858e+11,"y":-1.0065768862109259e+07,"z":1.4545321257046382e+12},"ship_type_id":11132}}