{"attackers":[{"character_id":1307353296,"corporation_id":1720097622,"damage_done":461,"final_blow":true,"security_status":-1.4,"ship_type_id":11393,"weapon_type_id":3033},{"character_id":92171365,"corporation_id":1720097622,"security_status":4.9,"ship_type_id":11393,"weapon_type_id":3033}],"killmail_id":71243942,"killmail_time":"2018-07-14T10:22:43-07:00","solar_system_id":30003276,"victim":{"alliance_id":131511956,"character_id":91977604,"corporation_id":98181543,"damage_taken":461,"position":{"x":-1.5698729539018076e+12,"y":2.428154131080449e+11,"z":1.747243190031122e+12},"ship_type_id":670}}