{"attackers":[{"character_id":2113400141,"corporation_id":98566539,"damage_done":2559,"final_blow":true,"security_status":-1,"ship_type_id":22456,"weapon_type_id":2889}],"killmail_id":71244055,"killmail_time":"2018-07-14T10:29:17-07:00","solar_system_id":30000625,"victim":{"alliance_id":99005518,"character_id":96582590,"corporation_id":98549521,"damage_taken":2559,"position":{"x":-5.573578634411881e+11,"y":-7.31803069103342e+10,"z":-2.6837422213036508e+11},"ship_type_id":656}}