{"attackers":[{"alliance_id":99008430,"character_id":2112650377,"corporation_id":98553218,"damage_done":213,"security_status":-1.2,"ship_type_id":29984,"weapon_type_id":24492},{"alliance_id":99008430,"character_id":97062174,"corporation_id":98553218,"damage_done":182,"security_status":3.9,"ship_type_id":29984,"weapon_type_id":27433},{"alliance_id":99008430,"character_id":96539998,"corporation_id":98553218,"damage_done":68,"final_blow":true,"security_status":-2.9,"ship_type_id":11965,"weapon_type_id":31888}],"killmail_id":71244027,"killmail_time":"2018-07-14T10:27:19-07:00","solar_system_id":30003480,"victim":{"alliance_id":99006534,"character_id":440776503,"corporation_id":98428919,"damage_taken":463,"position":{"x":4.6520986336214014e+11,"y":-8.467119468502208e+10,"z":3.8373279536713726e+12},"ship_type_id":33328}}