{"attackers":[{"character_id":96575548,"corporation_id":98536030,"damage_done":445,"final_blow":true,"security_status":0.3,"ship_type_id":22456,"weapon_type_id":2873}],"killmail_id":71244740,"killmail_time":"2018-07-14T11:10:56-07:00","solar_system_id":30001213,"victim":{"alliance_id":99003214,"character_id":2112354557,"corporation_id":98169165,"damage_taken":445,"position":{"x":-1.6392228831599124e+11,"y":-3.1205324106285706e+09,"z":-5.884039855008906e+12},"ship_type_id":670}}