{"attackers":[{"alliance_id":99007362,"character_id":2112867111,"corporation_id":98540583,"damage_done":447,"final_blow":true,"security_status":1.1,"ship_type_id":34562,"weapon_type_id":2889},{"alliance_id":99007362,"character_id":2113551493,"corporation_id":98540583,"security_status":5,"ship_type_id":11186,"weapon_type_id":3244}],"killmail_id":71242269,"killmail_time":"2018-07-14T08:57:01-07:00","solar_system_id":30003690,"victim":{"alliance_id":1354830081,"character_id":2114247145,"corporation_id":98127387,"damage_taken":447,"position":{"x":4.726167159321365e+12,"y":5.04504668273271e+12,"z":-1.4200456422566038e+12},"ship_type_id":670}}