{"attackers":[{"alliance_id":99006113,"character_id":1778686536,"corporation_id":98323701,"damage_done":461,"final_blow":true,"security_status":0.2,"ship_type_id":34317,"weapon_type_id":3033}],"killmail_id":71243682,"killmail_time":"2018-07-14T10:08:20-07:00","solar_system_id":31001954,"victim":{"character_id":93413844,"corporation_id":98353083,"damage_taken":461,"items":[{"flag":89,"item_type_id":3256,"quantity_destroyed":1}],"position":{"x":3.229913975538769e+08,"y":7.055046391457485e+07,"z":1.418045189277658e+08},"ship_type_id":33328}}