{"attackers":[{"alliance_id":99007716,"character_id":93235528,"corporation_id":1329325066,"damage_done":433,"final_blow":true,"security_status":4.3,"ship_type_id":22456,"weapon_type_id":2889}],"killmail_id":71243886,"killmail_time":"2018-07-14T10:19:04-07:00","solar_system_id":30003724,"victim":{"character_id":2114148120,"corporation_id":98538978,"damage_taken":433,"position":{"x":-1.315238108072015e+12,"y":-7.631236389614301e+09,"z":2.968092763331629e+12},"ship_type_id":670}}