{"attackers":[{"alliance_id":386292982,"character_id":96105518,"corporation_id":116777001,"damage_done":266,"final_blow":true,"security_status":-1.8,"ship_type_id":11393,"weapon_type_id":3033},{"alliance_id":386292982,"character_id":94469536,"corporation_id":116777001,"damage_done":191,"security_status":2.8,"ship_type_id":22456,"weapon_type_id":22456}],"killmail_id":71245393,"killmail_time":"2018-07-14T11:41:24-07:00","solar_system_id":30004424,"victim":{"alliance_id":99005443,"character_id":2112949058,"corporation_id":98309697,"damage_taken":457,"position":{"x":1.6162834758807034e+12,"y":1.1358621383493353e+11,"z":-2.6014696939530493e+12},"ship_type_id":670}}