{"attackers":[{"alliance_id":99006805,"character_id":375865564,"corporation_id":98513961,"damage_done":458,"final_blow":true,"security_status":4.8,"ship_type_id":17740,"weapon_type_id":3186},{"alliance_id":386292982,"character_id":93966955,"corporation_id":425883056,"security_status":1.8,"weapon_type_id":448},{"alliance_id":99006805,"character_id":1847135743,"corporation_id":110427029,"security_status":4.5,"ship_type_id":626,"weapon_type_id":527}],"killmail_id":71245338,"killmail_time":"2018-07-14T11:39:18-07:00","solar_system_id":30004806,"victim":{"alliance_id":99003214,"character_id":2113270573,"corporation_id":98276273,"damage_taken":458,"position":{"x":1.8576505534264365e+12,"y":-3.77508196352033e+10,"z":-1.655036426644079e+12},"ship_type_id":670}}