{"attackers":[{"alliance_id":386292982,"character_id":93355741,"corporation_id":425883056,"damage_done":461,"final_blow":true,"security_status":-1.2,"ship_type_id":29984,"weapon_type_id":3082},{"alliance_id":99008120,"character_id":112702908,"corporation_id":481995776,"security_status":-1.8,"ship_type_id":22456,"weapon_type_id":2873}],"killmail_id":71245598,"killmail_time":"2018-07-14T11:51:08-07:00","solar_system_id":30004731,"victim":{"alliance_id":99004425,"character_id":94903588,"corporation_id":172343307,"damage_taken":461,"position":{"x":1.7779839500574468e+12,"y":-2.9666904925477026e+11,"z":-6.49398578830756e+11},"ship_type_id":670}}