{"attackers":[{"character_id":94477850,"corporation_id":1000080,"damage_done":424,"final_blow":true,"security_status":-2.7,"ship_type_id":33816,"weapon_type_id":27387}],"killmail_id":71242624,"killmail_time":"2018-07-14T09:12:12-07:00","solar_system_id":30002813,"victim":{"character_id":2113827455,"corporation_id":98562101,"damage_taken":424,"position":{"x":4.3868205435041396e+12,"y":1.0995748489103052e+12,"z":4.262543803828387e+11},"ship_type_id":670}}