{"attackers":[{"alliance_id":99007552,"character_id":94460974,"corporation_id":98489268,"damage_done":457,"final_blow":true,"security_status":-10,"ship_type_id":29988,"weapon_type_id":15939}],"killmail_id":71244600,"killmail_time":"2018-07-14T11:00:18-07:00","solar_system_id":30001376,"victim":{"character_id":90865032,"corporation_id":98118376,"damage_taken":457,"items":[{"flag":89,"item_type_id":3240,"quantity_destroyed":1},{"flag":89,"item_type_id":3479,"quantity_destroyed":1},{"flag":89,"item_type_id":17871,"quantity_destroyed":1}],"position":{"x":1.4937859111138035e+12,"y":-1.2242596009435564e+11,"z":-7.426563658962626e+11},"ship_type_id":670}}