{"attackers":[{"alliance_id":99008214,"character_id":2112373617,"corporation_id":98525684,"damage_done":406,"faction_id":500001,"final_blow":true,"security_status":1.5,"ship_type_id":32872,"weapon_type_id":2454}],"killmail_id":71243192,"killmail_time":"2018-07-14T09:46:29-07:00","solar_system_id":30003854,"victim":{"character_id":2114220045,"corporation_id":98527922,"damage_taken":406,"faction_id":500004,"position":{"x":2.4351277030038027e+12,"y":2.8300935315977325e+11,"z":-1.2845226377161235e+12},"ship_type_id":670}}