{"attackers":[{"alliance_id":99003214,"character_id":2112627372,"corporation_id":98169165,"damage_done":15333,"security_status":5,"ship_type_id":621,"weapon_type_id":27387},{"alliance_id":99003214,"character_id":94089523,"corporation_id":98169165,"damage_done":496,"final_blow":true,"security_status":5,"ship_type_id":11393,"weapon_type_id":3033}],"killmail_id":71245042,"killmail_time":"2018-07-14T11:28:02-07:00","solar_system_id":30001162,"victim":{"alliance_id":99003214,"character_id":94089523,"corporation_id":98169165,"damage_taken":15829,"position":{"x":6.096509220524787e+10,"y":-2.595139898845914e+12,"z":-1.572222357586042e+12},"ship_type_id":12199}}