{"attackers":[{"alliance_id":99004295,"character_id":95780112,"corporation_id":98367024,"damage_done":418,"final_blow":true,"security_status":4.5,"ship_type_id":22464,"weapon_type_id":27371}],"killmail_id":71242344,"killmail_time":"2018-07-14T08:59:59-07:00","solar_system_id":31000892,"victim":{"character_id":2114302480,"corporation_id":1000077,"damage_taken":418,"items":[{"flag":89,"item_type_id":13283,"quantity_destroyed":1}],"position":{"x":-2.897647778283139e+11,"y":5.191591444058702e+11,"z":9.461954917768396e+10},"ship_type_id":670}}