{"attackers":[{"character_id":298246483,"corporation_id":98265369,"damage_done":441,"final_blow":true,"security_status":4.2,"ship_type_id":17843,"weapon_type_id":2185}],"killmail_id":71246088,"killmail_time":"2018-07-14T12:10:05-07:00","solar_system_id":31001683,"victim":{"alliance_id":99007651,"character_id":97154232,"corporation_id":1222557231,"damage_taken":441,"position":{"x":-1.4145526985571494e+11,"y":-1.001931687858205e+07,"z":1.4545317924065637e+12},"ship_type_id":11134}}