{"attackers":[{"alliance_id":99005332,"character_id":2112242442,"corporation_id":98510635,"damage_done":446,"final_blow":true,"security_status":5,"ship_type_id":17720,"weapon_type_id":2969},{"alliance_id":99005332,"character_id":90067322,"corporation_id":98413081,"security_status":5,"ship_type_id":11387,"weapon_type_id":527}],"killmail_id":71244511,"killmail_time":"2018-07-14T10:54:32-07:00","solar_system_id":30000672,"victim":{"alliance_id":99000814,"character_id":878591080,"corporation_id":98552348,"damage_taken":446,"position":{"x":-2.9785434883244707e+12,"y":-2.3898354466443988e+11,"z":-9.964731549281084e+12},"ship_type_id":11129}}