{"attackers":[{"alliance_id":1966049571,"character_id":94067568,"corporation_id":1146145336,"damage_done":421,"faction_id":500002,"final_blow":true,"ship_type_id":583,"weapon_type_id":24495}],"killmail_id":71243032,"killmail_time":"2018-07-14T09:35:16-07:00","solar_system_id":30002975,"victim":{"character_id":2114298004,"corporation_id":1000179,"damage_taken":421,"faction_id":500003,"position":{"x":-1.9726466323423352e+11,"y":-2.568093400834656e+10,"z":4.019729252671211e+11},"ship_type_id":670}}