{"attackers":[{"character_id":96424385,"corporation_id":1000006,"damage_done":591,"final_blow":true,"security_status":5,"ship_type_id":24702,"weapon_type_id":2897}],"killmail_id":71244294,"killmail_time":"2018-07-14T10:41:52-07:00","solar_system_id":30000848,"victim":{"alliance_id":1496500070,"character_id":95755268,"corporation_id":384667640,"damage_taken":591,"items":[{"flag":27,"item_type_id":21096,"quantity_dropped":1},{"flag":5,"item_type_id":34,"quantity_dropped":1},{"flag":5,"item_type_id":16273,"quantity_destroyed":37},{"flag":5,"item_type_id":16273,"quantity_dropped":300}],"position":{"x":5.510851030529939e+12,"y":6.692097891552112e+11,"z":-3.622456357531852e+12},"ship_type_id":606}}