{"attackers":[{"character_id":92171365,"corporation_id":1720097622,"damage_done":449,"final_blow":true,"security_status":4.9,"ship_type_id":11393,"weapon_type_id":3033}],"killmail_id":71244204,"killmail_time":"2018-07-14T10:37:50-07:00","solar_system_id":30003851,"victim":{"character_id":2113319725,"corporation_id":98527922,"damage_taken":449,"faction_id":500004,"position":{"x":3.0183653894113965e+11,"y":1.2468486717989131e+11,"z":-2.1750742915514496e+11},"ship_type_id":670}}