{"attackers":[{"alliance_id":933731581,"character_id":90146672,"corporation_id":98521924,"damage_done":461,"final_blow":true,"security_status":5,"ship_type_id":3756,"weapon_type_id":2937}],"killmail_id":71242672,"killmail_time":"2018-07-14T09:14:16-07:00","solar_system_id":30004808,"victim":{"alliance_id":99003214,"character_id":90489566,"corporation_id":98351666,"damage_taken":461,"position":{"x":1.7434311583784126e+12,"y":2.159956437958607e+11,"z":-4.53302709989931e+11},"ship_type_id":670}}