{"attackers":[{"alliance_id":99006371,"character_id":1165490990,"corporation_id":98304149,"damage_done":458,"final_blow":true,"security_status":5,"ship_type_id":642,"weapon_type_id":9678}],"killmail_id":71242422,"killmail_time":"2018-07-14T09:03:43-07:00","solar_system_id":30001158,"victim":{"alliance_id":498125261,"character_id":2112496614,"corporation_id":1018389948,"damage_taken":458,"position":{"x":1.100174011385782e+12,"y":-5.25868655772087e+10,"z":-1.9493025776560972e+12},"ship_type_id":670}}