{"attackers":[{"alliance_id":99004901,"character_id":95353868,"corporation_id":98121464,"damage_done":461,"final_blow":true,"security_status":-10,"ship_type_id":29986,"weapon_type_id":3025},{"alliance_id":99004901,"character_id":2113631510,"corporation_id":215297637,"security_status":-10,"ship_type_id":12021,"weapon_type_id":37612}],"killmail_id":71245904,"killmail_time":"2018-07-14T12:05:14-07:00","solar_system_id":30002813,"victim":{"alliance_id":99008145,"character_id":93712451,"corporation_id":98488940,"damage_taken":461,"position":{"x":4.386820545949522e+12,"y":1.0995748330272815e+12,"z":4.262543862278171e+11},"ship_type_id":670}}