{"attackers":[{"alliance_id":99006625,"character_id":94771700,"corporation_id":98177721,"damage_done":458,"faction_id":500004,"final_blow":true,"security_status":-10,"ship_type_id":2006,"weapon_type_id":3520},{"character_id":96579891,"corporation_id":98551370,"security_status":-10,"ship_type_id":17922,"weapon_type_id":12267}],"killmail_id":71243162,"killmail_time":"2018-07-14T09:45:12-07:00","solar_system_id":30002813,"victim":{"alliance_id":99007969,"character_id":94906839,"corporation_id":98529693,"damage_taken":458,"faction_id":500001,"position":{"x":4.3868205408491304e+12,"y":1.0995748631886575e+12,"z":4.2625437742801263e+11},"ship_type_id":670}}