{"attackers":[{"character_id":2112320814,"corporation_id":98467417,"damage_done":299,"faction_id":500002,"ship_type_id":3756,"weapon_type_id":3756},{"character_id":95971676,"corporation_id":98467417,"damage_done":124,"faction_id":500002,"final_blow":true,"security_status":-1.7,"ship_type_id":34317,"weapon_type_id":3033}],"killmail_id":71244964,"killmail_time":"2018-07-14T11:23:59-07:00","solar_system_id":30002187,"victim":{"character_id":2114173125,"corporation_id":1000179,"damage_taken":423,"faction_id":500003,"position":{"x":-5.185839523109173e+11,"y":3.0256601211327164e+10,"z":1.0428957085120303e+12},"ship_type_id":670}}