{"attackers":[{"alliance_id":99001657,"character_id":2112344801,"corporation_id":98085082,"damage_done":458,"final_blow":true,"security_status":4.8,"ship_type_id":11200,"weapon_type_id":10680}],"killmail_id":71245600,"killmail_time":"2018-07-14T11:51:35-07:00","solar_system_id":30002145,"victim":{"alliance_id":99007451,"character_id":94321622,"corporation_id":98382088,"damage_taken":458,"position":{"x":1.0899760361161655e+11,"y":-1.4634413147247303e+10,"z":3.206050684329226e+11},"ship_type_id":670}}