{"attackers":[{"alliance_id":99004364,"character_id":96238818,"corporation_id":98380820,"damage_done":475,"final_blow":true,"security_status":1.8,"ship_type_id":33470,"weapon_type_id":2456}],"killmail_id":71242757,"killmail_time":"2018-07-14T09:18:13-07:00","solar_system_id":31000790,"victim":{"character_id":95415935,"corporation_id":98354167,"damage_taken":475,"items":[{"flag":5,"item_type_id":34,"quantity_dropped":1},{"flag":27,"item_type_id":3636,"quantity_dropped":1},{"flag":28,"item_type_id":3651,"quantity_dropped":1}],"position":{"x":5.024346405585621e+12,"y":3.2851617949797434e+08,"z":3.2832642176581323e+12},"ship_type_id":588}}