{"attackers":[{"alliance_id":99007237,"character_id":892216702,"corporation_id":98290394,"damage_done":326,"final_blow":true,"security_status":0.4,"ship_type_id":22444,"weapon_type_id":2897},{"alliance_id":99007237,"character_id":93583695,"corporation_id":98290394,"damage_done":131,"security_status":0.4,"weapon_type_id":22456}],"killmail_id":71243984,"killmail_time":"2018-07-14T10:24:54-07:00","solar_system_id":31001185,"victim":{"character_id":1087898193,"corporation_id":132013516,"damage_taken":457,"position":{"x":-4.401718875752981e+12,"y":4.101203498226055e+11,"z":2.9389357704176746e+11},"ship_type_id":670}}