{"attackers":[{"alliance_id":99005914,"character_id":423366095,"corporation_id":98074096,"damage_done":421,"final_blow":true,"security_status":-9.9,"ship_type_id":33816,"weapon_type_id":27315}],"killmail_id":71245082,"killmail_time":"2018-07-14T11:29:57-07:00","solar_system_id":30001719,"victim":{"character_id":2113722340,"corporation_id":1000077,"damage_taken":421,"position":{"x":3.745835609488166e+11,"y":-6.301495296360099e+10,"z":-1.0570627850728588e+12},"ship_type_id":670}}