{"attackers":[{"character_id":92571900,"corporation_id":132013516,"damage_done":436,"final_blow":true,"ship_type_id":22456,"weapon_type_id":8787}],"killmail_id":71243569,"killmail_time":"2018-07-14T10:01:27-07:00","solar_system_id":31002174,"victim":{"character_id":94211349,"corporation_id":866918391,"damage_taken":436,"position":{"x":4.8151265144088763e+11,"y":-3.671339815946359e+11,"z":-1.912799264040427e+11},"ship_type_id":670}}