{"attackers":[{"faction_id":500021,"final_blow":true,"ship_type_id":47465}],"killmail_id":71245604,"killmail_time":"2018-07-14T11:51:50-07:00","solar_system_id":32000036,"victim":{"character_id":2112241605,"corporation_id":98546226,"items":[{"flag":89,"item_type_id":10228,"quantity_destroyed":1},{"flag":89,"item_type_id":13263,"quantity_destroyed":1}],"position":{"x":-1.4959749338968986e+13,"y":-1.4959788687699887e+13,"z":-1.4959788686065918e+13},"ship_type_id":670}}