{"attackers":[{"alliance_id":99002775,"character_id":819004125,"corporation_id":98140648,"damage_done":458,"final_blow":true,"security_status":-10,"ship_type_id":16242,"weapon_type_id":8905}],"killmail_id":71243735,"killmail_time":"2018-07-14T10:10:57-07:00","solar_system_id":30003504,"victim":{"alliance_id":99006861,"character_id":2113943458,"corporation_id":98554535,"damage_taken":458,"position":{"x":-2.757542085197836e+12,"y":-4.752087843607826e+11,"z":-3.0482972974749023e+12},"ship_type_id":670}}