{"attackers":[{"alliance_id":1220922756,"character_id":791453481,"corporation_id":98032504,"damage_done":407,"final_blow":true,"security_status":4.8,"ship_type_id":627,"weapon_type_id":3146}],"killmail_id":71242692,"killmail_time":"2018-07-14T09:15:00-07:00","solar_system_id":30000846,"victim":{"alliance_id":99007044,"character_id":94695530,"corporation_id":98552183,"damage_taken":407,"position":{"x":8.049835531686533e+11,"y":3.794500128128913e+12,"z":1.9038143609807676e+12},"ship_type_id":670}}