{"attackers":[{"alliance_id":99007451,"character_id":96282716,"corporation_id":98382088,"damage_done":2161,"final_blow":true,"security_status":5,"ship_type_id":33818,"weapon_type_id":27371},{"alliance_id":99007451,"character_id":96734967,"corporation_id":98382088,"security_status":4.9,"ship_type_id":11198,"weapon_type_id":448}],"killmail_id":71243979,"killmail_time":"2018-07-14T10:24:34-07:00","solar_system_id":30000575,"victim":{"alliance_id":99006828,"character_id":2113503819,"corporation_id":98525564,"damage_taken":2161,"position":{"x":-1.1177323331995044e+12,"y":-1.0078483831525386e+11,"z":-2.0711484452635776e+11},"ship_type_id":657}}