{"attackers":[{"character_id":2113967007,"corporation_id":98561153,"damage_done":421,"final_blow":true,"security_status":0.2,"ship_type_id":4308,"weapon_type_id":7447}],"killmail_id":71244392,"killmail_time":"2018-07-14T10:46:58-07:00","solar_system_id":30003504,"victim":{"character_id":2113715481,"corporation_id":1000167,"damage_taken":421,"position":{"x":-2.7575405070302285e+12,"y":-4.7520818440757635e+11,"z":-3.04829693076605e+12},"ship_type_id":670}}