{"attackers":[{"damage_done":1329,"faction_id":500003,"final_blow":true,"ship_type_id":11081}],"killmail_id":71245333,"killmail_time":"2018-07-14T11:39:11-07:00","solar_system_id":30013489,"victim":{"character_id":777029668,"corporation_id":98537126,"damage_taken":1329,"position":{"x":9.486336077536438e+10,"y":4.827513060661867e+10,"z":-3.1460032474196484e+11},"ship_type_id":589}}