{"attackers":[{"alliance_id":99004567,"character_id":608253681,"corporation_id":98239044,"damage_done":461,"final_blow":true,"security_status":-0.8,"ship_type_id":22456,"weapon_type_id":2873}],"killmail_id":71246079,"killmail_time":"2018-07-14T12:09:59-07:00","solar_system_id":30003707,"victim":{"alliance_id":99004480,"character_id":1496334487,"corporation_id":930843372,"damage_taken":461,"position":{"x":-8.961282557173283e+10,"y":1.5245841147516611e+10,"z":1.0638853342996477e+12},"ship_type_id":670}}