{"attackers":[{"alliance_id":99001383,"character_id":985117485,"corporation_id":98490314,"damage_done":461,"final_blow":true,"security_status":5,"ship_type_id":3756,"weapon_type_id":2889}],"killmail_id":71243176,"killmail_time":"2018-07-14T09:45:55-07:00","solar_system_id":30004642,"victim":{"alliance_id":1354830081,"character_id":90002240,"corporation_id":98471145,"damage_taken":461,"position":{"x":3.735118217400122e+11,"y":5.346135162099607e+09,"z":-6.959372825045733e+12},"ship_type_id":670}}