{"attackers":[{"alliance_id":1354830081,"character_id":94268301,"corporation_id":1184675423,"damage_done":247,"final_blow":true,"security_status":-0.2,"ship_type_id":12038,"weapon_type_id":27339}],"killmail_id":71244209,"killmail_time":"2018-07-14T10:37:57-07:00","solar_system_id":30003680,"victim":{"alliance_id":99007916,"character_id":92542555,"corporation_id":98257549,"damage_taken":247,"position":{"x":-5.785287709989929e+12,"y":-1.673353555490075e+11,"z":-2.677309634987694e+12},"ship_type_id":670}}