{"attackers":[{"alliance_id":99006750,"character_id":95426205,"corporation_id":98088416,"damage_done":674,"final_blow":true,"security_status":3.6,"ship_type_id":17722,"weapon_type_id":12346}],"killmail_id":71245133,"killmail_time":"2018-07-14T11:31:29-07:00","solar_system_id":31000525,"victim":{"character_id":91368199,"corporation_id":98553538,"damage_taken":674,"position":{"x":-2.0936086615567734e+11,"y":3.1574857436834546e+11,"z":-6.323308406560544e+10},"ship_type_id":34496}}