{"attackers":[{"alliance_id":99007716,"character_id":97207562,"corporation_id":1329325066,"damage_done":550,"final_blow":true,"security_status":-1,"ship_type_id":16229,"weapon_type_id":7663}],"killmail_id":71245969,"killmail_time":"2018-07-14T12:07:37-07:00","solar_system_id":30002270,"victim":{"alliance_id":99007077,"character_id":90295604,"corporation_id":98332600,"damage_taken":550,"items":[{"flag":27,"item_type_id":21096,"quantity_dropped":1},{"flag":12,"item_type_id":1317,"quantity_destroyed":1},{"flag":5,"item_type_id":16273,"quantity_dropped":46},{"flag":11,"item_type_id":1317,"quantity_dropped":1}],"position":{"x":-4.614491865148163e+12,"y":2.638554219709816e+11,"z":3.358094991583742e+12},"ship_type_id":596}}