{"attackers":[{"character_id":2112391351,"corporation_id":98271252,"damage_done":418,"final_blow":true,"security_status":-2.6,"ship_type_id":34317,"weapon_type_id":3033}],"killmail_id":71244610,"killmail_time":"2018-07-14T11:00:55-07:00","solar_system_id":30003444,"victim":{"character_id":2114282249,"corporation_id":1000172,"damage_taken":418,"position":{"x":-1.0910564228779433e+11,"y":1.786812826091462e+11,"z":-4.746507652570348e+10},"ship_type_id":670}}