{"attackers":[{"alliance_id":99003006,"character_id":95377627,"corporation_id":635210548,"damage_done":295,"final_blow":true,"security_status":5,"ship_type_id":622,"weapon_type_id":2897},{"alliance_id":99007293,"character_id":95391445,"corporation_id":98087081,"damage_done":165,"security_status":2.9,"ship_type_id":11993,"weapon_type_id":20306}],"killmail_id":71244619,"killmail_time":"2018-07-14T11:01:51-07:00","solar_system_id":30001106,"victim":{"alliance_id":99008343,"character_id":93803950,"corporation_id":98540520,"damage_taken":460,"position":{"x":-6.859538807686e+11,"y":-1.0990669621339531e+11,"z":-1.7410042749759104e+12},"ship_type_id":670}}