{"attackers":[{"alliance_id":99004885,"character_id":1859207396,"corporation_id":98543995,"damage_done":295,"final_blow":true,"security_status":-0.1,"ship_type_id":12003,"weapon_type_id":3025},{"alliance_id":99004885,"character_id":885985407,"corporation_id":98543995,"damage_done":158,"security_status":-8.9,"ship_type_id":11400,"weapon_type_id":212},{"alliance_id":99004885,"character_id":90656056,"corporation_id":98499873,"damage_done":116,"security_status":-8.3,"ship_type_id":17922,"weapon_type_id":17922},{"alliance_id":99004885,"character_id":91050544,"corporation_id":98543995,"security_status":-9.8,"ship_type_id":3756,"weapon_type_id":16467}],"killmail_id":71245460,"killmail_time":"2018-07-14T11:45:10-07:00","solar_system_id":30003886,"victim":{"alliance_id":99001290,"character_id":772947140,"corporation_id":98247075,"damage_taken":569,"position":{"x":1.196769233946105e+12,"y":-1.7035578814883188e+11,"z":-7.873760848036997e+11},"ship_type_id":672}}