{"attackers":[{"alliance_id":99002367,"character_id":466686290,"corporation_id":98541763,"damage_done":273,"final_blow":true,"security_status":5,"ship_type_id":33816,"weapon_type_id":27387},{"alliance_id":99002367,"character_id":94940242,"corporation_id":98134777,"damage_done":170,"security_status":-1.7,"ship_type_id":11393,"weapon_type_id":11393},{"alliance_id":99003214,"character_id":258753640,"corporation_id":98351666,"security_status":5,"ship_type_id":17715,"weapon_type_id":1877}],"killmail_id":71243567,"killmail_time":"2018-07-14T10:01:21-07:00","solar_system_id":30004863,"victim":{"alliance_id":99002821,"character_id":92283177,"corporation_id":98146705,"damage_taken":443,"position":{"x":4.3782269407455695e+11,"y":3.729208939359802e+10,"z":-1.6880414377037966e+12},"ship_type_id":670}}