{"attackers":[{"alliance_id":1900696668,"character_id":1745486383,"corporation_id":98465001,"damage_done":7036,"final_blow":true,"security_status":-0.2,"ship_type_id":4302,"weapon_type_id":3065}],"killmail_id":71242605,"killmail_time":"2018-07-14T09:11:15-07:00","solar_system_id":30003277,"victim":{"alliance_id":937872513,"character_id":2112143641,"corporation_id":917701062,"damage_taken":7036,"position":{"x":-3.165103648541767e+12,"y":2.475036215382805e+11,"z":-1.1877039668563154e+12},"ship_type_id":12198}}