{"attackers":[{"character_id":90134757,"corporation_id":98380939,"damage_done":454,"final_blow":true,"security_status":-0.5,"ship_type_id":4310,"weapon_type_id":2961},{"character_id":91638913,"corporation_id":98380939,"security_status":-0.2,"ship_type_id":11174,"weapon_type_id":14242}],"killmail_id":71244327,"killmail_time":"2018-07-14T10:44:00-07:00","solar_system_id":30000142,"victim":{"alliance_id":99005338,"character_id":2113227650,"corporation_id":98558506,"damage_taken":454,"position":{"x":-1.0730334807960379e+11,"y":-1.8744977603170193e+10,"z":4.364890508196911e+11},"ship_type_id":670},"war_id":607056}