{"attackers":[{"alliance_id":99004364,"character_id":94914644,"corporation_id":98423604,"damage_done":305,"final_blow":true,"security_status":-0.5,"ship_type_id":29990,"weapon_type_id":2969},{"character_id":96069434,"corporation_id":98450869,"damage_done":144,"security_status":0.6,"ship_type_id":17715,"weapon_type_id":27361}],"killmail_id":71242521,"killmail_time":"2018-07-14T09:08:08-07:00","solar_system_id":31000790,"victim":{"character_id":96819013,"corporation_id":98485933,"damage_taken":449,"position":{"x":5.024347233454768e+12,"y":3.285210915848465e+08,"z":3.2832648267795327e+12},"ship_type_id":11132}}