{"attackers":[{"character_id":96161465,"corporation_id":1000179,"damage_done":429,"faction_id":500003,"final_blow":true,"security_status":-1.9,"ship_type_id":3756,"weapon_type_id":2969}],"killmail_id":71242363,"killmail_time":"2018-07-14T09:00:56-07:00","solar_system_id":30002053,"victim":{"character_id":2114120926,"corporation_id":1000182,"damage_taken":429,"faction_id":500002,"position":{"x":-1.880846970946949e+11,"y":-3.747213748483677e+10,"z":1.2138964861589263e+12},"ship_type_id":670}}