{"attackers":[{"alliance_id":99004901,"character_id":90054957,"corporation_id":98121464,"damage_done":282,"security_status":-6,"ship_type_id":17709,"weapon_type_id":17709},{"alliance_id":99004901,"character_id":1793313057,"corporation_id":98121464,"damage_done":146,"final_blow":true,"security_status":-8.1,"ship_type_id":621,"weapon_type_id":27371}],"killmail_id":71242878,"killmail_time":"2018-07-14T09:24:27-07:00","solar_system_id":30002440,"victim":{"alliance_id":99005338,"character_id":2114202301,"corporation_id":98388312,"damage_taken":428,"position":{"x":-5.084244688881284e+12,"y":-6.046724553352587e+11,"z":-2.8952696773199854e+12},"ship_type_id":670}}