{"attackers":[{"alliance_id":99007539,"character_id":301592770,"corporation_id":98519717,"damage_done":880,"faction_id":500003,"final_blow":true,"security_status":-2.6,"ship_type_id":29990,"weapon_type_id":2969}],"killmail_id":71243074,"killmail_time":"2018-07-14T09:38:27-07:00","solar_system_id":30002960,"victim":{"character_id":2113643656,"corporation_id":98538776,"damage_taken":880,"items":[{"flag":19,"item_type_id":6003,"quantity_dropped":1},{"flag":5,"item_type_id":6003,"quantity_dropped":4}],"position":{"x":-1.4842236466981292e+12,"y":3.9066276085832827e+12,"z":-9.415575518626067e+11},"ship_type_id":592}}