{"attackers":[{"alliance_id":99003581,"character_id":1581851708,"corporation_id":98108175,"damage_done":310,"security_status":5,"ship_type_id":29336,"weapon_type_id":27387},{"alliance_id":99003581,"character_id":2112835839,"corporation_id":98185110,"damage_done":107,"final_blow":true,"security_status":5,"ship_type_id":32878,"weapon_type_id":213}],"killmail_id":71245511,"killmail_time":"2018-07-14T11:47:35-07:00","solar_system_id":30001005,"victim":{"character_id":2114142691,"corporation_id":1000115,"damage_taken":417,"position":{"x":2.5759228990504654e+10,"y":4.143636184303962e+09,"z":-1.21052491197469e+12},"ship_type_id":670}}