{"attackers":[{"character_id":95719847,"corporation_id":98263423,"damage_done":420,"final_blow":true,"security_status":-10,"ship_type_id":37135,"weapon_type_id":2456}],"killmail_id":71242280,"killmail_time":"2018-07-14T08:57:21-07:00","solar_system_id":30005074,"victim":{"character_id":2114298076,"corporation_id":1000165,"damage_taken":420,"position":{"x":8.367391831371971e+11,"y":8.760251124430058e+10,"z":-2.2721269312986544e+08},"ship_type_id":670}}