{"attackers":[{"final_blow":true}],"killmail_id":71242719,"killmail_time":"2018-07-14T09:16:33-07:00","solar_system_id":30002355,"victim":{"alliance_id":99003581,"character_id":2114265858,"corporation_id":98537981,"damage_taken":563,"items":[{"flag":5,"item_type_id":34,"quantity_destroyed":1},{"flag":27,"item_type_id":3638,"quantity_dropped":1},{"flag":19,"item_type_id":21857,"quantity_destroyed":1},{"flag":28,"item_type_id":3651,"quantity_dropped":1}],"position":{"x":-7.801482889702201e+11,"y":5.73872577229994e+11,"z":-2.45846986088637e+12},"ship_type_id":606}}