{"attackers":[{"character_id":93424463,"corporation_id":98512711,"damage_done":801,"final_blow":true,"security_status":1.2,"ship_type_id":29986,"weapon_type_id":2456}],"killmail_id":71245530,"killmail_time":"2018-07-14T11:48:10-07:00","solar_system_id":31000525,"victim":{"alliance_id":99007123,"character_id":93174230,"corporation_id":98558871,"damage_taken":801,"position":{"x":-2.0936117166024902e+11,"y":3.1574846616603577e+11,"z":-6.3233031201779495e+10},"ship_type_id":605}}