{"attackers":[{"alliance_id":99007552,"character_id":965009084,"corporation_id":98489268,"damage_done":302,"final_blow":true,"security_status":-10,"ship_type_id":29988,"weapon_type_id":14208}],"killmail_id":71244371,"killmail_time":"2018-07-14T10:46:13-07:00","solar_system_id":30002813,"victim":{"alliance_id":99004567,"character_id":92556095,"corporation_id":98239044,"damage_taken":302,"position":{"x":4.386820660071752e+12,"y":1.0995748007972292e+12,"z":4.262552761037106e+11},"ship_type_id":33328}}