{"attackers":[{"alliance_id":1683694957,"character_id":641794466,"corporation_id":1234433085,"damage_done":676,"final_blow":true,"security_status":-10,"ship_type_id":4310,"weapon_type_id":2961}],"killmail_id":71245946,"killmail_time":"2018-07-14T12:06:49-07:00","solar_system_id":30003470,"victim":{"alliance_id":99007723,"character_id":2112212499,"corporation_id":98558453,"damage_taken":676,"items":[{"flag":27,"item_type_id":3638,"quantity_dropped":1},{"flag":19,"item_type_id":21857,"quantity_destroyed":1},{"flag":28,"item_type_id":3651,"quantity_destroyed":1}],"position":{"x":4.893723824844422e+11,"y":-7.754341099350918e+09,"z":9.15660618532535e+11},"ship_type_id":606}}