{"attackers":[{"alliance_id":150097440,"character_id":94590389,"corporation_id":1354389213,"damage_done":463,"final_blow":true,"security_status":1.6,"ship_type_id":644,"weapon_type_id":24529},{"alliance_id":150097440,"character_id":96032623,"corporation_id":98483821,"security_status":3.7,"ship_type_id":644,"weapon_type_id":19806},{"alliance_id":498125261,"character_id":97007244,"corporation_id":98403073,"security_status":5,"ship_type_id":11196,"weapon_type_id":3244}],"killmail_id":71243884,"killmail_time":"2018-07-14T10:18:56-07:00","solar_system_id":30004642,"victim":{"alliance_id":99001383,"character_id":973191555,"corporation_id":98490314,"damage_taken":463,"position":{"x":3.7351183077013336e+11,"y":5.346142566840018e+09,"z":-6.959372814812313e+12},"ship_type_id":670}}