{"attackers":[{"alliance_id":99007539,"character_id":1051998985,"corporation_id":98519717,"damage_done":247,"faction_id":500003,"security_status":-9.8,"ship_type_id":17928,"weapon_type_id":17928},{"alliance_id":99007539,"character_id":1565773113,"corporation_id":98519717,"damage_done":213,"faction_id":500003,"final_blow":true,"security_status":-2.2,"ship_type_id":17722,"weapon_type_id":3082},{"alliance_id":99007539,"character_id":301592770,"corporation_id":98519717,"faction_id":500003,"security_status":-4.3,"ship_type_id":29990,"weapon_type_id":3244}],"killmail_id":71244439,"killmail_time":"2018-07-14T10:50:03-07:00","solar_system_id":30002960,"victim":{"alliance_id":1966049571,"character_id":333206849,"corporation_id":705444291,"damage_taken":460,"faction_id":500002,"position":{"x":-1.4842236460672505e+12,"y":3.906627633988292e+12,"z":-9.415575642690028e+11},"ship_type_id":670}}