{"attackers":[{"alliance_id":99005242,"character_id":90926574,"corporation_id":1856883060,"damage_done":459,"final_blow":true,"security_status":5,"ship_type_id":22456,"weapon_type_id":2873},{"alliance_id":99006750,"character_id":90833109,"corporation_id":98088416,"security_status":2.7,"ship_type_id":22466,"weapon_type_id":3082}],"killmail_id":71245070,"killmail_time":"2018-07-14T11:29:20-07:00","solar_system_id":31000525,"victim":{"character_id":200939368,"corporation_id":98554642,"damage_taken":459,"position":{"x":1.2692620095398639e+11,"y":-2.893008080430342e+11,"z":-3.282527932655186e+11},"ship_type_id":670}}