{"attackers":[{"damage_done":418,"faction_id":500021,"final_blow":true,"ship_type_id":42901}],"killmail_id":70932581,"killmail_time":"2018-06-27T16:48:54-07:00","solar_system_id":30003502,"victim":{"character_id":2114252409,"corporation_id":1000166,"damage_taken":418,"position":{"x":1.477981897878647e+11,"y":3.890911783494889e+11,"z":-4.991759050647841e+11},"ship_type_id":670}}