{"attackers":[{"character_id":656673839,"corporation_id":1000046,"damage_done":284,"security_status":1,"ship_type_id":11393,"weapon_type_id":11393},{"character_id":1292964949,"corporation_id":1000009,"damage_done":140,"final_blow":true,"security_status":-0.2,"ship_type_id":17930,"weapon_type_id":27361}],"killmail_id":71245099,"killmail_time":"2018-07-14T11:30:29-07:00","solar_system_id":30002440,"victim":{"character_id":2113934635,"corporation_id":98259630,"damage_taken":424,"position":{"x":-5.084244645131956e+12,"y":-6.046724476476641e+11,"z":-2.8952696727684785e+12},"ship_type_id":670}}