{"attackers":[{"alliance_id":99006113,"character_id":2112322660,"corporation_id":98323701,"damage_done":458,"final_blow":true,"security_status":4.6,"ship_type_id":22456,"weapon_type_id":2873}],"killmail_id":71243646,"killmail_time":"2018-07-14T10:06:00-07:00","solar_system_id":31001954,"victim":{"character_id":2114290680,"corporation_id":98353083,"damage_taken":458,"position":{"x":-8.55519962156834e+10,"y":2.7840085815509827e+11,"z":3.9286013809012866e+12},"ship_type_id":670}}