{"attackers":[{"alliance_id":99007293,"character_id":95391445,"corporation_id":98087081,"damage_done":316,"security_status":2.9,"ship_type_id":11993,"weapon_type_id":20306},{"alliance_id":99003006,"character_id":95377627,"corporation_id":635210548,"damage_done":144,"final_blow":true,"security_status":5,"ship_type_id":622,"weapon_type_id":27387},{"alliance_id":99003006,"character_id":2113410518,"corporation_id":98421670,"security_status":5,"ship_type_id":11178,"weapon_type_id":10680}],"killmail_id":71244621,"killmail_time":"2018-07-14T11:01:51-07:00","solar_system_id":30001106,"victim":{"alliance_id":99007439,"character_id":96757025,"corporation_id":98477207,"damage_taken":460,"position":{"x":-6.859538816786665e+11,"y":-1.0990669608056323e+11,"z":-1.7410042756170806e+12},"ship_type_id":670}}