{"attackers":[{"character_id":350828362,"corporation_id":98265369,"damage_done":2605030,"final_blow":true,"security_status":5,"ship_type_id":28661,"weapon_type_id":2185},{"character_id":298246483,"corporation_id":98265369,"damage_done":1216292,"security_status":4.2,"ship_type_id":17843,"weapon_type_id":2446},{"character_id":2112142760,"corporation_id":98563225,"damage_done":909636,"security_status":0.9,"ship_type_id":17843,"weapon_type_id":31884},{"character_id":1961389128,"corporation_id":98265369,"damage_done":8480,"security_status":5,"ship_type_id":17843,"weapon_type_id":2446}],"killmail_id":71245767,"killmail_time":"2018-07-14T12:00:16-07:00","solar_system_id":31001683,"victim":{"alliance_id":99007651,"corporation_id":1222557231,"damage_taken":4739438,"items":[{"flag":164,"item_type_id":35899,"quantity_dropped":1}],"position":{"x":-2.447764284554789e+11,"y":-2.3246743153851923e+08,"z":2.6115065775149985e+12},"ship_type_id":35835}}