{"attackers":[{"alliance_id":99004567,"character_id":96645785,"corporation_id":98273331,"damage_done":528,"final_blow":true,"security_status":-10,"ship_type_id":17920,"weapon_type_id":9808}],"killmail_id":71245349,"killmail_time":"2018-07-14T11:39:38-07:00","solar_system_id":30000046,"victim":{"character_id":2114305036,"corporation_id":1000170,"damage_taken":528,"items":[{"flag":19,"item_type_id":21857,"quantity_destroyed":1},{"flag":27,"item_type_id":3636,"quantity_dropped":1},{"flag":28,"item_type_id":3651,"quantity_dropped":1}],"position":{"x":2.84713512436876e+12,"y":4.0135410866170815e+12,"z":-4.920305656623226e+11},"ship_type_id":588}}