{"attackers":[{"alliance_id":99004364,"character_id":94914644,"corporation_id":98423604,"damage_done":706,"final_blow":true,"security_status":-0.5,"ship_type_id":29990,"weapon_type_id":2969},{"character_id":96069434,"corporation_id":98450869,"damage_done":98,"security_status":0.6,"ship_type_id":17715,"weapon_type_id":27361},{"alliance_id":99004364,"character_id":90545323,"corporation_id":98380820,"damage_done":32,"security_status":0.9,"ship_type_id":11978,"weapon_type_id":2488}],"killmail_id":71242489,"killmail_time":"2018-07-14T09:07:27-07:00","solar_system_id":31000790,"victim":{"character_id":96819013,"corporation_id":98485933,"damage_taken":836,"position":{"x":5.024347235323429e+12,"y":3.285210913516332e+08,"z":3.2832648262483423e+12},"ship_type_id":582}}