{"attackers":[{"corporation_id":1000288,"damage_done":432,"final_blow":true,"ship_type_id":48263}],"killmail_id":71243522,"killmail_time":"2018-07-14T09:59:19-07:00","solar_system_id":32000120,"victim":{"alliance_id":99001317,"character_id":2114164337,"corporation_id":98520878,"damage_taken":432,"items":[{"flag":89,"item_type_id":13283,"quantity_destroyed":1}],"position":{"x":-1.49596706971636e+13,"y":-1.4959788682295129e+13,"z":-1.495978866414427e+13},"ship_type_id":670}}