{"attackers":[{"alliance_id":1988009451,"character_id":956579314,"corporation_id":609450050,"damage_done":461,"final_blow":true,"security_status":4.1,"ship_type_id":17722,"weapon_type_id":12346},{"alliance_id":1988009451,"character_id":1318922295,"corporation_id":609450050,"security_status":5,"ship_type_id":11198,"weapon_type_id":2905},{"alliance_id":1988009451,"character_id":977054475,"corporation_id":609450050,"security_status":5,"ship_type_id":12013,"weapon_type_id":4248}],"killmail_id":71242829,"killmail_time":"2018-07-14T09:21:26-07:00","solar_system_id":30003769,"victim":{"alliance_id":99004116,"character_id":91487115,"corporation_id":98048488,"damage_taken":461,"position":{"x":-6.005928315241921e+11,"y":1.8649364310217735e+10,"z":-3.765464318583593e+12},"ship_type_id":670}}