{"attackers":[{"character_id":95717526,"corporation_id":98353083,"damage_done":461,"final_blow":true,"security_status":1.2,"ship_type_id":22456,"weapon_type_id":2881}],"killmail_id":71242971,"killmail_time":"2018-07-14T09:31:14-07:00","solar_system_id":31001994,"victim":{"alliance_id":99006113,"character_id":95477515,"corporation_id":98323701,"damage_taken":461,"position":{"x":-2.0784257341125981e+12,"y":-1.4531297238263596e+11,"z":3.3184009342911226e+12},"ship_type_id":670}}