{"attackers":[{"character_id":3019609,"corporation_id":1000274,"damage_done":453,"faction_id":500024,"final_blow":true,"ship_type_id":47955,"weapon_type_id":34580},{"corporation_id":1000274,"ship_type_id":47955}],"killmail_id":71244915,"killmail_time":"2018-07-14T11:20:45-07:00","solar_system_id":32000087,"victim":{"character_id":2113115574,"corporation_id":98556155,"damage_taken":453,"position":{"x":-1.4959474127961414e+13,"y":-1.4959788683072812e+13,"z":-1.49597886722677e+13},"ship_type_id":670}}