{"attackers":[{"character_id":94180713,"corporation_id":98464475,"damage_done":431,"final_blow":true,"security_status":-1.4,"ship_type_id":17736,"weapon_type_id":3057}],"killmail_id":71200646,"killmail_time":"2018-07-12T03:43:11-07:00","solar_system_id":30003522,"victim":{"character_id":2114117960,"corporation_id":1000107,"damage_taken":431,"items":[{"flag":89,"item_type_id":10216,"quantity_destroyed":1},{"flag":89,"item_type_id":10208,"quantity_destroyed":1},{"flag":89,"item_type_id":10221,"quantity_destroyed":1},{"flag":89,"item_type_id":10212,"quantity_destroyed":1}],"position":{"x":8.211568866987157e+11,"y":-1.507000256723011e+11,"z":-4.947011032997378e+11},"ship_type_id":670}}