{"attackers":[{"alliance_id":1727758877,"character_id":687476960,"corporation_id":1070320653,"damage_done":396,"security_status":4.7,"ship_type_id":22440,"weapon_type_id":22440},{"alliance_id":1727758877,"character_id":1003092893,"corporation_id":1070320653,"damage_done":64,"final_blow":true,"security_status":1.6,"ship_type_id":22428,"weapon_type_id":15963}],"killmail_id":71243406,"killmail_time":"2018-07-14T09:54:47-07:00","solar_system_id":30004042,"victim":{"alliance_id":1727758877,"character_id":722625062,"corporation_id":1070320653,"damage_taken":460,"items":[{"flag":89,"item_type_id":3256,"quantity_destroyed":1}],"position":{"x":2.3766546574642285e+12,"y":2.225774222696438e+12,"z":8.814142974944646e+12},"ship_type_id":670}}