{"attackers":[{"alliance_id":99007451,"character_id":96849176,"corporation_id":98382088,"damage_done":21694,"final_blow":true,"security_status":4.7,"ship_type_id":33153,"weapon_type_id":27435},{"alliance_id":99007451,"character_id":2112393255,"corporation_id":98382088,"security_status":-0.2,"weapon_type_id":17559},{"alliance_id":99007451,"character_id":525344969,"corporation_id":98382088,"security_status":-1.2,"ship_type_id":37480,"weapon_type_id":15889}],"killmail_id":71244590,"killmail_time":"2018-07-14T10:59:45-07:00","solar_system_id":30000573,"victim":{"alliance_id":99003581,"character_id":2113130572,"corporation_id":98185110,"damage_taken":21694,"position":{"x":2.4777465160668374e+12,"y":-1.692675887539871e+11,"z":1.1788297004918547e+12},"ship_type_id":40559}}