{"attackers":[{"alliance_id":99005381,"character_id":680103154,"corporation_id":98452319,"damage_done":442,"final_blow":true,"security_status":-10,"ship_type_id":24688,"weapon_type_id":9678}],"killmail_id":70610546,"killmail_time":"2018-06-14T05:35:16-07:00","solar_system_id":30001398,"victim":{"character_id":2114197097,"corporation_id":1000167,"damage_taken":442,"items":[{"flag":89,"item_type_id":13283,"quantity_destroyed":1}],"position":{"x":3.861537117070263e+11,"y":-1.3468990377049341e+10,"z":-6.341334073784393e+11},"ship_type_id":670}}