{"attackers":[{"character_id":468559813,"corporation_id":1609030846,"damage_done":11102749,"final_blow":true,"security_status":5,"ship_type_id":47466,"weapon_type_id":24533},{"character_id":971862083,"corporation_id":1609030846,"damage_done":5939871,"security_status":3.7,"ship_type_id":33470,"weapon_type_id":2446}],"killmail_id":71243208,"killmail_time":"2018-07-14T09:47:22-07:00","solar_system_id":31000985,"victim":{"corporation_id":1000148,"damage_taken":17042620,"position":{"x":-4.837734799144626e+11,"y":-2.1581467647385483e+10,"z":-3.4719074085812506e+11},"ship_type_id":4318}}