{"attackers":[{"character_id":2113819944,"corporation_id":98090476,"damage_done":86,"final_blow":true,"security_status":-1.2,"ship_type_id":17918,"weapon_type_id":27441}],"killmail_id":71242556,"killmail_time":"2018-07-14T09:08:46-07:00","solar_system_id":31000790,"victim":{"character_id":96819013,"corporation_id":98485933,"damage_taken":86,"position":{"x":5.024347233454768e+12,"y":3.2852278322113526e+08,"z":3.2832648268436123e+12},"ship_type_id":11132}}