{"attackers":[{"alliance_id":99005381,"character_id":680103154,"corporation_id":98452319,"damage_done":458,"final_blow":true,"security_status":-10,"ship_type_id":24688,"weapon_type_id":9678}],"killmail_id":70612337,"killmail_time":"2018-06-14T07:26:33-07:00","solar_system_id":30001398,"victim":{"character_id":95607749,"corporation_id":1000045,"damage_taken":458,"position":{"x":-1.8828935744866436e+12,"y":2.5483344787020103e+12,"z":3.3762133952181836e+12},"ship_type_id":670}}