{"attackers":[{"alliance_id":1042504553,"character_id":901601729,"corporation_id":98555613,"damage_done":461,"final_blow":true,"security_status":-8.9,"ship_type_id":22456,"weapon_type_id":2873},{"character_id":1513148752,"corporation_id":98566040,"security_status":-9.4,"ship_type_id":34828,"weapon_type_id":2404}],"killmail_id":71244814,"killmail_time":"2018-07-14T11:14:48-07:00","solar_system_id":30004044,"victim":{"alliance_id":1354830081,"character_id":362098950,"corporation_id":888001549,"damage_taken":461,"items":[{"flag":89,"item_type_id":22571,"quantity_destroyed":1}],"position":{"x":-3.0074217945296157e+12,"y":4.60952492121286e+11,"z":6.593120019724991e+11},"ship_type_id":670}}