{"attackers":[{"alliance_id":1354830081,"character_id":95787965,"corporation_id":1613511511,"damage_done":458,"final_blow":true,"security_status":3,"ship_type_id":34828,"weapon_type_id":27387},{"alliance_id":1354830081,"character_id":2067449794,"corporation_id":1613511511,"security_status":4.4,"ship_type_id":11995,"weapon_type_id":37612},{"alliance_id":1354830081,"character_id":909147877,"corporation_id":1613511511,"security_status":2.4,"ship_type_id":22456,"weapon_type_id":527}],"killmail_id":71025246,"killmail_time":"2018-07-02T13:21:30-07:00","solar_system_id":30004746,"victim":{"alliance_id":99008278,"character_id":92124772,"corporation_id":98479991,"damage_taken":458,"position":{"x":-6.552815328896017e+11,"y":8.563716034827103e+10,"z":-1.0392235379277683e+12},"ship_type_id":670}}