{"attackers":[{"damage_done":990,"faction_id":500010,"final_blow":true,"ship_type_id":19505}],"killmail_id":71246320,"killmail_time":"2018-07-14T12:18:09-07:00","solar_system_id":30011392,"victim":{"alliance_id":99003477,"character_id":2114295212,"corporation_id":98370578,"damage_taken":990,"faction_id":500003,"position":{"x":-5.917310912341812e+11,"y":6.930392702530121e+11,"z":-3.641219489027448e+11},"ship_type_id":583}}