{"attackers":[{"alliance_id":99006805,"character_id":1652375502,"corporation_id":110427029,"damage_done":173,"final_blow":true,"security_status":5,"ship_type_id":3756,"weapon_type_id":3146},{"alliance_id":99006805,"character_id":96829529,"corporation_id":98513961,"damage_done":163,"security_status":4.1,"ship_type_id":22456,"weapon_type_id":22456},{"alliance_id":99006805,"character_id":2114221549,"corporation_id":98513961,"damage_done":124,"ship_type_id":16242,"weapon_type_id":16242},{"alliance_id":99006805,"character_id":1847135743,"corporation_id":110427029,"security_status":4.5,"ship_type_id":626,"weapon_type_id":3138}],"killmail_id":71244946,"killmail_time":"2018-07-14T11:22:39-07:00","solar_system_id":30004807,"victim":{"alliance_id":498125261,"character_id":1266702113,"corporation_id":98362674,"damage_taken":460,"position":{"x":-9.499227348083502e+11,"y":4.445786682159225e+10,"z":2.4077955319165775e+11},"ship_type_id":670}}