{"attackers":[{"alliance_id":99007716,"character_id":94599021,"corporation_id":98441192,"damage_done":568,"final_blow":true,"security_status":5,"ship_type_id":624,"weapon_type_id":2456}],"killmail_id":71244367,"killmail_time":"2018-07-14T10:45:57-07:00","solar_system_id":30003727,"victim":{"character_id":96291808,"corporation_id":1344414276,"damage_taken":568,"items":[{"flag":27,"item_type_id":3638,"quantity_dropped":1},{"flag":19,"item_type_id":21857,"quantity_dropped":1},{"flag":28,"item_type_id":21096,"quantity_destroyed":1}],"position":{"x":-4.0700607549545447e+11,"y":-1.4690156335516476e+11,"z":1.4065729488710193e+11},"ship_type_id":601}}