{"attackers":[{"alliance_id":99006534,"character_id":91464265,"corporation_id":98428919,"damage_done":418,"final_blow":true,"security_status":-2.3,"ship_type_id":11178,"weapon_type_id":3170}],"killmail_id":71243772,"killmail_time":"2018-07-14T10:12:46-07:00","solar_system_id":30000999,"victim":{"alliance_id":99003615,"character_id":2114288740,"corporation_id":98291758,"damage_taken":418,"position":{"x":-1.2825488680598718e+12,"y":2.730252385406673e+11,"z":1.2158606944388252e+12},"ship_type_id":670}}