{"attackers":[{"corporation_id":98556247,"damage_done":461,"final_blow":true,"ship_type_id":35833}],"killmail_id":71244656,"killmail_time":"2018-07-14T11:04:42-07:00","solar_system_id":30002355,"victim":{"alliance_id":99006884,"character_id":1113183099,"corporation_id":956683844,"damage_taken":461,"position":{"x":-2.5716340183082256e+12,"y":-1.735672658982765e+11,"z":5.819010931035889e+11},"ship_type_id":670}}