{"attackers":[{"corporation_id":1000125,"damage_done":528,"final_blow":true,"ship_type_id":3885}],"killmail_id":71244838,"killmail_time":"2018-07-14T11:15:33-07:00","solar_system_id":30002680,"victim":{"character_id":2112751308,"corporation_id":98560039,"damage_taken":528,"items":[{"flag":5,"item_type_id":34,"quantity_dropped":1},{"flag":19,"item_type_id":21857,"quantity_dropped":1},{"flag":27,"item_type_id":3636,"quantity_dropped":1},{"flag":28,"item_type_id":3651,"quantity_dropped":1}],"position":{"x":-6.534179453513696e+10,"y":-3.4314218818948617e+09,"z":4.4175523029280023e+11},"ship_type_id":588}}