{"attackers":[{"alliance_id":99004364,"character_id":94914644,"corporation_id":98423604,"damage_done":413,"security_status":-0.5,"ship_type_id":29990,"weapon_type_id":29990},{"character_id":96069434,"corporation_id":98450869,"damage_done":32,"final_blow":true,"security_status":0.6,"ship_type_id":17715,"weapon_type_id":27387},{"alliance_id":99004364,"character_id":90545323,"corporation_id":98380820,"security_status":0.9,"ship_type_id":11978,"weapon_type_id":2488}],"killmail_id":71242516,"killmail_time":"2018-07-14T09:08:04-07:00","solar_system_id":31000790,"victim":{"character_id":96819013,"corporation_id":98485933,"damage_taken":445,"position":{"x":5.024347233467055e+12,"y":3.285210915821881e+08,"z":3.28326482674196e+12},"ship_type_id":11132}}