{"attackers":[{"alliance_id":99001134,"character_id":91522739,"corporation_id":683134302,"damage_done":1886058,"security_status":4.1,"ship_type_id":17740,"weapon_type_id":28288},{"alliance_id":99001134,"character_id":1598957236,"corporation_id":354495185,"damage_done":1751297,"final_blow":true,"security_status":4.1,"ship_type_id":17740,"weapon_type_id":34282},{"alliance_id":99001134,"character_id":91114849,"corporation_id":683134302,"damage_done":822059,"security_status":4.4,"ship_type_id":644,"weapon_type_id":2444}],"killmail_id":71245002,"killmail_time":"2018-07-14T11:26:36-07:00","solar_system_id":30002800,"victim":{"alliance_id":99005697,"corporation_id":806840944,"damage_taken":4459414,"position":{"x":-3.840305572925683e+11,"y":7.193818878730307e+10,"z":-8.486357652366346e+11},"ship_type_id":2233},"war_id":606850}