{"attackers":[{"alliance_id":99004425,"character_id":93525799,"corporation_id":1765089512,"damage_done":229,"security_status":1,"ship_type_id":34317,"weapon_type_id":34317},{"alliance_id":1354830081,"character_id":96443502,"corporation_id":98227789,"damage_done":210,"final_blow":true,"security_status":3.9,"ship_type_id":34317,"weapon_type_id":3033}],"killmail_id":71244011,"killmail_time":"2018-07-14T10:26:18-07:00","solar_system_id":30003694,"victim":{"alliance_id":99002938,"character_id":96843026,"corporation_id":98460098,"damage_taken":439,"position":{"x":9.858282700407583e+11,"y":2.6570820384732993e+12,"z":-3.7427769755325615e+12},"ship_type_id":670}}