{"attackers":[{"alliance_id":99002938,"character_id":95304439,"corporation_id":98460098,"damage_done":1125,"final_blow":true,"security_status":5,"ship_type_id":17709,"weapon_type_id":3520}],"killmail_id":71242298,"killmail_time":"2018-07-14T08:58:01-07:00","solar_system_id":30004068,"victim":{"alliance_id":99007289,"character_id":2112490510,"corporation_id":98546506,"damage_taken":1125,"faction_id":500004,"items":[{"flag":27,"item_type_id":21096,"quantity_dropped":1}],"position":{"x":-1.0252239891611978e+12,"y":3.455022750254635e+11,"z":6.277782472185485e+11},"ship_type_id":2161}}