{"attackers":[{"alliance_id":99007044,"character_id":91565228,"corporation_id":98529826,"damage_done":429,"final_blow":true,"security_status":0.8,"ship_type_id":22440,"weapon_type_id":15963}],"killmail_id":71243422,"killmail_time":"2018-07-14T09:54:58-07:00","solar_system_id":30004042,"victim":{"alliance_id":1354830081,"character_id":2113911283,"corporation_id":98361497,"damage_taken":429,"position":{"x":2.37665464839893e+12,"y":2.22577422209186e+12,"z":8.814142962762656e+12},"ship_type_id":670}}