{"attackers":[{"alliance_id":99007583,"character_id":94504980,"corporation_id":98149708,"damage_done":461,"final_blow":true,"security_status":-1.2,"ship_type_id":33818,"weapon_type_id":2613}],"killmail_id":71242753,"killmail_time":"2018-07-14T09:17:59-07:00","solar_system_id":30000480,"victim":{"alliance_id":99003581,"character_id":2114148371,"corporation_id":98538099,"damage_taken":461,"position":{"x":-2.6012408409440344e+11,"y":-1.5095499228500572e+10,"z":-2.5734025977511884e+11},"ship_type_id":670}}