{"attackers":[{"alliance_id":99005382,"character_id":161684017,"corporation_id":98057065,"damage_done":429,"final_blow":true,"security_status":-1.7,"ship_type_id":29990,"weapon_type_id":2969}],"killmail_id":71244673,"killmail_time":"2018-07-14T11:06:00-07:00","solar_system_id":30000142,"victim":{"alliance_id":99005338,"character_id":93624797,"corporation_id":98388312,"damage_taken":429,"position":{"x":-1.0730340489722697e+11,"y":-1.8744980403021362e+10,"z":4.3648900571057904e+11},"ship_type_id":670},"war_id":596507}