{"attackers":[{"alliance_id":1838908040,"character_id":94888379,"corporation_id":98099518,"damage_done":297,"security_status":5,"ship_type_id":34562,"weapon_type_id":34562},{"alliance_id":1838908040,"character_id":93772751,"corporation_id":98338778,"damage_done":108,"final_blow":true,"security_status":5,"ship_type_id":22456,"weapon_type_id":2881},{"alliance_id":1838908040,"character_id":148704839,"corporation_id":98099518,"security_status":3.1,"ship_type_id":4310,"weapon_type_id":9491},{"corporation_id":98099518,"ship_type_id":12200}],"killmail_id":71244221,"killmail_time":"2018-07-14T10:38:43-07:00","solar_system_id":30001990,"victim":{"character_id":2114297243,"corporation_id":1000044,"damage_taken":405,"position":{"x":2.9158747086110024e+12,"y":-5.513451479118726e+12,"z":1.3242569688606627e+11},"ship_type_id":670}}