{"attackers":[{"character_id":96867321,"corporation_id":1000181,"damage_done":439,"faction_id":500004,"final_blow":true,"security_status":-0.8,"ship_type_id":16240,"weapon_type_id":7581}],"killmail_id":71244962,"killmail_time":"2018-07-14T11:23:49-07:00","solar_system_id":30002758,"victim":{"character_id":95674421,"corporation_id":1000014,"damage_taken":439,"position":{"x":1.4423555975221442e+11,"y":-9.01683595126676e+10,"z":9.527230176524939e+10},"ship_type_id":670}}