{"attackers":[{"alliance_id":99006069,"character_id":2113112306,"corporation_id":98525904,"damage_done":11,"final_blow":true,"security_status":5,"ship_type_id":17918,"weapon_type_id":27447}],"killmail_id":71242548,"killmail_time":"2018-07-14T09:08:36-07:00","solar_system_id":31000790,"victim":{"character_id":96819013,"corporation_id":98485933,"damage_taken":11,"position":{"x":5.024347233556727e+12,"y":3.2851887052171654e+08,"z":3.2832648215188174e+12},"ship_type_id":11132}}