{"attackers":[{"alliance_id":99003581,"character_id":452982620,"corporation_id":98108175,"damage_done":458,"final_blow":true,"security_status":1.8,"ship_type_id":17720,"weapon_type_id":2913}],"killmail_id":71244500,"killmail_time":"2018-07-14T10:53:35-07:00","solar_system_id":30001005,"victim":{"alliance_id":99003214,"character_id":2112877344,"corporation_id":98169165,"damage_taken":458,"position":{"x":-1.3449060967479395e+12,"y":-2.1636752695358286e+11,"z":4.268580125724069e+12},"ship_type_id":670}}