{"attackers":[{"alliance_id":99005382,"character_id":161684017,"corporation_id":98057065,"damage_done":439,"final_blow":true,"security_status":-1.7,"ship_type_id":29990,"weapon_type_id":2969}],"killmail_id":71243485,"killmail_time":"2018-07-14T09:57:29-07:00","solar_system_id":30000142,"victim":{"alliance_id":99005338,"character_id":2114176435,"corporation_id":98388312,"damage_taken":439,"items":[{"flag":89,"item_type_id":9942,"quantity_destroyed":1},{"flag":89,"item_type_id":14297,"quantity_destroyed":1},{"flag":89,"item_type_id":14295,"quantity_destroyed":1},{"flag":89,"item_type_id":9943,"quantity_destroyed":1}],"position":{"x":-1.0730340792845169e+11,"y":-1.874498471900526e+10,"z":4.364890039041618e+11},"ship_type_id":670},"war_id":596507}