{"attackers":[{"corporation_id":1000125,"damage_done":524,"final_blow":true,"ship_type_id":3885}],"killmail_id":71243696,"killmail_time":"2018-07-14T10:08:50-07:00","solar_system_id":30003504,"victim":{"alliance_id":99002775,"character_id":92808185,"corporation_id":98155447,"damage_taken":524,"position":{"x":-2.7575404502148613e+12,"y":-4.7520816333968317e+11,"z":-3.0482969018599004e+12},"ship_type_id":11134}}