{"attackers":[{"alliance_id":1042504553,"character_id":90972589,"corporation_id":98295759,"damage_done":15371,"final_blow":true,"security_status":4.7,"ship_type_id":11202,"weapon_type_id":2873}],"killmail_id":71245411,"killmail_time":"2018-07-14T11:42:31-07:00","solar_system_id":30002906,"victim":{"character_id":96801043,"corporation_id":98506991,"damage_taken":15371,"faction_id":500002,"position":{"x":-1.5720624052987417e+12,"y":1.0663237474773187e+12,"z":-2.550070714235109e+12},"ship_type_id":12198}}