{"attackers":[{"alliance_id":99008120,"character_id":96435501,"corporation_id":481995776,"damage_done":461,"final_blow":true,"security_status":4.2,"ship_type_id":29990,"weapon_type_id":2969},{"alliance_id":386292982,"character_id":95504825,"corporation_id":425883056,"security_status":-1,"ship_type_id":29990,"weapon_type_id":31944}],"killmail_id":71245501,"killmail_time":"2018-07-14T11:47:08-07:00","solar_system_id":30004731,"victim":{"alliance_id":1354830081,"character_id":92334614,"corporation_id":98370861,"damage_taken":461,"position":{"x":1.7779840078861926e+12,"y":-2.9666905942336395e+11,"z":-6.493985625312563e+11},"ship_type_id":670}}