{"attackers":[{"character_id":96399100,"corporation_id":98528609,"damage_done":464,"final_blow":true,"security_status":1.9,"ship_type_id":22456,"weapon_type_id":2889}],"killmail_id":71242512,"killmail_time":"2018-07-14T09:08:01-07:00","solar_system_id":30001047,"victim":{"character_id":90228695,"corporation_id":98562610,"damage_taken":464,"items":[{"flag":89,"item_type_id":14297,"quantity_destroyed":1},{"flag":89,"item_type_id":14298,"quantity_destroyed":1}],"position":{"x":2.1101359512146436e+11,"y":1.0564861427107025e+10,"z":2.2292411888466153e+11},"ship_type_id":670}}