{"attackers":[{"alliance_id":99007529,"character_id":93804313,"corporation_id":98345443,"damage_done":1301127,"final_blow":true,"security_status":-0.2,"ship_type_id":4308,"weapon_type_id":34282}],"killmail_id":71245397,"killmail_time":"2018-07-14T11:41:51-07:00","solar_system_id":30003423,"victim":{"corporation_id":98456104,"damage_taken":1301127,"position":{"x":-2.7144572968666614e+11,"y":-2.1765575811453133e+10,"z":4.1432554456195946e+10},"ship_type_id":27768},"war_id":607543}