{"attackers":[{"character_id":96576533,"corporation_id":98536030,"damage_done":436,"final_blow":true,"security_status":0.4,"ship_type_id":22456,"weapon_type_id":2873}],"killmail_id":71244395,"killmail_time":"2018-07-14T10:47:02-07:00","solar_system_id":30002583,"victim":{"alliance_id":99003214,"character_id":2113968717,"corporation_id":98551152,"damage_taken":436,"position":{"x":-7.655559942263142e+10,"y":1.932277388583126e+09,"z":9.47929454099959e+10},"ship_type_id":670}}