{"attackers":[{"alliance_id":99005242,"character_id":90028230,"corporation_id":1856883060,"damage_done":313,"final_blow":true,"security_status":5,"ship_type_id":12005,"weapon_type_id":31884},{"alliance_id":99006750,"character_id":1126741345,"corporation_id":98088416,"damage_done":286,"security_status":1.8,"ship_type_id":29986,"weapon_type_id":24494}],"killmail_id":71246031,"killmail_time":"2018-07-14T12:08:44-07:00","solar_system_id":31000525,"victim":{"character_id":91226114,"corporation_id":98489655,"damage_taken":599,"position":{"x":-2.0935994815738098e+11,"y":3.1574870804353595e+11,"z":-6.323284109348349e+10},"ship_type_id":32880}}