{"attackers":[{"alliance_id":1354830081,"character_id":96291461,"corporation_id":744976238,"damage_done":461,"final_blow":true,"security_status":5,"ship_type_id":11196,"weapon_type_id":2977},{"alliance_id":1900696668,"character_id":753471959,"corporation_id":680022174,"security_status":-3.4,"ship_type_id":11176,"weapon_type_id":3244}],"killmail_id":71245352,"killmail_time":"2018-07-14T11:39:51-07:00","solar_system_id":30004070,"victim":{"alliance_id":99007916,"character_id":90839324,"corporation_id":98257549,"damage_taken":461,"position":{"x":-4.441877298269774e+11,"y":-1.1972096424011843e+12,"z":1.6863946751493557e+12},"ship_type_id":670}}