{"attackers":[{"alliance_id":99005382,"character_id":248872589,"corporation_id":98557686,"damage_done":474,"final_blow":true,"security_status":-0.8,"ship_type_id":29990,"weapon_type_id":2969}],"killmail_id":71242457,"killmail_time":"2018-07-14T09:05:19-07:00","solar_system_id":31000790,"victim":{"character_id":95109064,"corporation_id":98465022,"damage_taken":474,"items":[{"flag":19,"item_type_id":21857,"quantity_dropped":1},{"flag":5,"item_type_id":23527,"quantity_destroyed":1},{"flag":27,"item_type_id":3636,"quantity_destroyed":1},{"flag":28,"item_type_id":3651,"quantity_destroyed":1}],"position":{"x":5.024347157515094e+12,"y":3.2857003329431117e+08,"z":3.2832650790628306e+12},"ship_type_id":588}}