{"attackers":[{"alliance_id":741557221,"character_id":90674167,"corporation_id":377785485,"damage_done":461,"final_blow":true,"security_status":-0.4,"ship_type_id":11184,"weapon_type_id":2993},{"alliance_id":99003214,"character_id":93257558,"corporation_id":98169165,"security_status":-1.1,"ship_type_id":16238,"weapon_type_id":3074},{"alliance_id":1411711376,"character_id":91466073,"corporation_id":98083818,"security_status":4.9,"ship_type_id":16238,"weapon_type_id":448}],"killmail_id":71245709,"killmail_time":"2018-07-14T11:57:43-07:00","solar_system_id":30002144,"victim":{"alliance_id":933731581,"character_id":191581848,"corporation_id":98148549,"damage_taken":461,"position":{"x":1.1152279437379497e+12,"y":1.87935372264535e+11,"z":-2.2761486317170103e+12},"ship_type_id":670}}