{"attackers":[{"character_id":96197554,"corporation_id":98474864,"damage_done":7812,"final_blow":true,"security_status":5,"ship_type_id":29336,"weapon_type_id":2456}],"killmail_id":71245263,"killmail_time":"2018-07-14T11:36:31-07:00","solar_system_id":30004583,"victim":{"alliance_id":1911932230,"corporation_id":98508711,"damage_taken":7812,"position":{"x":5.881063417084071e+11,"y":-6.7903068388862595e+10,"z":6.213778749463959e+11},"ship_type_id":12198}}