{"attackers":[{"corporation_id":1000043,"damage_done":299,"final_blow":true,"ship_type_id":9970},{"corporation_id":1000125,"damage_done":235,"ship_type_id":3885}],"killmail_id":71243479,"killmail_time":"2018-07-14T09:57:06-07:00","solar_system_id":30001389,"victim":{"alliance_id":99002775,"character_id":95877094,"corporation_id":98140648,"damage_taken":534,"position":{"x":7.871360717189096e+10,"y":1.0299152066976229e+10,"z":1.2653752001077649e+11},"ship_type_id":11134}}