{"attackers":[{"alliance_id":99004885,"character_id":91050544,"corporation_id":98543995,"damage_done":461,"final_blow":true,"security_status":-9.8,"ship_type_id":3756,"weapon_type_id":2969}],"killmail_id":71244123,"killmail_time":"2018-07-14T10:33:12-07:00","solar_system_id":30003886,"victim":{"alliance_id":1727758877,"character_id":622183515,"corporation_id":98389189,"damage_taken":461,"position":{"x":1.1967692374947693e+12,"y":-1.703557914415388e+11,"z":-7.87376085400111e+11},"ship_type_id":670}}