{"attackers":[{"alliance_id":99001134,"character_id":1077050399,"corporation_id":98460931,"damage_done":5228,"final_blow":true,"security_status":1.9,"ship_type_id":12021,"weapon_type_id":3138}],"killmail_id":71243063,"killmail_time":"2018-07-14T09:37:47-07:00","solar_system_id":30002782,"victim":{"alliance_id":99008399,"character_id":2113817280,"corporation_id":98562865,"damage_taken":5228,"items":[{"flag":5,"item_type_id":32880,"quantity_destroyed":1},{"flag":11,"item_type_id":1317,"quantity_destroyed":1}],"position":{"x":2.806605366682326e+12,"y":3.871556658762443e+11,"z":-3.07841937438457e+12},"ship_type_id":19744},"war_id":607800}