{"attackers":[{"alliance_id":99005513,"character_id":96530498,"corporation_id":98261736,"damage_done":1178,"faction_id":500004,"final_blow":true,"security_status":-9.9,"ship_type_id":593,"weapon_type_id":2205}],"killmail_id":71246241,"killmail_time":"2018-07-14T12:14:12-07:00","solar_system_id":30003854,"victim":{"alliance_id":99008214,"character_id":2114193803,"corporation_id":98525684,"damage_taken":1178,"faction_id":500001,"items":[{"flag":19,"item_type_id":5971,"quantity_dropped":1}],"position":{"x":5.202365391271936e+11,"y":1.1162221022729256e+11,"z":8.570134811841663e+10},"ship_type_id":608}}