{"attackers":[{"alliance_id":495729389,"character_id":702984016,"corporation_id":430577669,"damage_done":461,"final_blow":true,"security_status":-10,"ship_type_id":4310,"weapon_type_id":2961}],"killmail_id":71242912,"killmail_time":"2018-07-14T09:27:20-07:00","solar_system_id":30003023,"victim":{"character_id":495705630,"corporation_id":98399912,"damage_taken":461,"items":[{"flag":89,"item_type_id":27143,"quantity_destroyed":1}],"position":{"x":-2.6530048329502734e+11,"y":-4.6822071450433e+10,"z":-6.986432108052291e+11},"ship_type_id":670}}