{"attackers":[{"corporation_id":1000125,"damage_done":557,"final_blow":true,"ship_type_id":3885}],"killmail_id":71243693,"killmail_time":"2018-07-14T10:08:43-07:00","solar_system_id":30003504,"victim":{"alliance_id":99002775,"character_id":92115754,"corporation_id":98140648,"damage_taken":557,"position":{"x":-2.7575404467480854e+12,"y":-4.75208165721114e+11,"z":-3.048296899282079e+12},"ship_type_id":11134}}