{"attackers":[{"alliance_id":99007916,"character_id":96721533,"corporation_id":98468592,"damage_done":204,"security_status":0.4,"ship_type_id":12034,"weapon_type_id":27359},{"alliance_id":99007916,"character_id":96520818,"corporation_id":98442867,"damage_done":175,"final_blow":true,"security_status":3.2,"ship_type_id":12034,"weapon_type_id":27359},{"alliance_id":99007916,"character_id":2113699161,"corporation_id":98468592,"damage_done":79,"security_status":-0.4,"ship_type_id":12034,"weapon_type_id":2508},{"alliance_id":99007916,"character_id":839241007,"corporation_id":98546057,"security_status":-2.1,"ship_type_id":12034,"weapon_type_id":8117}],"killmail_id":71245073,"killmail_time":"2018-07-14T11:29:30-07:00","solar_system_id":30003685,"victim":{"alliance_id":99004425,"character_id":94835219,"corporation_id":98517775,"damage_taken":458,"position":{"x":2.0986145390789404e+11,"y":-7.197452706452416e+09,"z":1.731798099106502e+11},"ship_type_id":670}}