{"attackers":[{"character_id":92526732,"corporation_id":98564362,"damage_done":634,"final_blow":true,"security_status":-9.9,"ship_type_id":17709,"weapon_type_id":3520}],"killmail_id":71244383,"killmail_time":"2018-07-14T10:46:41-07:00","solar_system_id":30003087,"victim":{"alliance_id":99007337,"character_id":91085983,"corporation_id":98560627,"damage_taken":634,"faction_id":500003,"items":[{"flag":27,"item_type_id":21096,"quantity_destroyed":1}],"position":{"x":-5.658815552628283e+12,"y":2.1188599521081897e+11,"z":-4.577482030763562e+12},"ship_type_id":601}}