{"attackers":[{"character_id":2112425240,"corporation_id":98512711,"damage_done":276,"security_status":2,"ship_type_id":29986,"weapon_type_id":24492},{"alliance_id":99005242,"character_id":2113207769,"corporation_id":1856883060,"damage_done":185,"final_blow":true,"security_status":5,"ship_type_id":29986,"weapon_type_id":27419}],"killmail_id":71244802,"killmail_time":"2018-07-14T11:14:20-07:00","solar_system_id":31000525,"victim":{"character_id":2113614749,"corporation_id":98551036,"damage_taken":461,"position":{"x":-2.0936103504419937e+11,"y":3.157484936881199e+11,"z":-6.3233163637635056e+10},"ship_type_id":670}}