{"attackers":[{"alliance_id":99005338,"character_id":2113326384,"corporation_id":98388312,"damage_done":431,"final_blow":true,"security_status":5,"ship_type_id":24688,"weapon_type_id":3983}],"killmail_id":71245401,"killmail_time":"2018-07-14T11:42:05-07:00","solar_system_id":30002502,"victim":{"alliance_id":99005338,"character_id":2113675519,"corporation_id":98388312,"damage_taken":431,"position":{"x":-1.4651621529448868e+11,"y":2.5735593774723648e+11,"z":-1.3243907707941557e+11},"ship_type_id":670}}