{"attackers":[{"corporation_id":1000161,"damage_done":530,"final_blow":true,"ship_type_id":44108}],"killmail_id":71243901,"killmail_time":"2018-07-14T10:20:05-07:00","solar_system_id":30001959,"victim":{"character_id":94980785,"corporation_id":1000046,"damage_taken":530,"items":[{"flag":19,"item_type_id":21857,"quantity_dropped":1},{"flag":27,"item_type_id":3636,"quantity_destroyed":1},{"flag":5,"item_type_id":16273,"quantity_destroyed":300},{"flag":28,"item_type_id":21096,"quantity_destroyed":1}],"position":{"x":1.5365467133904236e+11,"y":5.401675763629093e+09,"z":-1.7065511983342822e+11},"ship_type_id":588}}