{"attackers":[{"alliance_id":99005914,"character_id":423366095,"corporation_id":98074096,"damage_done":679,"final_blow":true,"security_status":-9.8,"ship_type_id":33816,"weapon_type_id":27321}],"killmail_id":71245788,"killmail_time":"2018-07-14T12:01:07-07:00","solar_system_id":30001719,"victim":{"character_id":2113722340,"corporation_id":1000077,"damage_taken":679,"items":[{"flag":134,"item_type_id":1226,"quantity_dropped":770},{"flag":28,"item_type_id":483,"quantity_dropped":1},{"flag":29,"item_type_id":483,"quantity_destroyed":1}],"position":{"x":-5.121479760206775e+12,"y":8.456607719959441e+11,"z":2.2324605803819746e+12},"ship_type_id":32880}}