{"attackers":[{"character_id":1292964949,"corporation_id":1000009,"damage_done":418,"final_blow":true,"security_status":-0.2,"ship_type_id":17930,"weapon_type_id":24499}],"killmail_id":71244375,"killmail_time":"2018-07-14T10:46:29-07:00","solar_system_id":30002440,"victim":{"character_id":2114149253,"corporation_id":1000115,"damage_taken":418,"position":{"x":-5.084244663275991e+12,"y":-6.046724488452134e+11,"z":-2.8952696542768423e+12},"ship_type_id":670}}