{"attackers":[{"alliance_id":99004567,"character_id":96645785,"corporation_id":98273331,"damage_done":453,"final_blow":true,"security_status":-10,"ship_type_id":17920,"weapon_type_id":9808}],"killmail_id":71242873,"killmail_time":"2018-07-14T09:24:09-07:00","solar_system_id":30000046,"victim":{"character_id":93954888,"corporation_id":98505059,"damage_taken":453,"position":{"x":2.847135122796798e+12,"y":4.0135410859720522e+12,"z":-4.920305659567399e+11},"ship_type_id":670}}