{"attackers":[{"character_id":95835700,"corporation_id":98566752,"damage_done":418,"final_blow":true,"security_status":-10,"ship_type_id":17738,"weapon_type_id":14206}],"killmail_id":71245556,"killmail_time":"2018-07-14T11:49:26-07:00","solar_system_id":30002691,"victim":{"alliance_id":99008424,"character_id":2114281794,"corporation_id":98504902,"damage_taken":418,"position":{"x":-6.050010286519165e+11,"y":3.319251874603966e+12,"z":1.8870621345000637e+12},"ship_type_id":670}}