{"attackers":[{"alliance_id":498125261,"character_id":744833754,"corporation_id":98480565,"damage_done":461,"final_blow":true,"security_status":2,"ship_type_id":16236,"weapon_type_id":3001}],"killmail_id":71245329,"killmail_time":"2018-07-14T11:39:01-07:00","solar_system_id":30002122,"victim":{"alliance_id":386292982,"character_id":181628203,"corporation_id":1698858600,"damage_taken":461,"position":{"x":-1.9468529179419562e+11,"y":7.188763783411002e+11,"z":-2.646450652816698e+12},"ship_type_id":670}}