{"attackers":[{"alliance_id":99007534,"character_id":95046207,"corporation_id":98459743,"damage_done":600,"final_blow":true,"security_status":-1.8,"ship_type_id":47466,"weapon_type_id":2478}],"killmail_id":71246436,"killmail_time":"2018-07-14T12:22:53-07:00","solar_system_id":31000640,"victim":{"corporation_id":98558002,"damage_taken":600,"position":{"x":8.676957445203688e+11,"y":6.551762240345357e+09,"z":2.877608719353868e+12},"ship_type_id":32880}}