{"attackers":[{"alliance_id":99002367,"character_id":466686290,"corporation_id":98541763,"damage_done":394,"security_status":5,"ship_type_id":33816,"weapon_type_id":27387},{"alliance_id":99002367,"character_id":94940242,"corporation_id":98134777,"damage_done":49,"final_blow":true,"security_status":-1.7,"ship_type_id":11393,"weapon_type_id":3033}],"killmail_id":71243433,"killmail_time":"2018-07-14T09:55:21-07:00","solar_system_id":30004863,"victim":{"alliance_id":99002821,"character_id":92283460,"corporation_id":98146705,"damage_taken":443,"position":{"x":4.378227717665878e+11,"y":3.729208827395066e+10,"z":-1.688041440707952e+12},"ship_type_id":670}}