{"attackers":[{"character_id":1263598384,"corporation_id":98566052,"damage_done":461,"final_blow":true,"security_status":3.7,"ship_type_id":16242,"weapon_type_id":9413}],"killmail_id":71242566,"killmail_time":"2018-07-14T09:09:04-07:00","solar_system_id":30045354,"victim":{"alliance_id":99004125,"character_id":92933421,"corporation_id":98058135,"damage_taken":461,"faction_id":500001,"items":[{"flag":89,"item_type_id":13216,"quantity_destroyed":1}],"position":{"x":2.524151692603975e+12,"y":3.404968491832357e+10,"z":-1.7981400151348564e+12},"ship_type_id":670}}