{"attackers":[{"character_id":2112468056,"corporation_id":1000182,"damage_done":421,"faction_id":500002,"final_blow":true,"security_status":-0.2,"ship_type_id":29336,"weapon_type_id":2937}],"killmail_id":71245304,"killmail_time":"2018-07-14T11:37:57-07:00","solar_system_id":30000144,"victim":{"character_id":96306776,"corporation_id":1000180,"damage_taken":421,"faction_id":500001,"position":{"x":6.605962438761068e+11,"y":4.479355138488262e+10,"z":2.112970552109037e+12},"ship_type_id":670}}