{"attackers":[{"alliance_id":99007534,"character_id":95046207,"corporation_id":98459743,"damage_done":1250,"security_status":-1.8,"ship_type_id":47466,"weapon_type_id":2478},{"alliance_id":99007534,"character_id":95240293,"corporation_id":98459743,"damage_done":282,"final_blow":true,"security_status":4.9,"ship_type_id":645,"weapon_type_id":21640}],"killmail_id":71246392,"killmail_time":"2018-07-14T12:21:22-07:00","solar_system_id":31000640,"victim":{"corporation_id":98558002,"damage_taken":1532,"position":{"x":8.676957449686533e+11,"y":6.551764145601245e+09,"z":2.877608718995265e+12},"ship_type_id":593}}