{"attackers":[{"alliance_id":99008197,"character_id":2113183120,"corporation_id":98500774,"damage_done":418,"final_blow":true,"security_status":5,"ship_type_id":17720,"weapon_type_id":2913},{"alliance_id":99008197,"character_id":94814272,"corporation_id":98500774,"security_status":4.9,"ship_type_id":17841,"weapon_type_id":5405}],"killmail_id":71245777,"killmail_time":"2018-07-14T12:00:51-07:00","solar_system_id":30003747,"victim":{"character_id":2114293607,"corporation_id":1000165,"damage_taken":418,"position":{"x":-1.6518319691322922e+12,"y":2.8544839198385846e+11,"z":-2.381956349912376e+11},"ship_type_id":670}}