{"attackers":[{"alliance_id":99005360,"character_id":95176028,"corporation_id":98537304,"damage_done":4416,"final_blow":true,"security_status":5,"ship_type_id":29990,"weapon_type_id":24509}],"killmail_id":71245714,"killmail_time":"2018-07-14T11:57:56-07:00","solar_system_id":30002833,"victim":{"alliance_id":99008228,"character_id":2114261268,"corporation_id":98548315,"damage_taken":4416,"items":[{"flag":27,"item_type_id":21096,"quantity_dropped":1},{"flag":11,"item_type_id":1319,"quantity_destroyed":1},{"flag":5,"item_type_id":16273,"quantity_dropped":1166}],"position":{"x":-5.46307475160209e+11,"y":-7.266827342105856e+10,"z":-3.371063816957854e+12},"ship_type_id":650}}