{"attackers":[{"alliance_id":1220922756,"character_id":93418551,"corporation_id":98032504,"damage_done":414,"final_blow":true,"security_status":2.9,"ship_type_id":22456,"weapon_type_id":2873}],"killmail_id":71244125,"killmail_time":"2018-07-14T10:33:20-07:00","solar_system_id":30001272,"victim":{"alliance_id":99006125,"character_id":2114060089,"corporation_id":98542381,"damage_taken":414,"position":{"x":1.0922741773569159e+11,"y":-3.2112225064749393e+09,"z":-2.852792980920774e+11},"ship_type_id":670}}