{"attackers":[{"alliance_id":99005689,"character_id":96398018,"corporation_id":98458317,"damage_done":440,"final_blow":true,"security_status":1.6,"ship_type_id":33468,"weapon_type_id":2456}],"killmail_id":71243361,"killmail_time":"2018-07-14T09:53:52-07:00","solar_system_id":31000739,"victim":{"character_id":2112853347,"corporation_id":1000077,"damage_taken":440,"items":[{"flag":89,"item_type_id":13286,"quantity_destroyed":1},{"flag":89,"item_type_id":27102,"quantity_destroyed":1}],"position":{"x":-1.2154344497319492e+10,"y":7.241862791164465e+10,"z":-5.018812250320577e+11},"ship_type_id":670}}