{"attackers":[{"damage_done":955,"faction_id":500003,"final_blow":true,"ship_type_id":48129}],"killmail_id":71243476,"killmail_time":"2018-07-14T09:57:00-07:00","solar_system_id":30002279,"victim":{"alliance_id":99003581,"character_id":2114225518,"corporation_id":98185110,"damage_taken":955,"items":[{"flag":5,"item_type_id":18029,"quantity_destroyed":104},{"flag":5,"item_type_id":18029,"quantity_dropped":224},{"flag":19,"item_type_id":22175,"quantity_dropped":1}],"position":{"x":4.101259812656272e+09,"y":-1.1757551532420454e+11,"z":-1.7827232945805746e+11},"ship_type_id":29248}}