{"attackers":[{"alliance_id":99006371,"character_id":917181577,"corporation_id":98304149,"damage_done":458,"final_blow":true,"security_status":0.5,"ship_type_id":17738,"weapon_type_id":3995}],"killmail_id":71242577,"killmail_time":"2018-07-14T09:09:43-07:00","solar_system_id":30001158,"victim":{"alliance_id":1614483120,"character_id":91634697,"corporation_id":98527075,"damage_taken":458,"position":{"x":1.1001973515761477e+12,"y":-5.2586371966789986e+10,"z":-1.94928685348278e+12},"ship_type_id":670}}