{"attackers":[{"character_id":2114210085,"corporation_id":1000181,"damage_done":402,"faction_id":500004,"final_blow":true,"ship_type_id":16240,"weapon_type_id":7583}],"killmail_id":71245205,"killmail_time":"2018-07-14T11:33:18-07:00","solar_system_id":30045336,"victim":{"character_id":92759761,"corporation_id":1000180,"damage_taken":402,"faction_id":500001,"position":{"x":6.514409706195551e+10,"y":6.2391582151507866e+10,"z":6.22342974325269e+10},"ship_type_id":670}}