{"attackers":[{"alliance_id":99008244,"character_id":91894509,"corporation_id":98561441,"damage_done":439,"final_blow":true,"security_status":-6.9,"ship_type_id":12015,"weapon_type_id":2969}],"killmail_id":71245515,"killmail_time":"2018-07-14T11:47:40-07:00","solar_system_id":30002961,"victim":{"character_id":2113600752,"corporation_id":98552547,"damage_taken":439,"position":{"x":-3.4027935688566895e+12,"y":-6.548716363655682e+11,"z":-6.685435063570657e+11},"ship_type_id":670}}