{"attackers":[{"alliance_id":99007988,"character_id":92198919,"corporation_id":98474028,"damage_done":405,"final_blow":true,"security_status":2.9,"ship_type_id":11186,"weapon_type_id":27371}],"killmail_id":71244530,"killmail_time":"2018-07-14T10:55:29-07:00","solar_system_id":30000672,"victim":{"alliance_id":99000814,"character_id":1654461002,"corporation_id":98518919,"damage_taken":405,"items":[{"flag":27,"item_type_id":21096,"quantity_destroyed":1},{"flag":5,"item_type_id":16273,"quantity_destroyed":350}],"position":{"x":-1.232251558993266e+12,"y":-9.889985515557242e+10,"z":5.561484291471081e+12},"ship_type_id":3766}}