{"attackers":[{"character_id":96424385,"corporation_id":1000006,"damage_done":1009,"final_blow":true,"security_status":5,"ship_type_id":24702,"weapon_type_id":2897}],"killmail_id":71244804,"killmail_time":"2018-07-14T11:14:20-07:00","solar_system_id":30000848,"victim":{"alliance_id":99007136,"character_id":93909462,"corporation_id":98187301,"damage_taken":1009,"items":[{"flag":27,"item_type_id":21096,"quantity_dropped":1}],"position":{"x":-5.6962938815083336e+10,"y":2.717578068780432e+12,"z":-6.7659252489019e+12},"ship_type_id":607}}