{"attackers":[{"alliance_id":99007534,"character_id":95240293,"corporation_id":98459743,"damage_done":2412,"final_blow":true,"security_status":4.9,"ship_type_id":645,"weapon_type_id":21640}],"killmail_id":71246423,"killmail_time":"2018-07-14T12:22:33-07:00","solar_system_id":31000640,"victim":{"corporation_id":98558002,"damage_taken":2412,"position":{"x":8.676957428757991e+11,"y":6.551762240345357e+09,"z":2.877608721259124e+12},"ship_type_id":42685}}