{"attackers":[{"alliance_id":99008278,"character_id":90500730,"corporation_id":98310216,"damage_done":455,"final_blow":true,"security_status":5,"ship_type_id":29984,"weapon_type_id":2679}],"killmail_id":71246319,"killmail_time":"2018-07-14T12:18:05-07:00","solar_system_id":30004420,"victim":{"alliance_id":99007864,"character_id":96827456,"corporation_id":98518474,"damage_taken":455,"position":{"x":-3.876176339853806e+12,"y":-3.509763631272119e+11,"z":-1.1353538525024995e+12},"ship_type_id":670}}