{"attackers":[{"alliance_id":1988009451,"character_id":90187721,"corporation_id":349567985,"damage_done":446,"final_blow":true,"security_status":5,"ship_type_id":621,"weapon_type_id":27381}],"killmail_id":71245812,"killmail_time":"2018-07-14T12:02:07-07:00","solar_system_id":30003707,"victim":{"alliance_id":99006020,"character_id":95269774,"corporation_id":98249462,"damage_taken":446,"items":[{"flag":89,"item_type_id":3265,"quantity_destroyed":1}],"position":{"x":1.284094631810037e+11,"y":-2.182754871456811e+10,"z":-1.9472282184236256e+10},"ship_type_id":670}}