{"attackers":[{"alliance_id":99005381,"character_id":95736505,"corporation_id":98523046,"damage_done":436,"final_blow":true,"security_status":-9.8,"ship_type_id":11186,"weapon_type_id":27387},{"alliance_id":99005381,"character_id":1814968573,"corporation_id":994783381,"security_status":-7,"ship_type_id":17718,"weapon_type_id":3025},{"alliance_id":99005381,"character_id":95868265,"corporation_id":98536621,"security_status":-10,"ship_type_id":583,"weapon_type_id":2404}],"killmail_id":71246000,"killmail_time":"2018-07-14T12:08:20-07:00","solar_system_id":30045333,"victim":{"alliance_id":99008358,"character_id":96569626,"corporation_id":98518906,"damage_taken":436,"position":{"x":5.860707512730342e+11,"y":3.2657176548533257e+10,"z":-3.0654188332573706e+12},"ship_type_id":670}}