{"attackers":[{"corporation_id":98556247,"damage_done":424,"final_blow":true,"ship_type_id":35833}],"killmail_id":71244785,"killmail_time":"2018-07-14T11:13:42-07:00","solar_system_id":30002355,"victim":{"alliance_id":99005338,"character_id":2114124389,"corporation_id":98388312,"damage_taken":424,"position":{"x":-2.571634019386241e+12,"y":-1.7356726493999585e+11,"z":5.819010952498074e+11},"ship_type_id":670}}