{"attackers":[{"alliance_id":99005338,"character_id":2112520446,"corporation_id":98502864,"damage_done":433,"final_blow":true,"security_status":5,"ship_type_id":12005,"weapon_type_id":2175},{"alliance_id":99005338,"character_id":2112674388,"corporation_id":98502864,"security_status":5,"ship_type_id":12013,"weapon_type_id":527}],"killmail_id":71245033,"killmail_time":"2018-07-14T11:27:51-07:00","solar_system_id":30000277,"victim":{"character_id":2113882873,"corporation_id":1000169,"damage_taken":433,"items":[{"flag":89,"item_type_id":9941,"quantity_destroyed":1},{"flag":89,"item_type_id":9943,"quantity_destroyed":1}],"position":{"x":-1.9904459889744575e+12,"y":-2.884857395678522e+11,"z":-1.0507654298663278e+11},"ship_type_id":670}}