{"attackers":[{"character_id":2112425240,"corporation_id":98512711,"damage_done":1306,"final_blow":true,"security_status":2,"ship_type_id":29986,"weapon_type_id":24492}],"killmail_id":71245919,"killmail_time":"2018-07-14T12:06:04-07:00","solar_system_id":31000525,"victim":{"alliance_id":99007663,"character_id":2112969322,"corporation_id":98497219,"damage_taken":1306,"position":{"x":-2.093601789994953e+11,"y":3.157486407086846e+11,"z":-6.3232939970538284e+10},"ship_type_id":597}}