{"attackers":[{"character_id":2113435343,"corporation_id":98536913,"damage_done":31810,"security_status":0.1,"ship_type_id":29988,"weapon_type_id":31880},{"character_id":2112587393,"corporation_id":98536913,"damage_done":12565,"final_blow":true,"security_status":-0.6,"ship_type_id":29986,"weapon_type_id":3512}],"killmail_id":71242570,"killmail_time":"2018-07-14T09:09:19-07:00","solar_system_id":30005215,"victim":{"character_id":943492592,"corporation_id":98386721,"damage_taken":44375,"items":[{"flag":5,"item_type_id":11341,"quantity_destroyed":1},{"flag":5,"item_type_id":15331,"quantity_destroyed":1},{"flag":5,"item_type_id":15331,"quantity_dropped":2}],"position":{"x":-8.458351404833505e+11,"y":-2.25851464220393e+11,"z":-5.524802775908209e+11},"ship_type_id":33475}}