{"attackers":[{"alliance_id":99005381,"character_id":1431313851,"corporation_id":98386992,"damage_done":461,"final_blow":true,"security_status":-10,"ship_type_id":22444,"weapon_type_id":2937},{"alliance_id":99006369,"character_id":549735708,"corporation_id":98539728,"faction_id":500001,"security_status":-6.5,"ship_type_id":17703,"weapon_type_id":3041},{"alliance_id":99005381,"character_id":366517445,"corporation_id":994783381,"security_status":-10,"ship_type_id":17722,"weapon_type_id":3138}],"killmail_id":71243015,"killmail_time":"2018-07-14T09:34:18-07:00","solar_system_id":30045333,"victim":{"alliance_id":99008358,"character_id":94868445,"corporation_id":98518906,"damage_taken":461,"position":{"x":3.7130906034704266e+11,"y":3.2663548247838764e+10,"z":1.402381539381454e+11},"ship_type_id":670}}