{"attackers":[{"alliance_id":1727758877,"character_id":1802602137,"corporation_id":1070320653,"damage_done":396,"security_status":-1.8,"ship_type_id":22440,"weapon_type_id":22440},{"alliance_id":1727758877,"character_id":181181255,"corporation_id":1070320653,"damage_done":64,"final_blow":true,"security_status":-1.5,"ship_type_id":22428,"weapon_type_id":15963},{"alliance_id":1727758877,"character_id":1366440976,"corporation_id":1070320653,"security_status":5,"ship_type_id":22440,"weapon_type_id":2117},{"alliance_id":1727758877,"character_id":423884252,"corporation_id":1070320653,"security_status":-0.2,"ship_type_id":22440,"weapon_type_id":2117}],"killmail_id":71243400,"killmail_time":"2018-07-14T09:54:42-07:00","solar_system_id":30004042,"victim":{"alliance_id":99004425,"character_id":95010857,"corporation_id":98454419,"damage_taken":460,"items":[{"flag":89,"item_type_id":13261,"quantity_destroyed":1}],"position":{"x":2.376654646975233e+12,"y":2.225774223740399e+12,"z":8.814142960085234e+12},"ship_type_id":670}}