{"attackers":[{"character_id":2112425240,"corporation_id":98512711,"damage_done":602,"final_blow":true,"security_status":2,"ship_type_id":29986,"weapon_type_id":2679}],"killmail_id":71245117,"killmail_time":"2018-07-14T11:31:03-07:00","solar_system_id":31000525,"victim":{"alliance_id":99007663,"character_id":94947822,"corporation_id":98192898,"damage_taken":602,"items":[{"flag":29,"item_type_id":25266,"quantity_destroyed":1},{"flag":28,"item_type_id":25266,"quantity_destroyed":1},{"flag":11,"item_type_id":22542,"quantity_destroyed":1}],"position":{"x":-2.093608451120549e+11,"y":3.1574839744549274e+11,"z":-6.3233347515669685e+10},"ship_type_id":32880}}