{"attackers":[{"character_id":2114210085,"corporation_id":1000181,"damage_done":2437,"faction_id":500004,"final_blow":true,"ship_type_id":16240,"weapon_type_id":7583}],"killmail_id":71245137,"killmail_time":"2018-07-14T11:31:41-07:00","solar_system_id":30045336,"victim":{"character_id":92759761,"corporation_id":1000180,"damage_taken":2437,"faction_id":500001,"items":[{"flag":20,"item_type_id":3829,"quantity_destroyed":1},{"flag":11,"item_type_id":2046,"quantity_destroyed":1},{"flag":19,"item_type_id":3829,"quantity_dropped":1}],"position":{"x":6.514409710705551e+10,"y":6.2391582106407875e+10,"z":6.223429738742692e+10},"ship_type_id":32880}}