{"attackers":[{"alliance_id":1727758877,"character_id":1802602137,"corporation_id":1070320653,"damage_done":187,"security_status":-1.8,"ship_type_id":22440,"weapon_type_id":22440},{"alliance_id":1727758877,"character_id":1366440976,"corporation_id":1070320653,"damage_done":181,"final_blow":true,"security_status":5,"ship_type_id":22440,"weapon_type_id":15963}],"killmail_id":71243368,"killmail_time":"2018-07-14T09:53:56-07:00","solar_system_id":30004042,"victim":{"alliance_id":1354830081,"character_id":2112382361,"corporation_id":98176563,"damage_taken":368,"position":{"x":2.376654657720675e+12,"y":2.22577422517988e+12,"z":8.814142971842818e+12},"ship_type_id":670}}