{"attackers":[{"alliance_id":99007552,"character_id":94460974,"corporation_id":98489268,"damage_done":687,"final_blow":true,"security_status":-10,"ship_type_id":29988,"weapon_type_id":15939}],"killmail_id":71244376,"killmail_time":"2018-07-14T10:46:33-07:00","solar_system_id":30002813,"victim":{"alliance_id":99002302,"character_id":418136991,"corporation_id":480079747,"damage_taken":687,"items":[{"flag":5,"item_type_id":34,"quantity_dropped":1},{"flag":27,"item_type_id":3638,"quantity_dropped":1},{"flag":19,"item_type_id":21857,"quantity_destroyed":1},{"flag":28,"item_type_id":3651,"quantity_destroyed":1}],"position":{"x":1.4018852066971897e+12,"y":-2.692018169432484e+10,"z":-1.9761331548058682e+11},"ship_type_id":606}}