{"attackers":[{"alliance_id":99006756,"character_id":91419902,"corporation_id":98113726,"damage_done":461,"final_blow":true,"security_status":2.6,"ship_type_id":3756,"weapon_type_id":2488},{"alliance_id":99006756,"character_id":96529227,"corporation_id":98113726,"security_status":5,"ship_type_id":34317,"weapon_type_id":3244}],"killmail_id":71244682,"killmail_time":"2018-07-14T11:06:28-07:00","solar_system_id":30005188,"victim":{"alliance_id":99007439,"character_id":96206140,"corporation_id":144851299,"damage_taken":461,"items":[{"flag":89,"item_type_id":3265,"quantity_destroyed":1}],"position":{"x":-1.5184343611240958e+11,"y":-2.9906410750814316e+10,"z":5.113242918769036e+12},"ship_type_id":670}}