{"attackers":[{"alliance_id":99008192,"character_id":92482588,"corporation_id":98511260,"damage_done":306,"final_blow":true,"security_status":1.7,"ship_type_id":33468,"weapon_type_id":2456},{"alliance_id":99008192,"character_id":2113453381,"corporation_id":98511260,"damage_done":124,"security_status":-1.8,"ship_type_id":33470,"weapon_type_id":2195},{"alliance_id":99008192,"character_id":92387238,"corporation_id":98511260,"damage_done":56,"security_status":0.7,"ship_type_id":22456,"weapon_type_id":22456}],"killmail_id":71246263,"killmail_time":"2018-07-14T12:15:06-07:00","solar_system_id":31001138,"victim":{"character_id":2114223690,"corporation_id":1000107,"damage_taken":486,"position":{"x":3.9780483007324713e+11,"y":-8.30511537569851e+10,"z":1.9476381522673148e+11},"ship_type_id":670}}