{"attackers":[{"alliance_id":99007044,"character_id":95592501,"corporation_id":98495864,"damage_done":412,"final_blow":true,"security_status":1.1,"ship_type_id":29990,"weapon_type_id":27381}],"killmail_id":71242024,"killmail_time":"2018-07-14T08:46:19-07:00","solar_system_id":30003182,"victim":{"alliance_id":99004360,"character_id":2114066957,"corporation_id":98178923,"damage_taken":412,"position":{"x":3.416614306689517e+11,"y":3.00090639809173e+11,"z":-6.978757197407153e+11},"ship_type_id":670}}