{"attackers":[{"alliance_id":99007534,"character_id":93390007,"corporation_id":98498080,"damage_done":421,"final_blow":true,"security_status":3.1,"ship_type_id":22452,"weapon_type_id":24499}],"killmail_id":71244269,"killmail_time":"2018-07-14T10:40:33-07:00","solar_system_id":31000515,"victim":{"character_id":2114069383,"corporation_id":98557301,"damage_taken":421,"items":[{"flag":89,"item_type_id":13285,"quantity_destroyed":1},{"flag":89,"item_type_id":9956,"quantity_destroyed":1}],"position":{"x":1.6306621816647444e+12,"y":1.5153919471081192e+11,"z":-1.959133420347877e+11},"ship_type_id":670}}