{"attackers":[{"alliance_id":99003214,"character_id":258753640,"corporation_id":98351666,"damage_done":330,"final_blow":true,"security_status":5,"ship_type_id":17715,"weapon_type_id":27371},{"alliance_id":99002367,"character_id":94940242,"corporation_id":98134777,"damage_done":114,"security_status":-1.7,"ship_type_id":11393,"weapon_type_id":3033},{"alliance_id":99002367,"character_id":466686290,"corporation_id":98541763,"security_status":5,"ship_type_id":33816,"weapon_type_id":14246}],"killmail_id":71243584,"killmail_time":"2018-07-14T10:02:21-07:00","solar_system_id":30004863,"victim":{"alliance_id":99002821,"character_id":92283229,"corporation_id":98146705,"damage_taken":444,"position":{"x":4.37822686162585e+11,"y":3.7292110677830315e+10,"z":-1.688041461633128e+12},"ship_type_id":670}}