{"attackers":[{"alliance_id":99004116,"character_id":95964351,"corporation_id":1129235924,"damage_done":13268,"final_blow":true,"security_status":-0.1,"ship_type_id":11200,"weapon_type_id":3074}],"killmail_id":71243720,"killmail_time":"2018-07-14T10:10:03-07:00","solar_system_id":30001191,"victim":{"character_id":96197554,"corporation_id":98474864,"damage_taken":13268,"position":{"x":-5.5692340332777295e+12,"y":6.125959939281318e+11,"z":4.732979070434845e+12},"ship_type_id":12198}}