{"attackers":[{"alliance_id":99001134,"character_id":90870526,"corporation_id":354495185,"damage_done":450,"final_blow":true,"security_status":-0.5,"ship_type_id":29990,"weapon_type_id":2921}],"killmail_id":71245213,"killmail_time":"2018-07-14T11:34:00-07:00","solar_system_id":30002187,"victim":{"alliance_id":1220922756,"character_id":2112177921,"corporation_id":98487936,"damage_taken":450,"position":{"x":-5.185839545333637e+11,"y":3.0256596354400204e+10,"z":1.0428957065365248e+12},"ship_type_id":670},"war_id":606589}