{"attackers":[{"alliance_id":131511956,"character_id":90176593,"corporation_id":98181543,"damage_done":406,"final_blow":true,"security_status":2.2,"ship_type_id":629,"weapon_type_id":2921}],"killmail_id":71244698,"killmail_time":"2018-07-14T11:07:55-07:00","solar_system_id":30003277,"victim":{"character_id":2113468245,"corporation_id":1000006,"damage_taken":406,"items":[{"flag":89,"item_type_id":13283,"quantity_destroyed":1}],"position":{"x":2.0960667258937285e+12,"y":2.4037002690535176e+12,"z":3.5578155063868916e+12},"ship_type_id":670}}