{"attackers":[{"alliance_id":99006319,"character_id":423844826,"corporation_id":98330748,"damage_done":421,"final_blow":true,"security_status":2.6,"ship_type_id":33470,"weapon_type_id":2488}],"killmail_id":71244208,"killmail_time":"2018-07-14T10:37:57-07:00","solar_system_id":31000783,"victim":{"alliance_id":1966049571,"character_id":2114234253,"corporation_id":98407038,"damage_taken":421,"faction_id":500002,"position":{"x":-1.2779131230153139e+11,"y":4.258136136161716e+10,"z":6.5435072482760994e+10},"ship_type_id":670}}