{"attackers":[{"alliance_id":1220922756,"character_id":791453481,"corporation_id":98032504,"damage_done":439,"final_blow":true,"security_status":4.8,"ship_type_id":17720,"weapon_type_id":2969},{"alliance_id":99004901,"character_id":1530871424,"corporation_id":98121464,"security_status":-2.1,"ship_type_id":22456,"weapon_type_id":448}],"killmail_id":71245893,"killmail_time":"2018-07-14T12:04:49-07:00","solar_system_id":30001967,"victim":{"alliance_id":99005338,"character_id":1954389091,"corporation_id":98388312,"damage_taken":439,"position":{"x":1.1013872623464287e+10,"y":8.020340595212655e+08,"z":-7.536823641713365e+11},"ship_type_id":670}}