{"attackers":[{"character_id":2114041361,"corporation_id":98545924,"damage_done":405,"final_blow":true,"ship_type_id":16242,"weapon_type_id":9411}],"killmail_id":71244857,"killmail_time":"2018-07-14T11:16:38-07:00","solar_system_id":31000415,"victim":{"character_id":2114185101,"corporation_id":98552685,"damage_taken":405,"position":{"x":1.1041798971028577e+12,"y":1.560222626706105e+11,"z":-1.118754046532987e+12},"ship_type_id":670}}