{"attackers":[{"alliance_id":99004567,"character_id":96645785,"corporation_id":98273331,"damage_done":524,"final_blow":true,"security_status":-10,"ship_type_id":17920,"weapon_type_id":9808}],"killmail_id":71244744,"killmail_time":"2018-07-14T11:11:24-07:00","solar_system_id":30000046,"victim":{"character_id":448014256,"corporation_id":98251207,"damage_taken":524,"position":{"x":2.8471351206814727e+12,"y":4.0135410860411006e+12,"z":-4.9203056372162e+11},"ship_type_id":11129}}