{"attackers":[{"character_id":2113314652,"corporation_id":98493825,"damage_done":425,"faction_id":500004,"final_blow":true,"security_status":-8,"ship_type_id":17812,"weapon_type_id":2977}],"killmail_id":71243302,"killmail_time":"2018-07-14T09:51:34-07:00","solar_system_id":30045346,"victim":{"character_id":2113827455,"corporation_id":98562101,"damage_taken":425,"position":{"x":-4.678283429072248e+12,"y":-3.299475628018975e+10,"z":2.5406668815299976e+12},"ship_type_id":670}}