{"attackers":[{"character_id":93457899,"corporation_id":1000168,"damage_done":424,"final_blow":true,"security_status":-7.3,"ship_type_id":16236,"weapon_type_id":3041}],"killmail_id":71243153,"killmail_time":"2018-07-14T09:44:47-07:00","solar_system_id":30045339,"victim":{"character_id":91932701,"corporation_id":1000180,"damage_taken":424,"faction_id":500001,"items":[{"flag":89,"item_type_id":20498,"quantity_destroyed":1},{"flag":89,"item_type_id":20506,"quantity_destroyed":1}],"position":{"x":5.551020279090381e+10,"y":9.849202703906796e+09,"z":-1.3704620098582121e+11},"ship_type_id":670}}