{"attackers":[{"alliance_id":99002367,"character_id":94940242,"corporation_id":98134777,"damage_done":444,"final_blow":true,"security_status":-1.7,"ship_type_id":11393,"weapon_type_id":3033},{"alliance_id":99002367,"character_id":466686290,"corporation_id":98541763,"security_status":5,"ship_type_id":33816,"weapon_type_id":14246}],"killmail_id":71243503,"killmail_time":"2018-07-14T09:58:04-07:00","solar_system_id":30004863,"victim":{"alliance_id":99002821,"character_id":92283526,"corporation_id":98146705,"damage_taken":444,"items":[{"flag":89,"item_type_id":27257,"quantity_destroyed":1},{"flag":89,"item_type_id":27095,"quantity_destroyed":1}],"position":{"x":4.37822769597677e+11,"y":3.729209172944497e+10,"z":-1.6880414002762566e+12},"ship_type_id":670}}