{"attackers":[{"character_id":2113936025,"corporation_id":98565719,"damage_done":418,"final_blow":true,"security_status":-1.1,"ship_type_id":32872,"weapon_type_id":7487}],"killmail_id":71242233,"killmail_time":"2018-07-14T08:55:21-07:00","solar_system_id":30002635,"victim":{"character_id":2114286272,"corporation_id":1000168,"damage_taken":418,"items":[{"flag":89,"item_type_id":13283,"quantity_destroyed":1}],"position":{"x":-2.018610012965721e+11,"y":-2.362528208705633e+10,"z":2.9751913376259775e+12},"ship_type_id":670}}