{"attackers":[{"damage_done":23892,"faction_id":500019,"final_blow":true,"ship_type_id":24158}],"killmail_id":71244441,"killmail_time":"2018-07-14T10:50:07-07:00","solar_system_id":30003121,"victim":{"alliance_id":498125261,"character_id":94346995,"corporation_id":98089513,"damage_taken":23892,"position":{"x":-3.148992195224191e+11,"y":-1.3108641739308737e+11,"z":-1.6088432660566272e+11},"ship_type_id":645}}