{"attackers":[{"alliance_id":99005382,"character_id":161684017,"corporation_id":98057065,"damage_done":533,"final_blow":true,"security_status":-1.7,"ship_type_id":29990,"weapon_type_id":2969}],"killmail_id":71242484,"killmail_time":"2018-07-14T09:06:51-07:00","solar_system_id":30000142,"victim":{"alliance_id":99005338,"character_id":2114153581,"corporation_id":98388312,"damage_taken":533,"position":{"x":-1.0730336433548811e+11,"y":-1.874497363459878e+10,"z":4.364890748898468e+11},"ship_type_id":11134},"war_id":596507}