{"attackers":[{"alliance_id":99002775,"character_id":819004125,"corporation_id":98140648,"damage_done":461,"final_blow":true,"security_status":-10,"ship_type_id":16242,"weapon_type_id":8905}],"killmail_id":71244793,"killmail_time":"2018-07-14T11:14:01-07:00","solar_system_id":30003503,"victim":{"character_id":804673739,"corporation_id":98283029,"damage_taken":461,"items":[{"flag":89,"item_type_id":27238,"quantity_destroyed":1}],"position":{"x":1.0861907499382954e+12,"y":1.0858046725345747e+10,"z":3.8569585400021504e+12},"ship_type_id":670}}