{"attackers":[{"alliance_id":99001258,"character_id":95388278,"corporation_id":98380655,"damage_done":49155,"final_blow":true,"security_status":0.8,"ship_type_id":29986,"weapon_type_id":2185}],"killmail_id":71243500,"killmail_time":"2018-07-14T09:58:01-07:00","moon_id":40004275,"solar_system_id":30000067,"victim":{"corporation_id":98081423,"damage_taken":49155,"items":[{"item_type_id":655,"quantity_dropped":1}],"position":{"x":6.139191645906713e+11,"y":3.897692514080253e+10,"z":-1.2821157887238984e+12},"ship_type_id":12237}}