{"attackers":[{"alliance_id":99005382,"character_id":161684017,"corporation_id":98057065,"damage_done":461,"final_blow":true,"security_status":-1.7,"ship_type_id":29990,"weapon_type_id":2969}],"killmail_id":71244643,"killmail_time":"2018-07-14T11:03:01-07:00","solar_system_id":30000142,"victim":{"character_id":95067947,"corporation_id":98454643,"damage_taken":461,"position":{"x":-1.0730339606369916e+11,"y":-1.874497960128716e+10,"z":4.3648901274611163e+11},"ship_type_id":670}}