{"attackers":[{"alliance_id":99005242,"character_id":384645677,"corporation_id":1856883060,"damage_done":432,"final_blow":true,"security_status":5.1,"ship_type_id":12019,"weapon_type_id":2185},{"character_id":2113264382,"corporation_id":98512711,"security_status":4.8,"ship_type_id":3756,"weapon_type_id":25709}],"killmail_id":71244819,"killmail_time":"2018-07-14T11:15:02-07:00","solar_system_id":31000525,"victim":{"alliance_id":99007123,"character_id":2114067304,"corporation_id":98558871,"damage_taken":432,"items":[{"flag":89,"item_type_id":3256,"quantity_destroyed":1}],"position":{"x":-2.0936101797881158e+11,"y":3.157484926625733e+11,"z":-6.3233141997970955e+10},"ship_type_id":670}}