{"attackers":[{"alliance_id":99008259,"character_id":2113262945,"corporation_id":98549472,"damage_done":461,"final_blow":true,"security_status":2,"ship_type_id":17930,"weapon_type_id":2456}],"killmail_id":71242050,"killmail_time":"2018-07-14T08:47:34-07:00","solar_system_id":30002084,"victim":{"character_id":96000090,"corporation_id":1000182,"damage_taken":461,"faction_id":500002,"position":{"x":-1.3316377807200786e+12,"y":3.581922488211116e+11,"z":4.84799940214227e+11},"ship_type_id":670}}