{"attackers":[{"character_id":95835700,"corporation_id":98566752,"damage_done":413,"final_blow":true,"security_status":-10,"ship_type_id":17738,"weapon_type_id":14206}],"killmail_id":71245798,"killmail_time":"2018-07-14T12:01:27-07:00","solar_system_id":30002691,"victim":{"character_id":2112890263,"corporation_id":1000168,"damage_taken":413,"position":{"x":-6.050010275064792e+11,"y":3.319251874237535e+12,"z":1.8870621360434395e+12},"ship_type_id":670}}