{"attackers":[{"alliance_id":99008301,"character_id":95554107,"corporation_id":98557117,"damage_done":418,"final_blow":true,"security_status":5,"ship_type_id":22460,"weapon_type_id":3178}],"killmail_id":71243689,"killmail_time":"2018-07-14T10:08:41-07:00","solar_system_id":30000241,"victim":{"character_id":2114227573,"corporation_id":1000107,"damage_taken":418,"position":{"x":-2.886032552992656e+12,"y":1.1410866754104639e+12,"z":-1.098651280900194e+12},"ship_type_id":670}}