{"attackers":[{"character_id":1292964949,"corporation_id":1000009,"damage_done":696,"final_blow":true,"security_status":-0.2,"ship_type_id":17930,"weapon_type_id":2205},{"character_id":656673839,"corporation_id":1000046,"damage_done":227,"security_status":1,"ship_type_id":11393,"weapon_type_id":11393}],"killmail_id":71245433,"killmail_time":"2018-07-14T11:43:37-07:00","solar_system_id":30002440,"victim":{"character_id":2113731307,"corporation_id":98470297,"damage_taken":923,"items":[{"flag":27,"item_type_id":21096,"quantity_destroyed":1},{"flag":5,"item_type_id":16273,"quantity_destroyed":700}],"position":{"x":-5.084246150762783e+12,"y":-6.046724230421942e+11,"z":-2.8952698601476367e+12},"ship_type_id":605}}