{"attackers":[{"alliance_id":99005866,"character_id":2112302449,"corporation_id":98080323,"damage_done":461,"final_blow":true,"security_status":-1.6,"ship_type_id":22456,"weapon_type_id":2881}],"killmail_id":71244956,"killmail_time":"2018-07-14T11:23:16-07:00","solar_system_id":30003270,"victim":{"alliance_id":99007985,"character_id":1629081858,"corporation_id":98303612,"damage_taken":461,"items":[{"flag":89,"item_type_id":27174,"quantity_destroyed":1},{"flag":89,"item_type_id":10208,"quantity_destroyed":1},{"flag":89,"item_type_id":10221,"quantity_destroyed":1}],"position":{"x":3.6539258820153994e+12,"y":-4.6906601390833167e+11,"z":-1.0534769049257135e+12},"ship_type_id":670}}