{"attackers":[{"character_id":90134757,"corporation_id":98380939,"damage_done":421,"final_blow":true,"security_status":-0.5,"ship_type_id":4310,"weapon_type_id":2961}],"killmail_id":71242730,"killmail_time":"2018-07-14T09:16:59-07:00","solar_system_id":30000142,"victim":{"character_id":2114274455,"corporation_id":1000045,"damage_taken":421,"position":{"x":-1.073034041283777e+11,"y":-1.874498324976858e+10,"z":4.364890040931871e+11},"ship_type_id":670}}