{"attackers":[{"alliance_id":99005382,"character_id":161684017,"corporation_id":98057065,"damage_done":910,"final_blow":true,"security_status":-1.7,"ship_type_id":29990,"weapon_type_id":2969}],"killmail_id":71243239,"killmail_time":"2018-07-14T09:49:02-07:00","solar_system_id":30000142,"victim":{"alliance_id":99003581,"character_id":2114250934,"corporation_id":98185110,"damage_taken":910,"position":{"x":-1.0730336225030302e+11,"y":-1.8744973794407486e+10,"z":4.3648907942221344e+11},"ship_type_id":605},"war_id":605532}