{"attackers":[{"character_id":96576533,"corporation_id":98536030,"damage_done":461,"final_blow":true,"security_status":0.4,"ship_type_id":22456,"weapon_type_id":2873}],"killmail_id":71245642,"killmail_time":"2018-07-14T11:54:20-07:00","solar_system_id":30001154,"victim":{"alliance_id":99002367,"character_id":94677255,"corporation_id":98224835,"damage_taken":461,"position":{"x":-2.8870255931129603e+09,"y":-3.650716805122664e+08,"z":2.6071092272472867e+11},"ship_type_id":33328}}