{"attackers":[{"character_id":2113264382,"corporation_id":98512711,"damage_done":2358,"final_blow":true,"security_status":4.8,"ship_type_id":3756,"weapon_type_id":2185}],"killmail_id":71245228,"killmail_time":"2018-07-14T11:34:37-07:00","solar_system_id":31000525,"victim":{"alliance_id":99007663,"character_id":95613028,"corporation_id":98192898,"damage_taken":2358,"position":{"x":-2.093611772144809e+11,"y":3.157486828145867e+11,"z":-6.323313225114235e+10},"ship_type_id":16242}}