{"attackers":[{"alliance_id":99007552,"character_id":92586942,"corporation_id":98489268,"damage_done":457,"final_blow":true,"security_status":-1.9,"ship_type_id":29990,"weapon_type_id":2969}],"killmail_id":71244797,"killmail_time":"2018-07-14T11:14:15-07:00","solar_system_id":30002813,"victim":{"character_id":90865032,"corporation_id":98118376,"damage_taken":457,"items":[{"flag":89,"item_type_id":3240,"quantity_destroyed":1},{"flag":89,"item_type_id":17871,"quantity_destroyed":1},{"flag":89,"item_type_id":3479,"quantity_destroyed":1}],"position":{"x":1.4018852324168652e+12,"y":-2.69201688746761e+10,"z":-1.9761327566995862e+11},"ship_type_id":670}}