{"attackers":[{"alliance_id":99007090,"character_id":93222028,"corporation_id":98502405,"damage_done":439,"final_blow":true,"security_status":-7.9,"ship_type_id":29990,"weapon_type_id":2969}],"killmail_id":71245123,"killmail_time":"2018-07-14T11:31:09-07:00","solar_system_id":30045354,"victim":{"character_id":2114211318,"corporation_id":98210713,"damage_taken":439,"position":{"x":1.2287715849324137e+08,"y":6.786021679797554e+07,"z":-3.1646672831345767e+08},"ship_type_id":670}}