{"attackers":[{"character_id":2113650790,"corporation_id":98560237,"damage_done":460,"faction_id":500002,"final_blow":true,"security_status":-6.5,"ship_type_id":598,"weapon_type_id":27371},{"alliance_id":99002584,"character_id":1494768552,"corporation_id":98232099,"faction_id":500002,"security_status":-9.6,"ship_type_id":11198,"weapon_type_id":3244}],"killmail_id":71244142,"killmail_time":"2018-07-14T10:34:33-07:00","solar_system_id":30003088,"victim":{"alliance_id":99006297,"character_id":2112240110,"corporation_id":98480054,"damage_taken":460,"position":{"x":-2.287585192585125e+12,"y":2.972516363466938e+11,"z":-1.6980285817351565e+12},"ship_type_id":670}}