{"attackers":[{"alliance_id":99007451,"character_id":2112393255,"corporation_id":98382088,"damage_done":15981,"final_blow":true,"security_status":-0.2,"ship_type_id":33151,"weapon_type_id":3082},{"damage_done":8102,"faction_id":500011,"ship_type_id":24128},{"alliance_id":99007451,"character_id":768630165,"corporation_id":98382088,"security_status":1.4,"ship_type_id":17738,"weapon_type_id":2929},{"alliance_id":99007451,"character_id":96849176,"corporation_id":98382088,"security_status":4.7,"ship_type_id":33153,"weapon_type_id":2410}],"killmail_id":71244238,"killmail_time":"2018-07-14T10:39:46-07:00","solar_system_id":30000579,"victim":{"alliance_id":99003581,"character_id":2114288217,"corporation_id":98185110,"damage_taken":24083,"position":{"x":-3.0738049103828926e+10,"y":-1.0795143553431783e+09,"z":-2.8434546101522186e+10},"ship_type_id":23061}}