{"attackers":[{"alliance_id":99005502,"character_id":1476349677,"corporation_id":98088408,"damage_done":489,"final_blow":true,"security_status":-10,"ship_type_id":17738,"weapon_type_id":15963}],"killmail_id":71241998,"killmail_time":"2018-07-14T08:44:49-07:00","solar_system_id":30002718,"victim":{"character_id":2114276516,"corporation_id":1000165,"damage_taken":489,"position":{"x":-4.948671315399712e+11,"y":6.998643516413841e+10,"z":2.6337466338033374e+12},"ship_type_id":11134}}