{"attackers":[{"character_id":2112477369,"corporation_id":98527966,"damage_done":50110,"final_blow":true,"security_status":5.1,"ship_type_id":3756,"weapon_type_id":3146}],"killmail_id":71244570,"killmail_time":"2018-07-14T10:58:12-07:00","solar_system_id":30003488,"victim":{"character_id":2114166257,"corporation_id":1000169,"damage_taken":50110,"items":[{"flag":5,"item_type_id":45998,"quantity_destroyed":1}],"position":{"x":-3.809987794488568e+11,"y":-1.0651041564808821e+11,"z":-8.225252967289769e+11},"ship_type_id":33475}}