{"attackers":[{"alliance_id":1900696668,"character_id":1745486383,"corporation_id":98465001,"damage_done":8923,"security_status":-0.2,"ship_type_id":12042,"weapon_type_id":3065},{"alliance_id":99000906,"character_id":93938773,"corporation_id":136013879,"damage_done":7470,"final_blow":true,"security_status":-3.9,"ship_type_id":11400,"weapon_type_id":2817}],"killmail_id":71242840,"killmail_time":"2018-07-14T09:22:05-07:00","solar_system_id":30003277,"victim":{"alliance_id":937872513,"character_id":2112143641,"corporation_id":917701062,"damage_taken":16393,"position":{"x":-3.1651036047546562e+12,"y":2.4750352102410153e+11,"z":-1.1877040469782742e+12},"ship_type_id":12198}}