{"attackers":[{"character_id":96021745,"corporation_id":1327176877,"damage_done":447,"faction_id":500003,"final_blow":true,"security_status":-4.2,"ship_type_id":16240,"weapon_type_id":3178}],"killmail_id":71244417,"killmail_time":"2018-07-14T10:48:48-07:00","solar_system_id":30002977,"victim":{"character_id":2113588125,"corporation_id":1000182,"damage_taken":447,"faction_id":500002,"position":{"x":-1.6671964796960147e+11,"y":2.622750697935241e+09,"z":1.9857409767273471e+09},"ship_type_id":670}}