{"attackers":[{"character_id":1649066660,"corporation_id":98528635,"damage_done":593,"final_blow":true,"security_status":-2.6,"ship_type_id":12015,"weapon_type_id":2969}],"killmail_id":71244823,"killmail_time":"2018-07-14T11:15:12-07:00","solar_system_id":30004977,"victim":{"character_id":95138025,"corporation_id":98395548,"damage_taken":593,"items":[{"flag":19,"item_type_id":21857,"quantity_destroyed":1},{"flag":27,"item_type_id":3636,"quantity_destroyed":1},{"flag":5,"item_type_id":16273,"quantity_destroyed":50},{"flag":28,"item_type_id":21096,"quantity_destroyed":1}],"position":{"x":6.223910166804708e+11,"y":-6.934549802137401e+10,"z":-9.141621180605846e+10},"ship_type_id":588}}