{"attackers":[{"corporation_id":1000293,"damage_done":501,"final_blow":true,"ship_type_id":48091}],"killmail_id":71244675,"killmail_time":"2018-07-14T11:06:06-07:00","solar_system_id":32000106,"victim":{"alliance_id":99005338,"character_id":94440921,"corporation_id":98388312,"damage_taken":501,"items":[{"flag":89,"item_type_id":27105,"quantity_destroyed":1},{"flag":89,"item_type_id":27107,"quantity_destroyed":1},{"flag":89,"item_type_id":3265,"quantity_destroyed":1}],"position":{"x":-1.495947412883221e+13,"y":-1.495978868577258e+13,"z":-1.4959788694397816e+13},"ship_type_id":670}}