{"attackers":[{"character_id":95463741,"corporation_id":98470828,"damage_done":414,"final_blow":true,"security_status":3.5,"ship_type_id":16229,"weapon_type_id":2205}],"killmail_id":71244024,"killmail_time":"2018-07-14T10:27:02-07:00","solar_system_id":30005328,"victim":{"character_id":2114304322,"corporation_id":98565578,"damage_taken":414,"position":{"x":-1.6022654892907556e+11,"y":2.4887501147327698e+10,"z":5.482127906343129e+10},"ship_type_id":670}}