{"attackers":[{"alliance_id":99001134,"character_id":90870526,"corporation_id":354495185,"damage_done":458,"final_blow":true,"security_status":-0.5,"ship_type_id":29990,"weapon_type_id":2921}],"killmail_id":71244903,"killmail_time":"2018-07-14T11:19:59-07:00","solar_system_id":30002187,"victim":{"alliance_id":99008278,"character_id":96527876,"corporation_id":98527353,"damage_taken":458,"position":{"x":-5.185839433133528e+11,"y":3.0256618105779606e+10,"z":1.0428957185572422e+12},"ship_type_id":670},"war_id":604970}