{"attackers":[{"alliance_id":99005242,"character_id":1248551582,"corporation_id":1856883060,"damage_done":2320,"final_blow":true,"security_status":2.2,"ship_type_id":22474,"weapon_type_id":24486}],"killmail_id":71246139,"killmail_time":"2018-07-14T12:10:53-07:00","solar_system_id":31000525,"victim":{"alliance_id":99007663,"character_id":2112239987,"corporation_id":98497219,"damage_taken":2320,"position":{"x":-2.0935988985049863e+11,"y":3.157486510388425e+11,"z":-6.323319972584276e+10},"ship_type_id":655}}