{"attackers":[{"alliance_id":99005242,"character_id":96130269,"corporation_id":1856883060,"damage_done":2324,"final_blow":true,"security_status":3.7,"ship_type_id":12005,"weapon_type_id":2446}],"killmail_id":71246147,"killmail_time":"2018-07-14T12:11:02-07:00","solar_system_id":31000525,"victim":{"alliance_id":99007663,"character_id":2112239987,"corporation_id":98497219,"damage_taken":2324,"position":{"x":-2.0935989277135123e+11,"y":3.157486526542832e+11,"z":-6.323319649495352e+10},"ship_type_id":655}}