{"attackers":[{"alliance_id":386292982,"character_id":1238136694,"corporation_id":828800677,"damage_done":461,"final_blow":true,"security_status":-1.5,"ship_type_id":34828,"weapon_type_id":27387}],"killmail_id":71243521,"killmail_time":"2018-07-14T09:59:18-07:00","solar_system_id":30004806,"victim":{"alliance_id":99003214,"character_id":93716410,"corporation_id":98351666,"damage_taken":461,"position":{"x":1.857650570428159e+12,"y":-3.775082884358582e+10,"z":-1.6550364399727432e+12},"ship_type_id":670}}