{"attackers":[{"alliance_id":99007123,"character_id":2112657921,"corporation_id":98484011,"damage_done":448,"final_blow":true,"security_status":5.1,"ship_type_id":34317,"weapon_type_id":2993}],"killmail_id":71244258,"killmail_time":"2018-07-14T10:40:06-07:00","solar_system_id":30004019,"victim":{"character_id":93117433,"corporation_id":98338219,"damage_taken":448,"position":{"x":7.575413097689669e+11,"y":-7.819639550056243e+11,"z":1.4563372518850762e+12},"ship_type_id":670}}