{"attackers":[{"alliance_id":99006625,"character_id":94771700,"corporation_id":98177721,"damage_done":427,"faction_id":500004,"final_blow":true,"security_status":-10,"ship_type_id":33816,"weapon_type_id":27381}],"killmail_id":71243680,"killmail_time":"2018-07-14T10:08:12-07:00","solar_system_id":30002813,"victim":{"character_id":94873811,"corporation_id":1000180,"damage_taken":427,"faction_id":500001,"position":{"x":4.386820532172796e+12,"y":1.0995748502480957e+12,"z":4.2625436309796893e+11},"ship_type_id":670}}