{"attackers":[{"alliance_id":99005382,"character_id":161684017,"corporation_id":98057065,"damage_done":429,"final_blow":true,"security_status":-1.7,"ship_type_id":29990,"weapon_type_id":2969},{"character_id":91638913,"corporation_id":98380939,"security_status":-0.2,"ship_type_id":11174,"weapon_type_id":14242}],"killmail_id":71242599,"killmail_time":"2018-07-14T09:10:59-07:00","solar_system_id":30000142,"victim":{"alliance_id":99005338,"character_id":2113061991,"corporation_id":98388312,"damage_taken":429,"position":{"x":-1.0730336276426112e+11,"y":-1.874497149233763e+10,"z":4.3648907201484784e+11},"ship_type_id":670},"war_id":596507}