{"attackers":[{"alliance_id":99005559,"character_id":1250096506,"corporation_id":98553349,"damage_done":421,"final_blow":true,"security_status":0.9,"ship_type_id":4310,"weapon_type_id":2961}],"killmail_id":71242714,"killmail_time":"2018-07-14T09:15:59-07:00","solar_system_id":30000142,"victim":{"alliance_id":99004514,"character_id":2114274537,"corporation_id":98124121,"damage_taken":421,"position":{"x":-1.0730340403728522e+11,"y":-1.8744982244014305e+10,"z":4.3648900441936176e+11},"ship_type_id":670}}