{"attackers":[{"alliance_id":99007916,"character_id":1405304290,"corporation_id":98108528,"damage_done":197,"final_blow":true,"security_status":0.8,"ship_type_id":12034,"weapon_type_id":27359},{"alliance_id":99007916,"character_id":94558144,"corporation_id":98257549,"damage_done":167,"security_status":5,"ship_type_id":12034,"weapon_type_id":27359},{"alliance_id":99007916,"character_id":92754130,"corporation_id":98201052,"damage_done":100,"security_status":4.8,"ship_type_id":12032,"weapon_type_id":267}],"killmail_id":71245077,"killmail_time":"2018-07-14T11:29:37-07:00","solar_system_id":30003683,"victim":{"alliance_id":1354830081,"character_id":91997118,"corporation_id":98505151,"damage_taken":464,"position":{"x":-9.879613123594464e+10,"y":-1.370099681131416e+10,"z":-1.1023693837656948e+12},"ship_type_id":670}}