{"attackers":[{"alliance_id":99007362,"character_id":2113825350,"corporation_id":98531304,"damage_done":11986,"final_blow":true,"security_status":5,"ship_type_id":29984,"weapon_type_id":2679}],"killmail_id":71245687,"killmail_time":"2018-07-14T11:56:22-07:00","solar_system_id":30004375,"victim":{"character_id":96570891,"corporation_id":1000107,"damage_taken":11986,"position":{"x":-1.343356415653981e+12,"y":-2.4497582982055936e+11,"z":-3.2933155709366764e+10},"ship_type_id":12198}}