{"attackers":[{"alliance_id":99001383,"character_id":973191555,"corporation_id":98490314,"damage_done":454,"final_blow":true,"security_status":5,"ship_type_id":640,"weapon_type_id":27435}],"killmail_id":71243600,"killmail_time":"2018-07-14T10:03:35-07:00","solar_system_id":30004636,"victim":{"alliance_id":1900696668,"character_id":1816557825,"corporation_id":497926671,"damage_taken":454,"position":{"x":2.5889113460134033e+12,"y":3.8294973127862146e+11,"z":8.582757898661049e+11},"ship_type_id":670}}