{"attackers":[{"alliance_id":99008244,"character_id":2003715500,"corporation_id":98556933,"damage_done":442,"final_blow":true,"security_status":-1.6,"ship_type_id":12003,"weapon_type_id":3512}],"killmail_id":71243010,"killmail_time":"2018-07-14T09:33:56-07:00","solar_system_id":30002027,"victim":{"alliance_id":99001317,"character_id":2113873317,"corporation_id":98520878,"damage_taken":442,"position":{"x":-1.7734140063223367e+09,"y":4.1824419863538776e+11,"z":4.226718150441262e+11},"ship_type_id":670}}