{"attackers":[{"alliance_id":1220922756,"character_id":791453481,"corporation_id":98032504,"damage_done":444,"final_blow":true,"security_status":4.8,"ship_type_id":17720,"weapon_type_id":2969}],"killmail_id":71244980,"killmail_time":"2018-07-14T11:24:22-07:00","solar_system_id":30003680,"victim":{"alliance_id":1042504553,"character_id":95771889,"corporation_id":98311406,"damage_taken":444,"items":[{"flag":89,"item_type_id":22534,"quantity_destroyed":1},{"flag":89,"item_type_id":3265,"quantity_destroyed":1}],"position":{"x":8.962426941158098e+12,"y":2.5922458504235864e+11,"z":2.882843562840356e+12},"ship_type_id":670}}