{"attackers":[{"alliance_id":99007539,"character_id":301592770,"corporation_id":98519717,"damage_done":239,"faction_id":500003,"final_blow":true,"security_status":-2.4,"ship_type_id":29990,"weapon_type_id":2969},{"alliance_id":99007539,"character_id":1051998985,"corporation_id":98519717,"damage_done":203,"faction_id":500003,"security_status":-9.7,"ship_type_id":17928,"weapon_type_id":17928},{"alliance_id":99007539,"character_id":181486998,"corporation_id":98519717,"faction_id":500003,"security_status":0.5,"ship_type_id":17722,"weapon_type_id":3244}],"killmail_id":71242582,"killmail_time":"2018-07-14T09:10:01-07:00","solar_system_id":30002960,"victim":{"character_id":2113361353,"corporation_id":98566255,"damage_taken":442,"faction_id":500002,"position":{"x":-1.484223643071442e+12,"y":3.9066276124583984e+12,"z":-9.415575604096691e+11},"ship_type_id":670}}