{"attackers":[{"character_id":95595205,"corporation_id":1000014,"damage_done":409,"final_blow":true,"security_status":4.8,"ship_type_id":605,"weapon_type_id":3178}],"killmail_id":71244841,"killmail_time":"2018-07-14T11:15:50-07:00","solar_system_id":31000456,"victim":{"character_id":2114256494,"corporation_id":1000044,"damage_taken":409,"position":{"x":5.0642288327374725e+10,"y":3.9734484463521484e+10,"z":1.2868778172795372e+11},"ship_type_id":670}}