{"attackers":[{"alliance_id":99007552,"character_id":94460974,"corporation_id":98489268,"damage_done":432,"final_blow":true,"security_status":-10,"ship_type_id":29988,"weapon_type_id":15939}],"killmail_id":71246098,"killmail_time":"2018-07-14T12:10:14-07:00","solar_system_id":30002813,"victim":{"character_id":2113870453,"corporation_id":1000169,"damage_taken":432,"position":{"x":1.4018852358243591e+12,"y":-2.69201689882238e+10,"z":-1.976132770030723e+11},"ship_type_id":670}}