{"attackers":[{"alliance_id":99005034,"character_id":2112743456,"corporation_id":98408349,"damage_done":1802,"final_blow":true,"security_status":2.1,"ship_type_id":17715,"weapon_type_id":27371}],"killmail_id":71243854,"killmail_time":"2018-07-14T10:17:03-07:00","solar_system_id":30005237,"victim":{"alliance_id":99005034,"character_id":1698832186,"corporation_id":98291261,"damage_taken":1802,"position":{"x":-2.047238555032996e+11,"y":-1.8250534331492355e+10,"z":2.8735942689137006e+11},"ship_type_id":587}}