{"attackers":[{"character_id":94430036,"corporation_id":98534221,"damage_done":418,"final_blow":true,"security_status":-9.4,"ship_type_id":12034,"weapon_type_id":27359}],"killmail_id":71242409,"killmail_time":"2018-07-14T09:03:11-07:00","solar_system_id":30002647,"victim":{"alliance_id":99003916,"character_id":2112941301,"corporation_id":98245042,"damage_taken":418,"position":{"x":6.028041709141267e+12,"y":-7.31610204264037e+11,"z":6.829693696339516e+10},"ship_type_id":670}}