{"attackers":[{"alliance_id":99001134,"character_id":90870526,"corporation_id":354495185,"damage_done":425,"final_blow":true,"security_status":-0.5,"ship_type_id":29990,"weapon_type_id":2921}],"killmail_id":71245150,"killmail_time":"2018-07-14T11:32:00-07:00","solar_system_id":30002187,"victim":{"alliance_id":99001317,"character_id":2114178500,"corporation_id":98520878,"damage_taken":425,"position":{"x":-5.1858393402823773e+11,"y":3.0256620303274693e+10,"z":1.0428957306960356e+12},"ship_type_id":670},"war_id":606474}