{"attackers":[{"character_id":2114091137,"corporation_id":1000180,"damage_done":432,"faction_id":500001,"final_blow":true,"security_status":-1.7,"ship_type_id":597,"weapon_type_id":3033}],"killmail_id":71243270,"killmail_time":"2018-07-14T09:50:11-07:00","solar_system_id":30045330,"victim":{"character_id":2114151783,"corporation_id":98561618,"damage_taken":432,"faction_id":500004,"position":{"x":1.0934943866856783e+11,"y":-4.078828701410881e+10,"z":-5.1318615939419846e+10},"ship_type_id":670}}