{"attackers":[{"alliance_id":99006625,"character_id":96582714,"corporation_id":98401847,"damage_done":583,"faction_id":500004,"final_blow":true,"security_status":-9.8,"ship_type_id":644,"weapon_type_id":3995}],"killmail_id":71243053,"killmail_time":"2018-07-14T09:36:42-07:00","solar_system_id":30002813,"victim":{"alliance_id":99003700,"character_id":1499650153,"corporation_id":98353041,"damage_taken":583,"position":{"x":4.386820538718576e+12,"y":1.0995748414423489e+12,"z":4.262543749563555e+11},"ship_type_id":11134}}