{"attackers":[{"alliance_id":99006319,"character_id":92720422,"corporation_id":98330748,"damage_done":443,"final_blow":true,"security_status":5,"ship_type_id":33468,"weapon_type_id":2456}],"killmail_id":71244345,"killmail_time":"2018-07-14T10:45:02-07:00","solar_system_id":31000194,"victim":{"character_id":2112320062,"corporation_id":98518131,"damage_taken":443,"position":{"x":1.1920342836920827e+11,"y":6.414531919833509e+10,"z":-2.92257773084932e+11},"ship_type_id":670}}