{"attackers":[{"alliance_id":99004798,"character_id":473536102,"corporation_id":880686126,"damage_done":11895,"final_blow":true,"security_status":5,"ship_type_id":17718,"weapon_type_id":3520}],"killmail_id":71244709,"killmail_time":"2018-07-14T11:08:49-07:00","solar_system_id":30000848,"victim":{"character_id":96424385,"corporation_id":1000006,"damage_taken":11895,"position":{"x":5.51085103208478e+12,"y":6.692097842280848e+11,"z":-3.62245635353631e+12},"ship_type_id":12198}}