{"attackers":[{"alliance_id":99004901,"character_id":92472609,"corporation_id":215297637,"damage_done":432,"final_blow":true,"security_status":-5.1,"ship_type_id":12015,"weapon_type_id":2969}],"killmail_id":71243191,"killmail_time":"2018-07-14T09:46:27-07:00","solar_system_id":30002440,"victim":{"alliance_id":99005338,"character_id":2114128904,"corporation_id":98388312,"damage_taken":432,"position":{"x":-5.084244664051105e+12,"y":-6.046724474642632e+11,"z":-2.8952696575854404e+12},"ship_type_id":670}}