{"attackers":[{"corporation_id":1000125,"damage_done":557,"final_blow":true,"ship_type_id":3885}],"killmail_id":71244446,"killmail_time":"2018-07-14T10:50:16-07:00","solar_system_id":30003503,"victim":{"alliance_id":99002775,"character_id":92843939,"corporation_id":98140648,"damage_taken":557,"position":{"x":1.0861916405811447e+12,"y":1.0833759832321209e+10,"z":3.8569588097379316e+12},"ship_type_id":11134}}