{"attackers":[{"alliance_id":99002938,"character_id":1991865425,"corporation_id":98458525,"damage_done":461,"final_blow":true,"security_status":5,"ship_type_id":34317,"weapon_type_id":2993},{"alliance_id":99007203,"character_id":96189661,"corporation_id":98516290,"security_status":5,"ship_type_id":11202,"weapon_type_id":527}],"killmail_id":71243305,"killmail_time":"2018-07-14T09:51:58-07:00","solar_system_id":30003682,"victim":{"alliance_id":99005205,"character_id":93395031,"corporation_id":98310442,"damage_taken":461,"position":{"x":-1.8134982985748398e+12,"y":-3.473571708928679e+12,"z":-2.894638717378162e+11},"ship_type_id":670}}