{"attackers":[{"alliance_id":99005382,"character_id":161684017,"corporation_id":98057065,"damage_done":651,"final_blow":true,"security_status":-1.7,"ship_type_id":29990,"weapon_type_id":2969}],"killmail_id":71242696,"killmail_time":"2018-07-14T09:15:18-07:00","solar_system_id":30000142,"victim":{"alliance_id":1354830081,"character_id":2113568100,"corporation_id":98555208,"damage_taken":651,"items":[{"flag":5,"item_type_id":34,"quantity_dropped":1},{"flag":27,"item_type_id":3638,"quantity_dropped":1},{"flag":19,"item_type_id":21857,"quantity_dropped":1},{"flag":28,"item_type_id":3651,"quantity_destroyed":1}],"position":{"x":-1.0730332845289665e+11,"y":-1.8744988801903698e+10,"z":4.3648908950958966e+11},"ship_type_id":606},"war_id":596506}