{"attackers":[{"alliance_id":99007539,"character_id":301592770,"corporation_id":98519717,"damage_done":346,"faction_id":500003,"final_blow":true,"security_status":-3.4,"ship_type_id":29990,"weapon_type_id":2969},{"alliance_id":99007539,"character_id":1051998985,"corporation_id":98519717,"damage_done":111,"faction_id":500003,"security_status":-9.8,"ship_type_id":17928,"weapon_type_id":17928}],"killmail_id":71243206,"killmail_time":"2018-07-14T09:47:13-07:00","solar_system_id":30002960,"victim":{"character_id":144567458,"corporation_id":98537339,"damage_taken":457,"items":[{"flag":89,"item_type_id":27127,"quantity_destroyed":1}],"position":{"x":-2.35171294141395e+12,"y":2.214168645053375e+11,"z":3.0962637625024194e+12},"ship_type_id":670}}