{"attackers":[{"character_id":298246483,"corporation_id":98265369,"damage_done":276,"final_blow":true,"security_status":4.2,"ship_type_id":17843,"weapon_type_id":2446}],"killmail_id":71246257,"killmail_time":"2018-07-14T12:14:54-07:00","solar_system_id":31001683,"victim":{"alliance_id":99007651,"character_id":514529867,"corporation_id":1222557231,"damage_taken":276,"position":{"x":-1.414553288922683e+11,"y":-1.00657675908149e+07,"z":1.4545321254429058e+12},"ship_type_id":672}}