{"attackers":[{"alliance_id":99004945,"character_id":1299042030,"corporation_id":98341415,"damage_done":438,"final_blow":true,"security_status":-7.7,"ship_type_id":37483,"weapon_type_id":2205}],"killmail_id":71242903,"killmail_time":"2018-07-14T09:26:25-07:00","solar_system_id":30002723,"victim":{"character_id":93774027,"corporation_id":98499841,"damage_taken":438,"position":{"x":-5.055959642422757e+12,"y":4.4254211872795795e+11,"z":-1.2677221100482852e+12},"ship_type_id":670}}