{"attackers":[{"alliance_id":99006319,"character_id":93256020,"corporation_id":98330748,"damage_done":646,"final_blow":true,"security_status":0.6,"ship_type_id":29984,"weapon_type_id":3082}],"killmail_id":71244839,"killmail_time":"2018-07-14T11:15:36-07:00","solar_system_id":31001167,"victim":{"character_id":2113651215,"corporation_id":1000107,"damage_taken":646,"items":[{"flag":5,"item_type_id":30013,"quantity_dropped":8},{"flag":19,"item_type_id":22177,"quantity_dropped":1},{"flag":27,"item_type_id":17938,"quantity_destroyed":1},{"flag":20,"item_type_id":5971,"quantity_dropped":1}],"position":{"x":1.0290069798603302e+11,"y":-3.454992377138284e+11,"z":-3.619199416206226e+11},"ship_type_id":606}}