{"attackers":[{"alliance_id":99004901,"character_id":1793313057,"corporation_id":98121464,"damage_done":442,"final_blow":true,"security_status":-8.1,"ship_type_id":621,"weapon_type_id":27371}],"killmail_id":71242831,"killmail_time":"2018-07-14T09:21:27-07:00","solar_system_id":30002440,"victim":{"alliance_id":99005338,"character_id":1830459897,"corporation_id":98388312,"damage_taken":442,"position":{"x":-5.084244680980475e+12,"y":-6.046724462468136e+11,"z":-2.8952695900014365e+12},"ship_type_id":670}}