{"attackers":[{"alliance_id":99004116,"character_id":90688873,"corporation_id":98048488,"damage_done":12919,"final_blow":true,"security_status":5,"ship_type_id":11184,"weapon_type_id":3041}],"killmail_id":71244680,"killmail_time":"2018-07-14T11:06:19-07:00","solar_system_id":30001047,"victim":{"alliance_id":1614483120,"character_id":168606107,"corporation_id":98410404,"damage_taken":12919,"position":{"x":-2.2105885498205127e+12,"y":1.36411021881025e+12,"z":1.7416069225608206e+12},"ship_type_id":12198}}