{"attackers":[{"character_id":1767694314,"corporation_id":98117112,"damage_done":461,"final_blow":true,"security_status":-0.7,"ship_type_id":3756,"weapon_type_id":2913},{"alliance_id":99007636,"character_id":1514246473,"corporation_id":98108721,"security_status":4.1,"ship_type_id":29340,"weapon_type_id":3244},{"character_id":91279102,"corporation_id":98117112,"security_status":3.6,"ship_type_id":29340,"weapon_type_id":13001}],"killmail_id":71243824,"killmail_time":"2018-07-14T10:15:20-07:00","solar_system_id":30001985,"victim":{"alliance_id":498125261,"character_id":92720151,"corporation_id":1018389948,"damage_taken":461,"position":{"x":-1.791897943596327e+10,"y":-2.293801940632068e+09,"z":4.3122809355992393e+12},"ship_type_id":670}}