{"attackers":[{"corporation_id":1000125,"damage_done":557,"final_blow":true,"ship_type_id":3885}],"killmail_id":71244447,"killmail_time":"2018-07-14T10:50:16-07:00","solar_system_id":30003503,"victim":{"alliance_id":99002775,"character_id":92115754,"corporation_id":98140648,"damage_taken":557,"position":{"x":1.0861916397836005e+12,"y":1.083375337122031e+10,"z":3.856958806973517e+12},"ship_type_id":11134}}