{"attackers":[{"alliance_id":99007583,"character_id":94504980,"corporation_id":98149708,"damage_done":451,"final_blow":true,"security_status":-1.2,"ship_type_id":33818,"weapon_type_id":2613}],"killmail_id":71242853,"killmail_time":"2018-07-14T09:22:59-07:00","solar_system_id":30000480,"victim":{"alliance_id":99007860,"character_id":645384902,"corporation_id":98356422,"damage_taken":451,"position":{"x":-2.6012403982636496e+11,"y":-1.5095543777904604e+10,"z":-2.5734022740491916e+11},"ship_type_id":670}}