{"attackers":[{"character_id":2112320814,"corporation_id":98467417,"damage_done":328,"faction_id":500002,"ship_type_id":3756,"weapon_type_id":3756},{"character_id":95971676,"corporation_id":98467417,"damage_done":89,"faction_id":500002,"final_blow":true,"security_status":-1.7,"ship_type_id":34317,"weapon_type_id":3033}],"killmail_id":71244689,"killmail_time":"2018-07-14T11:06:59-07:00","solar_system_id":30002187,"victim":{"character_id":2114283460,"corporation_id":1000179,"damage_taken":417,"faction_id":500003,"position":{"x":-5.1858395252363354e+11,"y":3.025660336564339e+10,"z":1.042895709009926e+12},"ship_type_id":670}}