{"attackers":[{"alliance_id":1683694957,"character_id":91315200,"corporation_id":98088885,"damage_done":450,"final_blow":true,"security_status":-9.9,"ship_type_id":12013,"weapon_type_id":2913}],"killmail_id":71241985,"killmail_time":"2018-07-14T08:43:52-07:00","solar_system_id":30003467,"victim":{"alliance_id":99008246,"character_id":2112703468,"corporation_id":98556792,"damage_taken":450,"position":{"x":2.7372024988874917e+12,"y":1.6333738254321e+11,"z":-1.2739735130216812e+12},"ship_type_id":670}}