{"attackers":[{"alliance_id":1208295500,"character_id":93292422,"corporation_id":98107624,"damage_done":421,"final_blow":true,"security_status":3.8,"ship_type_id":11381,"weapon_type_id":3074}],"killmail_id":71242664,"killmail_time":"2018-07-14T09:13:46-07:00","solar_system_id":30000999,"victim":{"alliance_id":99005338,"character_id":2114145093,"corporation_id":98388312,"damage_taken":421,"position":{"x":-1.2825488735212285e+12,"y":2.730252374345656e+11,"z":1.2158606992070103e+12},"ship_type_id":670}}