{"attackers":[{"alliance_id":99000814,"character_id":90223647,"corporation_id":98452018,"damage_done":418,"final_blow":true,"security_status":-10,"ship_type_id":24688,"weapon_type_id":3989}],"killmail_id":71245264,"killmail_time":"2018-07-14T11:36:35-07:00","solar_system_id":30002393,"victim":{"character_id":2114137196,"corporation_id":1000168,"damage_taken":418,"position":{"x":1.9095834513709723e+11,"y":-2.6953114035703735e+10,"z":4.0174420323933247e+12},"ship_type_id":670}}