{"attackers":[{"alliance_id":99005333,"character_id":2113677684,"corporation_id":98322690,"damage_done":405,"faction_id":500001,"final_blow":true,"security_status":-5,"ship_type_id":16242,"weapon_type_id":2977}],"killmail_id":71243379,"killmail_time":"2018-07-14T09:54:14-07:00","solar_system_id":30045332,"victim":{"alliance_id":99005381,"character_id":96520692,"corporation_id":98523046,"damage_taken":405,"position":{"x":1.1461885690268518e+10,"y":9.326572330996932e+07,"z":8.234938461734865e+10},"ship_type_id":670}}