{"attackers":[{"character_id":90952559,"corporation_id":98557720,"damage_done":439,"final_blow":true,"security_status":-10,"ship_type_id":29340,"weapon_type_id":24495}],"killmail_id":71244912,"killmail_time":"2018-07-14T11:20:31-07:00","solar_system_id":30000205,"victim":{"character_id":91013965,"corporation_id":98450869,"damage_taken":439,"position":{"x":-1.785762940221714e+12,"y":9.307815870845392e+10,"z":4.298991140452567e+11},"ship_type_id":670}}