{"attackers":[{"alliance_id":99005369,"character_id":92783258,"corporation_id":98147798,"damage_done":461,"final_blow":true,"security_status":1.2,"ship_type_id":29988,"weapon_type_id":3146},{"alliance_id":99005369,"character_id":93131048,"corporation_id":98147798,"security_status":-1.5,"weapon_type_id":448},{"alliance_id":99005369,"character_id":94411776,"corporation_id":98425406,"security_status":-0.3,"ship_type_id":11178,"weapon_type_id":3244},{"alliance_id":99005369,"character_id":247673921,"corporation_id":98147798,"security_status":-0.1,"ship_type_id":29988,"weapon_type_id":448}],"killmail_id":71243013,"killmail_time":"2018-07-14T09:34:14-07:00","solar_system_id":30001394,"victim":{"character_id":1227372314,"corporation_id":1309385267,"damage_taken":461,"position":{"x":2.604906969390641e+12,"y":-4.64078400839536e+11,"z":-7.777165932986143e+09},"ship_type_id":670}}