{"attackers":[{"alliance_id":99006113,"character_id":1183189737,"corporation_id":98323701,"damage_done":613,"final_blow":true,"security_status":-1.4,"ship_type_id":34317,"weapon_type_id":3033}],"killmail_id":71242926,"killmail_time":"2018-07-14T09:28:41-07:00","solar_system_id":31001946,"victim":{"character_id":2112572213,"corporation_id":98353083,"damage_taken":613,"items":[{"flag":89,"item_type_id":10216,"quantity_destroyed":1},{"flag":89,"item_type_id":10221,"quantity_destroyed":1},{"flag":89,"item_type_id":10212,"quantity_destroyed":1},{"flag":89,"item_type_id":10208,"quantity_destroyed":1}],"position":{"x":-1.9348232510305386e+12,"y":-6.105268244054364e+11,"z":6.819545373275437e+10},"ship_type_id":670}}