{"attackers":[{"alliance_id":99005381,"character_id":96618419,"corporation_id":98536621,"damage_done":431,"final_blow":true,"security_status":-9.3,"ship_type_id":44995,"weapon_type_id":24517}],"killmail_id":71244904,"killmail_time":"2018-07-14T11:20:01-07:00","solar_system_id":30002756,"victim":{"character_id":2114249195,"corporation_id":1000180,"damage_taken":431,"faction_id":500001,"position":{"x":-1.4367719640416492e+11,"y":-1.6383344365593317e+11,"z":5.468494290103324e+11},"ship_type_id":670}}