{"attackers":[{"alliance_id":1695357456,"character_id":90177121,"corporation_id":98006554,"damage_done":428,"final_blow":true,"security_status":5,"ship_type_id":11196,"weapon_type_id":2977}],"killmail_id":71243701,"killmail_time":"2018-07-14T10:08:58-07:00","solar_system_id":30003682,"victim":{"alliance_id":655846070,"character_id":96501830,"corporation_id":98172516,"damage_taken":428,"position":{"x":1.4771052470821768e+12,"y":-2.613879855441376e+11,"z":-1.296262721171427e+12},"ship_type_id":670}}