{"attackers":[{"alliance_id":99008060,"character_id":2112726812,"corporation_id":98564129,"damage_done":656,"final_blow":true,"security_status":-9.1,"ship_type_id":47466,"weapon_type_id":9808}],"killmail_id":71246224,"killmail_time":"2018-07-14T12:13:28-07:00","solar_system_id":30003835,"victim":{"character_id":1852039319,"corporation_id":98556669,"damage_taken":656,"items":[{"flag":5,"item_type_id":34,"quantity_destroyed":1},{"flag":19,"item_type_id":21857,"quantity_dropped":1},{"flag":27,"item_type_id":3634,"quantity_dropped":1},{"flag":28,"item_type_id":3651,"quantity_dropped":1}],"position":{"x":-9.289141053502507e+11,"y":5.803776738670824e+09,"z":-1.5144235658739004e+12},"ship_type_id":596}}