{"attackers":[{"alliance_id":99001134,"character_id":91457073,"corporation_id":354495185,"damage_done":446,"final_blow":true,"security_status":-1.5,"ship_type_id":29990,"weapon_type_id":2913}],"killmail_id":71243029,"killmail_time":"2018-07-14T09:34:58-07:00","solar_system_id":30002187,"victim":{"character_id":2112971106,"corporation_id":98506895,"damage_taken":446,"position":{"x":-5.185839504892064e+11,"y":3.025660623898053e+10,"z":1.0428957095904208e+12},"ship_type_id":670},"war_id":607027}