{"attackers":[{"alliance_id":99008120,"character_id":95411869,"corporation_id":481995776,"damage_done":406,"final_blow":true,"security_status":-3.4,"ship_type_id":11393,"weapon_type_id":3033},{"alliance_id":99008120,"character_id":2112450356,"corporation_id":481995776,"security_status":0.9,"ship_type_id":11186,"weapon_type_id":3244}],"killmail_id":71243459,"killmail_time":"2018-07-14T09:56:20-07:00","solar_system_id":30004752,"victim":{"alliance_id":1354830081,"character_id":2114211691,"corporation_id":98542448,"damage_taken":406,"position":{"x":-1.6358966274187378e+11,"y":-3.518456504347442e+11,"z":-2.5867721087902078e+11},"ship_type_id":670}}