{"attackers":[{"alliance_id":99004548,"character_id":875463717,"corporation_id":98187159,"damage_done":419,"final_blow":true,"security_status":-10,"ship_type_id":17812,"weapon_type_id":2977}],"killmail_id":71243304,"killmail_time":"2018-07-14T09:51:38-07:00","solar_system_id":30002099,"victim":{"character_id":2113152580,"corporation_id":1000044,"damage_taken":419,"position":{"x":-4.158776465039344e+11,"y":5.872362765463027e+08,"z":-6.363770134757128e+10},"ship_type_id":670}}