{"attackers":[{"character_id":2113314652,"corporation_id":98493825,"damage_done":435,"faction_id":500004,"final_blow":true,"security_status":-8.2,"ship_type_id":17812,"weapon_type_id":2977}],"killmail_id":71243926,"killmail_time":"2018-07-14T10:21:34-07:00","solar_system_id":30045346,"victim":{"character_id":2113162925,"corporation_id":1000167,"damage_taken":435,"position":{"x":6.257964080751044e+11,"y":7.173363277783795e+09,"z":-1.0106960008134335e+12},"ship_type_id":670}}