{"attackers":[{"character_id":128140932,"corporation_id":98524493,"damage_done":447,"final_blow":true,"security_status":4.8,"ship_type_id":22452,"weapon_type_id":24471}],"killmail_id":71245408,"killmail_time":"2018-07-14T11:42:21-07:00","solar_system_id":31000525,"victim":{"character_id":2112679083,"corporation_id":98551036,"damage_taken":447,"position":{"x":-2.093612055842622e+11,"y":3.157483671688585e+11,"z":-6.323336778097515e+10},"ship_type_id":670}}