{"attackers":[{"alliance_id":99005381,"character_id":2113261064,"corporation_id":98452319,"damage_done":880,"final_blow":true,"security_status":-9.9,"ship_type_id":17922,"weapon_type_id":3520}],"killmail_id":71242941,"killmail_time":"2018-07-14T09:29:35-07:00","solar_system_id":30001398,"victim":{"character_id":2113826170,"corporation_id":1000167,"damage_taken":880,"items":[{"flag":27,"item_type_id":21096,"quantity_dropped":1},{"flag":5,"item_type_id":16273,"quantity_dropped":50}],"position":{"x":2.1814022675612598e+12,"y":-7.758483552890659e+10,"z":3.5989855049193037e+12},"ship_type_id":605}}