{"attackers":[{"alliance_id":99005382,"character_id":161684017,"corporation_id":98057065,"damage_done":610,"final_blow":true,"security_status":-1.7,"ship_type_id":29990,"weapon_type_id":2969}],"killmail_id":71245087,"killmail_time":"2018-07-14T11:30:01-07:00","solar_system_id":30000142,"victim":{"alliance_id":498125261,"character_id":2112830685,"corporation_id":98486683,"damage_taken":610,"items":[{"flag":5,"item_type_id":34,"quantity_destroyed":1},{"flag":27,"item_type_id":3638,"quantity_destroyed":1},{"flag":19,"item_type_id":21857,"quantity_destroyed":1},{"flag":28,"item_type_id":3651,"quantity_dropped":1}],"position":{"x":-1.0730336334583981e+11,"y":-1.8744971110149426e+10,"z":4.364890746741374e+11},"ship_type_id":601},"war_id":596508}