{"attackers":[{"character_id":1292964949,"corporation_id":1000009,"damage_done":424,"final_blow":true,"security_status":-0.2,"ship_type_id":17930,"weapon_type_id":27361}],"killmail_id":71243864,"killmail_time":"2018-07-14T10:17:28-07:00","solar_system_id":30002440,"victim":{"character_id":2113934635,"corporation_id":98259630,"damage_taken":424,"position":{"x":-5.084244650613318e+12,"y":-6.046724391800741e+11,"z":-2.8952697127038037e+12},"ship_type_id":670}}