{"attackers":[{"alliance_id":1838908040,"character_id":1860939322,"corporation_id":1387445875,"damage_done":418,"final_blow":true,"security_status":1.2,"ship_type_id":33818,"weapon_type_id":24495},{"alliance_id":1838908040,"character_id":93772751,"corporation_id":98338778,"security_status":5,"ship_type_id":22456,"weapon_type_id":22778}],"killmail_id":71243014,"killmail_time":"2018-07-14T09:34:15-07:00","solar_system_id":30001992,"victim":{"character_id":2114173720,"corporation_id":1038087645,"damage_taken":418,"items":[{"flag":89,"item_type_id":13283,"quantity_destroyed":1}],"position":{"x":2.2665276115256777e+12,"y":2.1229349712385806e+11,"z":2.233954093873505e+12},"ship_type_id":670}}