{"attackers":[{"alliance_id":99007439,"character_id":96757025,"corporation_id":98477207,"damage_done":6645,"final_blow":true,"security_status":4.4,"ship_type_id":16242,"weapon_type_id":9415},{"alliance_id":99008343,"character_id":93803950,"corporation_id":98540520,"damage_done":4209,"security_status":5,"ship_type_id":16242,"weapon_type_id":16242}],"killmail_id":71243437,"killmail_time":"2018-07-14T09:55:28-07:00","solar_system_id":30001330,"victim":{"alliance_id":99006756,"corporation_id":98058224,"damage_taken":10854,"position":{"x":4.556650845850762e+12,"y":-8.854984774882792e+11,"z":-2.3389570689529346e+12},"ship_type_id":12198}}