{"attackers":[{"character_id":1617793187,"corporation_id":98515214,"damage_done":449,"final_blow":true,"security_status":4.9,"ship_type_id":11200,"weapon_type_id":2456}],"killmail_id":71244338,"killmail_time":"2018-07-14T10:44:38-07:00","solar_system_id":30004056,"victim":{"alliance_id":99006384,"character_id":525870748,"corporation_id":98536394,"damage_taken":449,"position":{"x":2.1119394128856792e+12,"y":7.988211279825186e+11,"z":-1.9270738290966523e+12},"ship_type_id":670}}