{"attackers":[{"alliance_id":1307452790,"character_id":522228024,"corporation_id":696599088,"damage_done":454,"final_blow":true,"security_status":-10,"ship_type_id":17738,"weapon_type_id":2929},{"alliance_id":1683694957,"character_id":821106427,"corporation_id":98112401,"security_status":-10,"ship_type_id":11969,"weapon_type_id":3244}],"killmail_id":71244068,"killmail_time":"2018-07-14T10:29:53-07:00","solar_system_id":30003467,"victim":{"alliance_id":2041309524,"character_id":1178903099,"corporation_id":1252263694,"damage_taken":454,"position":{"x":2.7372025036850938e+12,"y":1.6333739490143192e+11,"z":-1.273973510252797e+12},"ship_type_id":670}}