{"attackers":[{"corporation_id":1000125,"damage_done":643,"final_blow":true,"ship_type_id":3885}],"killmail_id":71245412,"killmail_time":"2018-07-14T11:42:34-07:00","solar_system_id":30000144,"victim":{"alliance_id":99002775,"character_id":2113055096,"corporation_id":98140648,"damage_taken":643,"items":[{"flag":5,"item_type_id":34,"quantity_dropped":1},{"flag":27,"item_type_id":3638,"quantity_destroyed":1},{"flag":19,"item_type_id":21857,"quantity_destroyed":1},{"flag":28,"item_type_id":3651,"quantity_destroyed":1}],"position":{"x":8.054431308211594e+11,"y":5.4507234909193016e+10,"z":1.0763682487987987e+12},"ship_type_id":606}}