{"attackers":[{"alliance_id":99005443,"character_id":1503291954,"corporation_id":98309697,"damage_done":238,"security_status":5,"ship_type_id":16233,"weapon_type_id":24517},{"alliance_id":99005443,"character_id":95923138,"corporation_id":98309697,"damage_done":221,"final_blow":true,"security_status":5,"ship_type_id":24700,"weapon_type_id":2195}],"killmail_id":71246149,"killmail_time":"2018-07-14T12:11:05-07:00","solar_system_id":30004420,"victim":{"alliance_id":386292982,"character_id":96105518,"corporation_id":116777001,"damage_taken":459,"position":{"x":-3.876176434337563e+12,"y":-3.5097638299196515e+11,"z":-1.1353538556552798e+12},"ship_type_id":670}}