{"attackers":[{"alliance_id":99004127,"character_id":96259200,"corporation_id":98248053,"damage_done":531,"faction_id":500001,"final_blow":true,"security_status":-9.9,"ship_type_id":34828,"weapon_type_id":24499}],"killmail_id":71244884,"killmail_time":"2018-07-14T11:18:34-07:00","solar_system_id":30045319,"victim":{"alliance_id":99003956,"character_id":94792081,"corporation_id":98079862,"damage_taken":531,"items":[{"flag":19,"item_type_id":21857,"quantity_dropped":1},{"flag":27,"item_type_id":3636,"quantity_dropped":1},{"flag":28,"item_type_id":21096,"quantity_destroyed":1}],"position":{"x":-5.525867537939866e+10,"y":-1.0265689871042073e+11,"z":-2.5676207196270413e+09},"ship_type_id":588}}