{"attackers":[{"character_id":95971676,"corporation_id":98467417,"damage_done":439,"faction_id":500002,"final_blow":true,"security_status":-1.7,"ship_type_id":34317,"weapon_type_id":3033},{"character_id":2112320814,"corporation_id":98467417,"faction_id":500002,"ship_type_id":3756,"weapon_type_id":3244}],"killmail_id":71245867,"killmail_time":"2018-07-14T12:04:00-07:00","solar_system_id":30002187,"victim":{"character_id":2113301485,"corporation_id":1000179,"damage_taken":439,"faction_id":500003,"position":{"x":-5.185839530383851e+11,"y":3.0256600690916214e+10,"z":1.0428957069713998e+12},"ship_type_id":670}}