{"attackers":[{"alliance_id":99007090,"character_id":93222028,"corporation_id":98502405,"damage_done":458,"final_blow":true,"security_status":-7.8,"ship_type_id":29990,"weapon_type_id":2969}],"killmail_id":71244973,"killmail_time":"2018-07-14T11:24:09-07:00","solar_system_id":30045354,"victim":{"alliance_id":99007289,"character_id":95723968,"corporation_id":1894214152,"damage_taken":458,"faction_id":500004,"position":{"x":-1.3776361890252441e+12,"y":-3.487157446477138e+11,"z":-5.0634425687129166e+10},"ship_type_id":670}}