{"attackers":[{"character_id":93424463,"corporation_id":98512711,"damage_done":446,"final_blow":true,"security_status":1.2,"ship_type_id":29986,"weapon_type_id":27361}],"killmail_id":71246086,"killmail_time":"2018-07-14T12:10:03-07:00","solar_system_id":31000525,"victim":{"alliance_id":99007663,"character_id":92774567,"corporation_id":98497219,"damage_taken":446,"position":{"x":-2.0935982087978073e+11,"y":3.157487196912072e+11,"z":-6.32329987915733e+10},"ship_type_id":11129}}