{"attackers":[{"alliance_id":99005382,"character_id":161684017,"corporation_id":98057065,"damage_done":910,"final_blow":true,"security_status":-1.7,"ship_type_id":29990,"weapon_type_id":2969}],"killmail_id":71245917,"killmail_time":"2018-07-14T12:06:00-07:00","solar_system_id":30000142,"victim":{"alliance_id":99003581,"character_id":2114250934,"corporation_id":98185110,"damage_taken":910,"items":[{"flag":5,"item_type_id":31890,"quantity_dropped":1},{"flag":19,"item_type_id":5971,"quantity_dropped":1},{"flag":5,"item_type_id":31884,"quantity_destroyed":1},{"flag":5,"item_type_id":31872,"quantity_dropped":2}],"position":{"x":-1.0730336297727257e+11,"y":-1.8744971837549866e+10,"z":4.364890673792449e+11},"ship_type_id":605},"war_id":605532}