{"attackers":[{"alliance_id":1727758877,"character_id":1366440976,"corporation_id":1070320653,"damage_done":369,"final_blow":true,"security_status":5,"ship_type_id":22440,"weapon_type_id":15963}],"killmail_id":71243369,"killmail_time":"2018-07-14T09:53:56-07:00","solar_system_id":30004042,"victim":{"alliance_id":1354830081,"character_id":94057882,"corporation_id":744976238,"damage_taken":369,"position":{"x":2.3766546540386675e+12,"y":2.2257742243725645e+12,"z":8.814142969103457e+12},"ship_type_id":670}}