{"attackers":[{"alliance_id":99007044,"character_id":2112410728,"corporation_id":98201565,"damage_done":284,"final_blow":true,"security_status":5,"ship_type_id":33818,"weapon_type_id":27387},{"alliance_id":99007044,"character_id":92595098,"corporation_id":98201565,"damage_done":173,"security_status":5,"ship_type_id":12005,"weapon_type_id":2456},{"alliance_id":99007044,"character_id":93414679,"corporation_id":98201565,"security_status":3.9,"ship_type_id":11198,"weapon_type_id":3244},{"alliance_id":99007044,"character_id":93348464,"corporation_id":98201565,"security_status":4.7,"ship_type_id":29990,"weapon_type_id":17500}],"killmail_id":71243669,"killmail_time":"2018-07-14T10:07:29-07:00","solar_system_id":30000264,"victim":{"alliance_id":1354830081,"character_id":91721178,"corporation_id":261632485,"damage_taken":457,"position":{"x":-6.688721829590906e+11,"y":1.691733180587652e+11,"z":-1.7678244184803823e+12},"ship_type_id":670}}