{"attackers":[{"character_id":96575548,"corporation_id":98536030,"damage_done":461,"final_blow":true,"security_status":0.3,"ship_type_id":22456,"weapon_type_id":2873}],"killmail_id":71244836,"killmail_time":"2018-07-14T11:15:32-07:00","solar_system_id":30001203,"victim":{"alliance_id":99003214,"character_id":97139449,"corporation_id":98169165,"damage_taken":461,"position":{"x":-2.263423197400613e+12,"y":-4.308719656201493e+11,"z":2.082655086336962e+11},"ship_type_id":33328}}