{"attackers":[{"alliance_id":99003557,"character_id":95933011,"corporation_id":98244680,"damage_done":432,"final_blow":true,"security_status":-6.7,"ship_type_id":29988,"weapon_type_id":3146}],"killmail_id":71243762,"killmail_time":"2018-07-14T10:12:11-07:00","solar_system_id":30004231,"victim":{"character_id":97104575,"corporation_id":1000014,"damage_taken":432,"position":{"x":6.930431812567305e+10,"y":-4.5695674861561325e+10,"z":1.864591184173982e+11},"ship_type_id":670}}