{"attackers":[{"alliance_id":99007488,"character_id":91680889,"corporation_id":98522157,"damage_done":405,"final_blow":true,"security_status":3.8,"ship_type_id":22464,"weapon_type_id":27361}],"killmail_id":71245730,"killmail_time":"2018-07-14T11:58:54-07:00","solar_system_id":31002312,"victim":{"alliance_id":99008424,"character_id":2114258010,"corporation_id":98504902,"damage_taken":405,"position":{"x":-7.60294933911256e+11,"y":-4.2219659154445816e+10,"z":2.4870519797338177e+11},"ship_type_id":670}}