{"attackers":[{"alliance_id":99007044,"character_id":91565228,"corporation_id":98529826,"damage_done":453,"final_blow":true,"security_status":0.8,"ship_type_id":22440,"weapon_type_id":15963}],"killmail_id":71243412,"killmail_time":"2018-07-14T09:54:56-07:00","solar_system_id":30004042,"victim":{"alliance_id":131511956,"character_id":2113285837,"corporation_id":98419009,"damage_taken":453,"position":{"x":2.3766546529812896e+12,"y":2.225774223718972e+12,"z":8.814142966144305e+12},"ship_type_id":670}}