{"attackers":[{"alliance_id":99008120,"character_id":96435501,"corporation_id":481995776,"damage_done":442,"final_blow":true,"security_status":4.2,"ship_type_id":29990,"weapon_type_id":2969},{"alliance_id":386292982,"character_id":93355741,"corporation_id":425883056,"security_status":-1.2,"ship_type_id":29984,"weapon_type_id":31944}],"killmail_id":71245681,"killmail_time":"2018-07-14T11:56:08-07:00","solar_system_id":30004731,"victim":{"alliance_id":150097440,"character_id":2112950509,"corporation_id":98506105,"damage_taken":442,"position":{"x":1.7779840064675278e+12,"y":-2.966690584236995e+11,"z":-6.49398562064469e+11},"ship_type_id":670}}