{"attackers":[{"alliance_id":99007974,"character_id":904816592,"corporation_id":98151631,"damage_done":444,"final_blow":true,"security_status":-9.7,"ship_type_id":12011,"weapon_type_id":3082}],"killmail_id":71245491,"killmail_time":"2018-07-14T11:46:35-07:00","solar_system_id":30045346,"victim":{"character_id":2114030824,"corporation_id":98555348,"damage_taken":444,"position":{"x":-1.2052083893124185e+12,"y":9.305396813314746e+12,"z":-3.2129985446724126e+12},"ship_type_id":670}}