{"attackers":[{"character_id":298246483,"corporation_id":98265369,"damage_done":447,"final_blow":true,"security_status":4.2,"ship_type_id":17843,"weapon_type_id":2185}],"killmail_id":71246318,"killmail_time":"2018-07-14T12:18:01-07:00","solar_system_id":31001683,"victim":{"alliance_id":99007651,"character_id":2113289723,"corporation_id":1222557231,"damage_taken":447,"position":{"x":-1.4145531557499512e+11,"y":-9.99958089467792e+06,"z":1.4545317413678113e+12},"ship_type_id":11129}}