{"attackers":[{"alliance_id":99008367,"character_id":2113364324,"corporation_id":98562176,"damage_done":349,"security_status":2,"ship_type_id":33468,"weapon_type_id":31888},{"alliance_id":99008367,"character_id":2112114433,"corporation_id":98562176,"damage_done":116,"final_blow":true,"security_status":-1.1,"ship_type_id":11190,"weapon_type_id":2488}],"killmail_id":71245942,"killmail_time":"2018-07-14T12:06:45-07:00","solar_system_id":31002200,"victim":{"alliance_id":99008367,"character_id":459624248,"corporation_id":98562176,"damage_taken":465,"position":{"x":-4.896279556191506e+10,"y":-9.716824448193266e+09,"z":-5.619217284509159e+10},"ship_type_id":670}}