{"attackers":[{"character_id":1648763621,"corporation_id":98458646,"damage_done":447,"final_blow":true,"security_status":-10,"ship_type_id":17922,"weapon_type_id":3025},{"character_id":685998643,"corporation_id":98458646,"security_status":-10,"ship_type_id":3756,"weapon_type_id":3244}],"killmail_id":71245041,"killmail_time":"2018-07-14T11:28:00-07:00","solar_system_id":30005268,"victim":{"character_id":2112063388,"corporation_id":1000169,"damage_taken":447,"position":{"x":1.3321603986949229e+12,"y":-2.2463482798005582e+11,"z":9.80068429446728e+12},"ship_type_id":670}}