{"attackers":[{"character_id":2113819944,"corporation_id":98090476,"damage_done":424,"final_blow":true,"security_status":-1.2,"ship_type_id":17918,"weapon_type_id":28211}],"killmail_id":71242462,"killmail_time":"2018-07-14T09:05:34-07:00","solar_system_id":31000790,"victim":{"character_id":95109064,"corporation_id":98465022,"damage_taken":424,"items":[{"flag":11,"item_type_id":28576,"quantity_dropped":1},{"flag":28,"item_type_id":25266,"quantity_dropped":1},{"flag":19,"item_type_id":434,"quantity_destroyed":1},{"flag":27,"item_type_id":25266,"quantity_dropped":1}],"position":{"x":5.024347157546259e+12,"y":3.285702037010937e+08,"z":3.2832650789927607e+12},"ship_type_id":32880}}