{"attackers":[{"corporation_id":1000127,"damage_done":724,"final_blow":true,"ship_type_id":2386}],"killmail_id":71242886,"killmail_time":"2018-07-14T09:25:16-07:00","solar_system_id":30001409,"victim":{"alliance_id":99004514,"character_id":2113916165,"corporation_id":98124121,"damage_taken":724,"items":[{"flag":28,"item_type_id":482,"quantity_dropped":1},{"flag":27,"item_type_id":482,"quantity_destroyed":1},{"flag":19,"item_type_id":35658,"quantity_destroyed":1}],"position":{"x":-1.4508259262934372e+11,"y":-2.5633136295530067e+10,"z":1.7468939217444734e+12},"ship_type_id":32880}}