{"attackers":[{"alliance_id":99005382,"character_id":161684017,"corporation_id":98057065,"damage_done":405,"final_blow":true,"security_status":-1.7,"ship_type_id":29990,"weapon_type_id":2969}],"killmail_id":71245418,"killmail_time":"2018-07-14T11:43:01-07:00","solar_system_id":30000142,"victim":{"alliance_id":99007044,"character_id":96288389,"corporation_id":1938837642,"damage_taken":405,"position":{"x":-1.0730339833580858e+11,"y":-1.8744982529358795e+10,"z":4.3648901295085394e+11},"ship_type_id":670},"war_id":596510}