{"attackers":[{"alliance_id":99007599,"character_id":92521281,"corporation_id":98304186,"damage_done":461,"final_blow":true,"security_status":-5.8,"ship_type_id":4310,"weapon_type_id":2961}],"killmail_id":71244972,"killmail_time":"2018-07-14T11:24:08-07:00","solar_system_id":30045344,"victim":{"character_id":91339151,"corporation_id":98502722,"damage_taken":461,"items":[{"flag":89,"item_type_id":27143,"quantity_destroyed":1}],"position":{"x":-5.175226441160492e+12,"y":-6.483039382056864e+11,"z":-7.079683215070798e+11},"ship_type_id":670}}