{"attackers":[{"alliance_id":99005382,"character_id":194129215,"corporation_id":98057065,"damage_done":447,"final_blow":true,"security_status":4.3,"ship_type_id":4310,"weapon_type_id":2961}],"killmail_id":71245572,"killmail_time":"2018-07-14T11:50:01-07:00","solar_system_id":30000142,"victim":{"alliance_id":99003581,"character_id":2113893607,"corporation_id":98029473,"damage_taken":447,"position":{"x":-1.0730332620759546e+11,"y":-1.8744984905225433e+10,"z":4.3648908806512244e+11},"ship_type_id":670},"war_id":605532}