{"attackers":[{"alliance_id":99008358,"character_id":94868445,"corporation_id":98518906,"damage_done":444,"final_blow":true,"security_status":-4.2,"ship_type_id":34562,"weapon_type_id":2881}],"killmail_id":71243776,"killmail_time":"2018-07-14T10:13:14-07:00","solar_system_id":30045332,"victim":{"alliance_id":99008214,"character_id":96285229,"corporation_id":98525684,"damage_taken":444,"faction_id":500001,"position":{"x":-5.5911374101780785e+10,"y":4.663148745161502e+10,"z":2.518549541518788e+10},"ship_type_id":670}}