{"attackers":[{"character_id":2113642458,"corporation_id":98543264,"damage_done":418,"faction_id":500002,"final_blow":true,"security_status":-0.3,"ship_type_id":33470,"weapon_type_id":2446}],"killmail_id":71245308,"killmail_time":"2018-07-14T11:38:03-07:00","solar_system_id":31000194,"victim":{"character_id":2114289648,"corporation_id":1000170,"damage_taken":418,"position":{"x":3.825131939226734e+11,"y":1.169167674057807e+10,"z":-7.560617756329596e+11},"ship_type_id":670}}