{"attackers":[{"alliance_id":99003700,"character_id":253489928,"corporation_id":98137817,"damage_done":406,"final_blow":true,"security_status":0.8,"ship_type_id":633,"weapon_type_id":2488}],"killmail_id":71244289,"killmail_time":"2018-07-14T10:41:13-07:00","solar_system_id":30002813,"victim":{"alliance_id":99007362,"character_id":2114304069,"corporation_id":98560904,"damage_taken":406,"position":{"x":4.38682054931264e+12,"y":1.0995748447510886e+12,"z":4.262543767456948e+11},"ship_type_id":670}}