{"attackers":[{"alliance_id":99005955,"character_id":93473933,"corporation_id":98432246,"damage_done":469,"final_blow":true,"security_status":5,"ship_type_id":29990,"weapon_type_id":27371},{"alliance_id":99007362,"character_id":2113551493,"corporation_id":98540583,"security_status":5,"ship_type_id":11186,"weapon_type_id":3244}],"killmail_id":71243238,"killmail_time":"2018-07-14T09:48:57-07:00","solar_system_id":30003682,"victim":{"alliance_id":99005205,"character_id":90722094,"corporation_id":98310442,"damage_taken":469,"position":{"x":-1.8134983535217554e+12,"y":-3.4735717167561143e+12,"z":-2.8946388436651526e+11},"ship_type_id":670}}