{"attackers":[{"character_id":298246483,"corporation_id":98265369,"damage_done":343,"final_blow":true,"security_status":4.2,"ship_type_id":17843,"weapon_type_id":2446}],"killmail_id":71246349,"killmail_time":"2018-07-14T12:19:23-07:00","solar_system_id":31001683,"victim":{"alliance_id":99008367,"character_id":1179607864,"corporation_id":98562176,"damage_taken":343,"position":{"x":-1.4145522763434677e+11,"y":-1.0054228644370811e+07,"z":1.454531970921964e+12},"ship_type_id":11134}}