{"attackers":[{"alliance_id":99004548,"character_id":875463717,"corporation_id":98187159,"damage_done":528,"final_blow":true,"security_status":-10,"ship_type_id":17812,"weapon_type_id":2977}],"killmail_id":71244658,"killmail_time":"2018-07-14T11:04:58-07:00","solar_system_id":30003068,"victim":{"alliance_id":99007136,"character_id":2113063865,"corporation_id":98424716,"damage_taken":528,"items":[{"flag":27,"item_type_id":21096,"quantity_dropped":1},{"flag":19,"item_type_id":21857,"quantity_destroyed":1},{"flag":28,"item_type_id":3651,"quantity_destroyed":1}],"position":{"x":-4.35256737969339e+08,"y":2.2990621712195855e+08,"z":7.470640326985815e+08},"ship_type_id":588}}