{"attackers":[{"alliance_id":99007916,"character_id":667646215,"corporation_id":98257549,"damage_done":205,"security_status":3.5,"ship_type_id":12034,"weapon_type_id":27359},{"alliance_id":99007916,"character_id":96520818,"corporation_id":98442867,"damage_done":147,"security_status":3.2,"ship_type_id":12034,"weapon_type_id":27359},{"alliance_id":99007916,"character_id":95239856,"corporation_id":98257549,"damage_done":108,"final_blow":true,"security_status":4.9,"ship_type_id":12038,"weapon_type_id":27339},{"alliance_id":99007916,"character_id":93870592,"corporation_id":98108528,"security_status":-1.2,"ship_type_id":12034,"weapon_type_id":8117}],"killmail_id":71245686,"killmail_time":"2018-07-14T11:56:22-07:00","solar_system_id":30003694,"victim":{"alliance_id":99007916,"character_id":1405381454,"corporation_id":98257549,"damage_taken":460,"position":{"x":3.17068888622235e+11,"y":-4.2728338236172134e+10,"z":4.25590924088603e+12},"ship_type_id":670}}