{"attackers":[{"alliance_id":99008060,"character_id":2112726812,"corporation_id":98564129,"damage_done":405,"final_blow":true,"security_status":-9,"ship_type_id":47466,"weapon_type_id":9808}],"killmail_id":71242009,"killmail_time":"2018-07-14T08:45:42-07:00","solar_system_id":30003835,"victim":{"character_id":2114291795,"corporation_id":1000045,"damage_taken":405,"position":{"x":-9.914464599525537e+10,"y":6.268104518609514e+08,"z":8.444818104132327e+10},"ship_type_id":670}}