{"attackers":[{"alliance_id":99001134,"character_id":91457073,"corporation_id":354495185,"damage_done":418,"final_blow":true,"security_status":-1.5,"ship_type_id":29990,"weapon_type_id":2913}],"killmail_id":71242919,"killmail_time":"2018-07-14T09:27:58-07:00","solar_system_id":30002187,"victim":{"alliance_id":99003581,"character_id":2114225518,"corporation_id":98185110,"damage_taken":418,"position":{"x":-5.185839405361026e+11,"y":3.025662004356141e+10,"z":1.042895695534747e+12},"ship_type_id":670},"war_id":605839}