{"attackers":[{"alliance_id":99006113,"character_id":96157971,"corporation_id":98323701,"damage_done":458,"final_blow":true,"security_status":2,"ship_type_id":34317,"weapon_type_id":3033},{"alliance_id":99006113,"character_id":96128062,"corporation_id":98323701,"security_status":-1,"ship_type_id":22456,"weapon_type_id":22778}],"killmail_id":71243644,"killmail_time":"2018-07-14T10:06:00-07:00","solar_system_id":31001954,"victim":{"character_id":2113726758,"corporation_id":98353083,"damage_taken":458,"position":{"x":3.229902786845575e+08,"y":7.054464735252479e+07,"z":1.4179466195480922e+08},"ship_type_id":670}}