{"attackers":[{"alliance_id":99002775,"character_id":2113055096,"corporation_id":98140648,"damage_done":461,"final_blow":true,"security_status":-10,"ship_type_id":16240,"weapon_type_id":7293}],"killmail_id":71245375,"killmail_time":"2018-07-14T11:40:57-07:00","solar_system_id":30000144,"victim":{"character_id":95231647,"corporation_id":1000172,"damage_taken":461,"position":{"x":6.606017694184299e+11,"y":4.469231639657958e+10,"z":2.1129676695433398e+12},"ship_type_id":670}}