{"attackers":[{"alliance_id":99005381,"character_id":1288879490,"corporation_id":98452319,"damage_done":2141,"final_blow":true,"security_status":-9.9,"ship_type_id":3756,"weapon_type_id":3512}],"killmail_id":71245912,"killmail_time":"2018-07-14T12:05:45-07:00","solar_system_id":30001398,"victim":{"character_id":2114019144,"corporation_id":1000167,"damage_taken":2141,"items":[{"flag":14,"item_type_id":1319,"quantity_destroyed":1},{"flag":12,"item_type_id":1319,"quantity_dropped":1},{"flag":13,"item_type_id":1319,"quantity_destroyed":1},{"flag":11,"item_type_id":1319,"quantity_dropped":1}],"position":{"x":3.861537248250825e+11,"y":-1.3468985871164072e+10,"z":-6.341334155746385e+11},"ship_type_id":649}}