{"attackers":[{"alliance_id":99006625,"character_id":95831322,"corporation_id":98177721,"damage_done":210,"faction_id":500004,"final_blow":true,"security_status":-9.9,"ship_type_id":24688,"weapon_type_id":9808},{"alliance_id":99006625,"character_id":1862697862,"corporation_id":98177721,"damage_done":207,"faction_id":500004,"security_status":-10,"ship_type_id":17738,"weapon_type_id":17738}],"killmail_id":71246329,"killmail_time":"2018-07-14T12:18:32-07:00","solar_system_id":30002811,"victim":{"alliance_id":99007820,"character_id":2114297001,"corporation_id":98501173,"damage_taken":417,"position":{"x":-1.8101743907847205e+12,"y":-1.3300223862509775e+11,"z":4.2914762226994517e+12},"ship_type_id":670}}