{"attackers":[{"alliance_id":99004901,"character_id":95353868,"corporation_id":98121464,"damage_done":454,"final_blow":true,"security_status":-10,"ship_type_id":29340,"weapon_type_id":27387},{"alliance_id":99004901,"character_id":90054957,"corporation_id":98121464,"security_status":-6,"ship_type_id":17715,"weapon_type_id":31866}],"killmail_id":71242701,"killmail_time":"2018-07-14T09:15:27-07:00","solar_system_id":30002440,"victim":{"alliance_id":99005338,"character_id":2112648707,"corporation_id":98558506,"damage_taken":454,"position":{"x":-5.084244677859027e+12,"y":-6.046724381208431e+11,"z":-2.895269670632487e+12},"ship_type_id":670}}