{"attackers":[{"alliance_id":99006625,"character_id":96582714,"corporation_id":98401847,"damage_done":474,"faction_id":500004,"final_blow":true,"security_status":-9.8,"ship_type_id":644,"weapon_type_id":3995}],"killmail_id":71243054,"killmail_time":"2018-07-14T09:36:43-07:00","solar_system_id":30002813,"victim":{"alliance_id":99003700,"character_id":1499650153,"corporation_id":98353041,"damage_taken":474,"items":[{"flag":89,"item_type_id":33393,"quantity_destroyed":1},{"flag":89,"item_type_id":33394,"quantity_destroyed":1},{"flag":89,"item_type_id":2589,"quantity_destroyed":1},{"flag":89,"item_type_id":2082,"quantity_destroyed":1}],"position":{"x":4.386820538699876e+12,"y":1.0995748414610488e+12,"z":4.2625437497505554e+11},"ship_type_id":33328}}