{"attackers":[{"alliance_id":99005382,"character_id":194129215,"corporation_id":98057065,"damage_done":625,"final_blow":true,"security_status":4.3,"ship_type_id":4310,"weapon_type_id":2961}],"killmail_id":71243617,"killmail_time":"2018-07-14T10:04:35-07:00","solar_system_id":30000142,"victim":{"alliance_id":99003581,"character_id":2113610823,"corporation_id":98537981,"damage_taken":625,"items":[{"flag":5,"item_type_id":34,"quantity_dropped":1},{"flag":27,"item_type_id":3638,"quantity_dropped":1},{"flag":19,"item_type_id":21857,"quantity_dropped":1},{"flag":28,"item_type_id":3651,"quantity_destroyed":1}],"position":{"x":-1.0730331976320886e+11,"y":-1.874496879540701e+10,"z":4.364890228454234e+11},"ship_type_id":601},"war_id":605532}