{"attackers":[{"alliance_id":499005583,"character_id":2112754235,"corporation_id":98514543,"damage_done":423,"final_blow":true,"security_status":-9.8,"ship_type_id":601,"weapon_type_id":27361}],"killmail_id":71242594,"killmail_time":"2018-07-14T09:10:34-07:00","solar_system_id":30045346,"victim":{"character_id":2113951970,"corporation_id":98565535,"damage_taken":423,"position":{"x":-1.205209400675394e+12,"y":9.305396787971623e+12,"z":-3.212998666676965e+12},"ship_type_id":670}}