{"attackers":[{"alliance_id":99006750,"character_id":1126741345,"corporation_id":98088416,"damage_done":501,"final_blow":true,"security_status":1.8,"ship_type_id":29986,"weapon_type_id":2205},{"character_id":2112521539,"corporation_id":98512711,"damage_done":99,"security_status":0.9,"ship_type_id":11987,"weapon_type_id":2456}],"killmail_id":71246023,"killmail_time":"2018-07-14T12:08:38-07:00","solar_system_id":31000525,"victim":{"character_id":91226114,"corporation_id":98489655,"damage_taken":600,"position":{"x":-2.0935994815738318e+11,"y":3.1574870961392865e+11,"z":-6.3232842663857956e+10},"ship_type_id":32880}}