{"attackers":[{"alliance_id":99006371,"character_id":917181577,"corporation_id":98304149,"damage_done":461,"final_blow":true,"security_status":0.5,"ship_type_id":17738,"weapon_type_id":3995},{"alliance_id":99006371,"character_id":407163651,"corporation_id":98170509,"security_status":2.7,"ship_type_id":17738,"weapon_type_id":2117}],"killmail_id":71243198,"killmail_time":"2018-07-14T09:46:50-07:00","solar_system_id":30001160,"victim":{"alliance_id":927292903,"character_id":91044837,"corporation_id":1491319733,"damage_taken":461,"position":{"x":6.365929889038153e+11,"y":3.206959068643506e+10,"z":-5.17774749060976e+12},"ship_type_id":670}}