{"attackers":[{"corporation_id":1000127,"damage_done":623,"final_blow":true,"ship_type_id":11029}],"killmail_id":71243591,"killmail_time":"2018-07-14T10:02:46-07:00","solar_system_id":30002473,"victim":{"alliance_id":99007352,"character_id":2112316767,"corporation_id":98485017,"damage_taken":623,"position":{"x":-2.1992753279124002e+11,"y":-2.2418596724689476e+10,"z":-8.23520839817089e+10},"ship_type_id":11132}}