{"attackers":[{"character_id":94730506,"corporation_id":98296037,"damage_done":460,"final_blow":true,"security_status":-0.1,"ship_type_id":33468,"weapon_type_id":2456},{"character_id":2113546203,"corporation_id":98328100,"security_status":0.1,"ship_type_id":33468,"weapon_type_id":527}],"killmail_id":71243502,"killmail_time":"2018-07-14T09:58:03-07:00","solar_system_id":31001108,"victim":{"alliance_id":99001657,"character_id":93005486,"corporation_id":98085082,"damage_taken":460,"position":{"x":1.6034168245819763e+11,"y":-9.312534261857082e+10,"z":1.8725929041363354e+12},"ship_type_id":670}}