{"attackers":[{"alliance_id":933731581,"character_id":90105498,"corporation_id":98333500,"damage_done":461,"final_blow":true,"security_status":5,"ship_type_id":17928,"weapon_type_id":3178},{"alliance_id":933731581,"character_id":1181258382,"corporation_id":98333500,"security_status":5,"ship_type_id":22456,"weapon_type_id":22778}],"killmail_id":71244046,"killmail_time":"2018-07-14T10:28:23-07:00","solar_system_id":30002104,"victim":{"alliance_id":1411711376,"character_id":94987390,"corporation_id":98457434,"damage_taken":461,"position":{"x":-6.774859779517258e+11,"y":1.2885159858841592e+11,"z":-1.647018575082786e+11},"ship_type_id":670}}