{"attackers":[{"character_id":96161465,"corporation_id":1000179,"damage_done":665,"faction_id":500003,"final_blow":true,"security_status":-1.9,"ship_type_id":3756,"weapon_type_id":2969}],"killmail_id":71242043,"killmail_time":"2018-07-14T08:46:55-07:00","solar_system_id":30002053,"victim":{"character_id":2113458771,"corporation_id":98543264,"damage_taken":665,"faction_id":500002,"items":[{"flag":27,"item_type_id":3638,"quantity_destroyed":1},{"flag":19,"item_type_id":21857,"quantity_dropped":1},{"flag":28,"item_type_id":3651,"quantity_destroyed":1}],"position":{"x":-1.880846679341575e+11,"y":-3.747212941185702e+10,"z":1.2138965175004548e+12},"ship_type_id":606}}