{"attackers":[{"alliance_id":99006371,"character_id":917181577,"corporation_id":98304149,"damage_done":461,"final_blow":true,"security_status":0.5,"ship_type_id":17738,"weapon_type_id":3995},{"alliance_id":99006371,"character_id":407163651,"corporation_id":98170509,"security_status":2.7,"ship_type_id":17738,"weapon_type_id":2117}],"killmail_id":71242945,"killmail_time":"2018-07-14T09:29:50-07:00","solar_system_id":30001160,"victim":{"alliance_id":498125261,"character_id":91927009,"corporation_id":98210135,"damage_taken":461,"position":{"x":3.062738521896476e+11,"y":1.5623332668916431e+10,"z":1.8734054967207725e+12},"ship_type_id":670}}