{"attackers":[{"character_id":2113435343,"corporation_id":98536913,"damage_done":28841,"final_blow":true,"security_status":0.1,"ship_type_id":29988,"weapon_type_id":3138},{"character_id":2112587393,"corporation_id":98536913,"damage_done":18595,"security_status":-0.6,"ship_type_id":29986,"weapon_type_id":29986}],"killmail_id":71242080,"killmail_time":"2018-07-14T08:48:43-07:00","solar_system_id":30005215,"victim":{"character_id":1105167654,"corporation_id":98011485,"damage_taken":47436,"items":[{"flag":5,"item_type_id":18029,"quantity_dropped":118},{"flag":5,"item_type_id":15331,"quantity_destroyed":1}],"position":{"x":-3.166293175835234e+11,"y":2.3733338208625247e+11,"z":1.2455116780284506e+11},"ship_type_id":33475}}