{"attackers":[{"character_id":685998643,"corporation_id":98458646,"damage_done":290,"final_blow":true,"security_status":-10,"ship_type_id":3756,"weapon_type_id":3082},{"alliance_id":99008320,"character_id":94474028,"corporation_id":98122980,"damage_done":138,"security_status":-1.8,"ship_type_id":3756,"weapon_type_id":3756},{"character_id":1648763621,"corporation_id":98458646,"security_status":-10,"ship_type_id":17922,"weapon_type_id":16505}],"killmail_id":71244539,"killmail_time":"2018-07-14T10:56:00-07:00","solar_system_id":30005268,"victim":{"character_id":1707658102,"corporation_id":1000080,"damage_taken":428,"position":{"x":1.3321603934183027e+12,"y":-2.2463484368550058e+11,"z":9.800684303422256e+12},"ship_type_id":670}}