{"attackers":[{"alliance_id":386292982,"character_id":96105518,"corporation_id":116777001,"damage_done":208,"final_blow":true,"security_status":-1.8,"ship_type_id":11393,"weapon_type_id":3033},{"alliance_id":386292982,"character_id":96229536,"corporation_id":116777001,"damage_done":166,"security_status":-8,"weapon_type_id":2817},{"alliance_id":386292982,"character_id":94469536,"corporation_id":116777001,"damage_done":83,"security_status":2.8,"weapon_type_id":22456},{"alliance_id":386292982,"character_id":93608338,"corporation_id":116777001,"security_status":-1.4,"weapon_type_id":3244}],"killmail_id":71244868,"killmail_time":"2018-07-14T11:17:27-07:00","solar_system_id":30004469,"victim":{"alliance_id":99005443,"character_id":94600884,"corporation_id":98547502,"damage_taken":457,"position":{"x":2.377423434432131e+11,"y":1.0686432095098137e+11,"z":-5.090298971889015e+11},"ship_type_id":670}}