{"attackers":[{"alliance_id":99002775,"character_id":819004125,"corporation_id":98140648,"damage_done":557,"final_blow":true,"security_status":-10,"ship_type_id":16242,"weapon_type_id":8905}],"killmail_id":71245744,"killmail_time":"2018-07-14T11:59:32-07:00","solar_system_id":30003503,"victim":{"character_id":90620925,"corporation_id":98475706,"damage_taken":557,"position":{"x":1.0861907542932743e+12,"y":1.0858045830065125e+10,"z":3.856958544142283e+12},"ship_type_id":33513}}