{"attackers":[{"alliance_id":99007160,"character_id":91172071,"corporation_id":98468321,"damage_done":425,"final_blow":true,"security_status":-0.7,"ship_type_id":583,"weapon_type_id":24495},{"alliance_id":99007160,"character_id":2003068966,"corporation_id":98514793,"security_status":5,"ship_type_id":17720,"weapon_type_id":2913}],"killmail_id":71243830,"killmail_time":"2018-07-14T10:15:37-07:00","solar_system_id":30002768,"victim":{"alliance_id":99006709,"character_id":96877288,"corporation_id":98451662,"damage_taken":425,"items":[{"flag":89,"item_type_id":13283,"quantity_destroyed":1}],"position":{"x":-1.7973734873031826e+12,"y":-2.1346832720755032e+12,"z":-1.6078139086184932e+12},"ship_type_id":670},"war_id":606374}