{"attackers":[{"alliance_id":99005242,"character_id":2113207769,"corporation_id":1856883060,"damage_done":2260,"final_blow":true,"security_status":5,"ship_type_id":29986,"weapon_type_id":2185},{"alliance_id":99005242,"character_id":96130269,"corporation_id":1856883060,"security_status":3.7,"ship_type_id":12005,"weapon_type_id":3074}],"killmail_id":71246043,"killmail_time":"2018-07-14T12:08:52-07:00","solar_system_id":31000525,"victim":{"alliance_id":99007663,"character_id":92774567,"corporation_id":98497219,"damage_taken":2260,"position":{"x":-2.0935982128740936e+11,"y":3.157487178425317e+11,"z":-6.323300055358064e+10},"ship_type_id":656}}