{"attackers":[{"alliance_id":99003006,"character_id":977694039,"corporation_id":635210548,"damage_done":461,"final_blow":true,"security_status":4.8,"ship_type_id":11993,"weapon_type_id":27413},{"alliance_id":99002003,"character_id":91628159,"corporation_id":1719660426,"security_status":5,"ship_type_id":22456,"weapon_type_id":2873}],"killmail_id":71244622,"killmail_time":"2018-07-14T11:01:51-07:00","solar_system_id":30001106,"victim":{"alliance_id":99007439,"character_id":94425899,"corporation_id":98469515,"damage_taken":461,"position":{"x":-6.859538806431025e+11,"y":-1.0990669569656088e+11,"z":-1.7410042769651785e+12},"ship_type_id":670}}