{"attackers":[{"alliance_id":99004364,"character_id":96238818,"corporation_id":98380820,"damage_done":446,"final_blow":true,"security_status":1.8,"ship_type_id":33470,"weapon_type_id":2456}],"killmail_id":71242375,"killmail_time":"2018-07-14T09:01:17-07:00","solar_system_id":31000790,"victim":{"character_id":95641428,"corporation_id":98122650,"damage_taken":446,"position":{"x":5.024346133303093e+12,"y":3.285696818985012e+08,"z":3.2832644519364507e+12},"ship_type_id":672}}