{"attackers":[{"character_id":91410107,"corporation_id":98153913,"damage_done":248,"final_blow":true,"security_status":-7.6,"ship_type_id":24688,"weapon_type_id":3989},{"character_id":96957817,"corporation_id":98563720,"damage_done":209,"security_status":-3.1,"ship_type_id":639,"weapon_type_id":639}],"killmail_id":71243711,"killmail_time":"2018-07-14T10:09:32-07:00","solar_system_id":30004297,"victim":{"alliance_id":1354830081,"character_id":97006721,"corporation_id":98366055,"damage_taken":457,"position":{"x":-1.0488123786180281e+12,"y":2.0832743301413916e+11,"z":-2.6325247142393823e+12},"ship_type_id":670}}