{"attackers":[{"character_id":1292964949,"corporation_id":1000009,"damage_done":447,"final_blow":true,"security_status":-0.2,"ship_type_id":17930,"weapon_type_id":2205}],"killmail_id":71242839,"killmail_time":"2018-07-14T09:22:03-07:00","solar_system_id":30002484,"victim":{"alliance_id":99005338,"character_id":2113031861,"corporation_id":98388312,"damage_taken":447,"items":[{"flag":89,"item_type_id":14296,"quantity_destroyed":1},{"flag":89,"item_type_id":9899,"quantity_destroyed":1},{"flag":89,"item_type_id":14298,"quantity_destroyed":1},{"flag":89,"item_type_id":9941,"quantity_destroyed":1}],"position":{"x":-6.71413118276692e+10,"y":9.461643360597174e+09,"z":4.248073946821534e+10},"ship_type_id":670}}