{"attackers":[{"alliance_id":99007539,"character_id":1051998985,"corporation_id":98519717,"damage_done":314,"faction_id":500003,"security_status":-9.8,"ship_type_id":17928,"weapon_type_id":17928},{"alliance_id":99007539,"character_id":301592770,"corporation_id":98519717,"damage_done":107,"faction_id":500003,"final_blow":true,"security_status":-3,"ship_type_id":29990,"weapon_type_id":2969},{"alliance_id":99007539,"character_id":181486998,"corporation_id":98519717,"faction_id":500003,"security_status":-0.7,"ship_type_id":17722,"weapon_type_id":3244}],"killmail_id":71243096,"killmail_time":"2018-07-14T09:40:01-07:00","solar_system_id":30002960,"victim":{"character_id":2113643656,"corporation_id":98538776,"damage_taken":421,"position":{"x":-1.484223646759013e+12,"y":3.9066276089352275e+12,"z":-9.415575518888724e+11},"ship_type_id":670}}