{"attackers":[{"alliance_id":99007716,"character_id":93235528,"corporation_id":1329325066,"damage_done":461,"final_blow":true,"security_status":4.3,"ship_type_id":22456,"weapon_type_id":2889}],"killmail_id":71245901,"killmail_time":"2018-07-14T12:05:06-07:00","solar_system_id":30003724,"victim":{"alliance_id":99002367,"character_id":94677255,"corporation_id":98224835,"damage_taken":461,"position":{"x":-1.3152381051577507e+12,"y":-7.631224919468052e+09,"z":2.9680927995869775e+12},"ship_type_id":33328}}