{"attackers":[{"alliance_id":99007444,"character_id":92574366,"corporation_id":98318424,"damage_done":617,"final_blow":true,"security_status":-5.8,"ship_type_id":622,"weapon_type_id":2897}],"killmail_id":71242897,"killmail_time":"2018-07-14T09:26:06-07:00","solar_system_id":30045319,"victim":{"character_id":97096530,"corporation_id":98224234,"damage_taken":617,"items":[{"flag":27,"item_type_id":21096,"quantity_destroyed":1},{"flag":19,"item_type_id":21857,"quantity_dropped":1},{"flag":5,"item_type_id":16273,"quantity_dropped":87},{"flag":28,"item_type_id":3651,"quantity_destroyed":1}],"position":{"x":1.4800520565485266e+11,"y":1.6672471268229349e+09,"z":-1.7223828233818127e+11},"ship_type_id":606}}