{"attackers":[{"alliance_id":99001134,"character_id":90870526,"corporation_id":354495185,"damage_done":461,"final_blow":true,"security_status":-0.5,"ship_type_id":29990,"weapon_type_id":2921}],"killmail_id":71244791,"killmail_time":"2018-07-14T11:13:59-07:00","solar_system_id":30002187,"victim":{"alliance_id":1220922756,"character_id":90403692,"corporation_id":597600789,"damage_taken":461,"position":{"x":-5.1858395260852734e+11,"y":3.0256601432404125e+10,"z":1.0428957069860369e+12},"ship_type_id":670},"war_id":606589}