{"attackers":[{"character_id":96069434,"corporation_id":98450869,"damage_done":222,"final_blow":true,"security_status":0.6,"ship_type_id":17715,"weapon_type_id":27387}],"killmail_id":71242547,"killmail_time":"2018-07-14T09:08:36-07:00","solar_system_id":31000790,"victim":{"character_id":96819013,"corporation_id":98485933,"damage_taken":222,"position":{"x":5.024347233448634e+12,"y":3.2852278324764234e+08,"z":3.2832648247324263e+12},"ship_type_id":11132}}