{"attackers":[{"character_id":1841073351,"corporation_id":98548322,"damage_done":277,"security_status":1.4,"ship_type_id":11393,"weapon_type_id":11393},{"character_id":656673839,"corporation_id":1000046,"damage_done":183,"final_blow":true,"security_status":1,"ship_type_id":11393,"weapon_type_id":3033}],"killmail_id":71242765,"killmail_time":"2018-07-14T09:18:54-07:00","solar_system_id":30002484,"victim":{"alliance_id":99005338,"character_id":95422311,"corporation_id":98558506,"damage_taken":460,"position":{"x":-6.714126201866779e+10,"y":9.461638262218517e+09,"z":4.248072041985657e+10},"ship_type_id":670}}