{"attackers":[{"character_id":96365436,"corporation_id":98454951,"damage_done":458,"faction_id":500004,"final_blow":true,"security_status":5,"ship_type_id":630,"weapon_type_id":27387}],"killmail_id":71246355,"killmail_time":"2018-07-14T12:19:41-07:00","solar_system_id":30003278,"victim":{"alliance_id":1354830081,"character_id":96421799,"corporation_id":98060580,"damage_taken":458,"position":{"x":2.2766229491174478e+12,"y":3.551235708584602e+11,"z":-2.0316842829791443e+12},"ship_type_id":670}}