{"attackers":[{"alliance_id":99007880,"character_id":2114155222,"corporation_id":98535092,"damage_done":1733,"faction_id":500002,"final_blow":true,"security_status":-1,"ship_type_id":17720,"weapon_type_id":2913},{"alliance_id":99007880,"character_id":2112666982,"corporation_id":98535092,"damage_done":663,"faction_id":500002,"security_status":-9.3,"ship_type_id":17720,"weapon_type_id":17720},{"alliance_id":99007880,"character_id":96687936,"corporation_id":98475877,"damage_done":524,"faction_id":500002,"security_status":-4.4,"ship_type_id":11963,"weapon_type_id":2456}],"killmail_id":71243509,"killmail_time":"2018-07-14T09:58:15-07:00","solar_system_id":30002906,"victim":{"alliance_id":1042504553,"character_id":2113759946,"corporation_id":98302349,"damage_taken":2920,"position":{"x":-1.5720624214251265e+12,"y":1.0663237522295562e+12,"z":-2.550070728869712e+12},"ship_type_id":16240}}