{"attackers":[{"alliance_id":1727758877,"character_id":1899731204,"corporation_id":1070320653,"damage_done":400,"security_status":-0.2,"ship_type_id":22440,"weapon_type_id":22440},{"alliance_id":1727758877,"character_id":1017944131,"corporation_id":1070320653,"damage_done":39,"final_blow":true,"security_status":3.5,"ship_type_id":22440,"weapon_type_id":15963},{"alliance_id":1727758877,"character_id":95846280,"corporation_id":1070320653,"security_status":-1.8,"ship_type_id":22440,"weapon_type_id":2117}],"killmail_id":71243447,"killmail_time":"2018-07-14T09:55:58-07:00","solar_system_id":30004042,"victim":{"alliance_id":1354830081,"character_id":1495928738,"corporation_id":98176563,"damage_taken":439,"position":{"x":2.3766546524824517e+12,"y":2.225774225528714e+12,"z":8.814142966410209e+12},"ship_type_id":670}}