{"attackers":[{"character_id":90134757,"corporation_id":98380939,"damage_done":435,"final_blow":true,"security_status":-0.5,"ship_type_id":4310,"weapon_type_id":2961},{"alliance_id":99005382,"character_id":161684017,"corporation_id":98057065,"security_status":-1.7,"ship_type_id":29990,"weapon_type_id":2969}],"killmail_id":71242713,"killmail_time":"2018-07-14T09:15:59-07:00","solar_system_id":30000142,"victim":{"alliance_id":1354830081,"character_id":2113568100,"corporation_id":98555208,"damage_taken":435,"position":{"x":-1.0730332849689665e+11,"y":-1.8744988757903698e+10,"z":4.364890894655896e+11},"ship_type_id":670},"war_id":607055}