{"attackers":[{"alliance_id":99006371,"character_id":407163651,"corporation_id":98170509,"damage_done":1598,"final_blow":true,"security_status":2.7,"ship_type_id":17738,"weapon_type_id":15963}],"killmail_id":71242537,"killmail_time":"2018-07-14T09:08:25-07:00","solar_system_id":30001158,"victim":{"alliance_id":1614483120,"character_id":91634697,"corporation_id":98527075,"damage_taken":1598,"position":{"x":1.1001973515398477e+12,"y":-5.258637200308999e+10,"z":-1.94928685344648e+12},"ship_type_id":11178}}