{"attackers":[{"character_id":1859353938,"corporation_id":98551370,"damage_done":2951,"final_blow":true,"security_status":-7.2,"ship_type_id":17740,"weapon_type_id":3186},{"character_id":1197287644,"corporation_id":98406814,"security_status":-2.3,"ship_type_id":11198,"weapon_type_id":47732}],"killmail_id":71244087,"killmail_time":"2018-07-14T10:31:04-07:00","solar_system_id":30002813,"victim":{"character_id":2114276156,"corporation_id":1000169,"damage_taken":2951,"position":{"x":4.386820539252065e+12,"y":1.099574844662447e+12,"z":4.262543935655512e+11},"ship_type_id":32872}}