{"attackers":[{"alliance_id":99005513,"character_id":96801326,"corporation_id":98261736,"damage_done":419,"faction_id":500004,"final_blow":true,"security_status":-5.7,"ship_type_id":33470,"weapon_type_id":15939}],"killmail_id":71245364,"killmail_time":"2018-07-14T11:40:21-07:00","solar_system_id":30003850,"victim":{"character_id":94549968,"corporation_id":1000107,"damage_taken":419,"position":{"x":4.5065305908966144e+11,"y":1.1452415826354144e+11,"z":1.1572740065731491e+11},"ship_type_id":670}}