{"attackers":[{"alliance_id":99006750,"character_id":95426205,"corporation_id":98088416,"damage_done":445,"final_blow":true,"security_status":3.6,"ship_type_id":17722,"weapon_type_id":12346}],"killmail_id":71245175,"killmail_time":"2018-07-14T11:32:40-07:00","solar_system_id":31000525,"victim":{"alliance_id":99007663,"character_id":94947822,"corporation_id":98192898,"damage_taken":445,"position":{"x":-2.0936084344922974e+11,"y":3.1574839910826154e+11,"z":-6.323334751565849e+10},"ship_type_id":672}}