{"attackers":[{"alliance_id":99004548,"character_id":875463717,"corporation_id":98187159,"damage_done":593,"final_blow":true,"security_status":-10,"ship_type_id":17812,"weapon_type_id":24471}],"killmail_id":71243078,"killmail_time":"2018-07-14T09:38:44-07:00","solar_system_id":30002082,"victim":{"alliance_id":99006494,"character_id":783510412,"corporation_id":133558123,"damage_taken":593,"items":[{"flag":27,"item_type_id":21096,"quantity_dropped":1},{"flag":5,"item_type_id":16273,"quantity_destroyed":50}],"position":{"x":-1.50157768082834e+11,"y":-4.924407541806904e+09,"z":3.119639281146125e+10},"ship_type_id":588}}