{"attackers":[{"alliance_id":386292982,"character_id":1238136694,"corporation_id":828800677,"damage_done":446,"final_blow":true,"security_status":-1.5,"ship_type_id":34828,"weapon_type_id":27387},{"alliance_id":99006805,"character_id":759439059,"corporation_id":110427029,"security_status":5,"ship_type_id":11174,"weapon_type_id":47732},{"alliance_id":99006805,"character_id":1847135743,"corporation_id":110427029,"security_status":4.5,"ship_type_id":626,"weapon_type_id":527}],"killmail_id":71243981,"killmail_time":"2018-07-14T10:24:39-07:00","solar_system_id":30004807,"victim":{"alliance_id":1411711376,"character_id":95457412,"corporation_id":877122797,"damage_taken":446,"position":{"x":-9.499227326960768e+11,"y":4.445787171117427e+10,"z":2.407795594684163e+11},"ship_type_id":670}}