{"attackers":[{"alliance_id":1900696668,"character_id":482958201,"corporation_id":262962948,"damage_done":256,"security_status":4.7,"ship_type_id":11184,"weapon_type_id":11184},{"alliance_id":1354830081,"character_id":962732596,"corporation_id":911423804,"damage_done":204,"final_blow":true,"security_status":2.1,"ship_type_id":35683,"weapon_type_id":3074},{"alliance_id":1354830081,"character_id":333756121,"corporation_id":211551078,"security_status":1.3,"ship_type_id":11176,"weapon_type_id":3244}],"killmail_id":71242710,"killmail_time":"2018-07-14T09:15:48-07:00","solar_system_id":30004070,"victim":{"alliance_id":1727758877,"character_id":525152718,"corporation_id":875512489,"damage_taken":460,"position":{"x":-4.44187727302388e+11,"y":-1.1972096378261035e+12,"z":1.6863946647452893e+12},"ship_type_id":670}}