{"attackers":[{"alliance_id":386292982,"character_id":95504825,"corporation_id":425883056,"damage_done":461,"final_blow":true,"security_status":-1,"ship_type_id":29990,"weapon_type_id":2969},{"alliance_id":386292982,"character_id":95555286,"corporation_id":425883056,"security_status":-0.2,"ship_type_id":22456,"weapon_type_id":22778}],"killmail_id":71245435,"killmail_time":"2018-07-14T11:43:41-07:00","solar_system_id":30004731,"victim":{"alliance_id":1354830081,"character_id":2112039836,"corporation_id":98370861,"damage_taken":461,"items":[{"flag":89,"item_type_id":27127,"quantity_destroyed":1}],"position":{"x":1.7779839785917898e+12,"y":-2.9666905410915234e+11,"z":-6.49398570562667e+11},"ship_type_id":670}}