{"attackers":[{"alliance_id":1727758877,"character_id":1003092893,"corporation_id":1070320653,"damage_done":257,"final_blow":true,"security_status":1.6,"ship_type_id":22428,"weapon_type_id":15963},{"alliance_id":1727758877,"character_id":687476960,"corporation_id":1070320653,"damage_done":187,"security_status":4.7,"ship_type_id":22440,"weapon_type_id":22440}],"killmail_id":71243395,"killmail_time":"2018-07-14T09:54:28-07:00","solar_system_id":30004042,"victim":{"alliance_id":1727758877,"character_id":671195541,"corporation_id":98375902,"damage_taken":444,"items":[{"flag":89,"item_type_id":13261,"quantity_destroyed":1}],"position":{"x":2.376654657837434e+12,"y":2.2257742259321733e+12,"z":8.814142974569104e+12},"ship_type_id":670}}