{"attackers":[{"alliance_id":99000814,"character_id":90223647,"corporation_id":98452018,"damage_done":632,"final_blow":true,"security_status":-10,"ship_type_id":24688,"weapon_type_id":3989}],"killmail_id":71245003,"killmail_time":"2018-07-14T11:26:36-07:00","solar_system_id":30002393,"victim":{"character_id":2114201464,"corporation_id":98550309,"damage_taken":632,"items":[{"flag":5,"item_type_id":34,"quantity_destroyed":1},{"flag":27,"item_type_id":3638,"quantity_dropped":1},{"flag":19,"item_type_id":21857,"quantity_destroyed":1},{"flag":28,"item_type_id":3651,"quantity_destroyed":1}],"position":{"x":1.909583475485384e+11,"y":-2.6953112571563354e+10,"z":4.017442033787415e+12},"ship_type_id":606}}