{"attackers":[{"alliance_id":99006750,"character_id":410171296,"corporation_id":98088416,"damage_done":446,"final_blow":true,"security_status":5,"ship_type_id":22466,"weapon_type_id":12346}],"killmail_id":71246091,"killmail_time":"2018-07-14T12:10:06-07:00","solar_system_id":31000525,"victim":{"alliance_id":99007123,"character_id":96159892,"corporation_id":98558871,"damage_taken":446,"position":{"x":-2.093601514762258e+11,"y":3.157486640206155e+11,"z":-6.323308628879111e+10},"ship_type_id":11132}}