{"attackers":[{"alliance_id":99005242,"character_id":793716528,"corporation_id":1856883060,"damage_done":12795,"final_blow":true,"security_status":0.1,"ship_type_id":22474,"weapon_type_id":2679}],"killmail_id":71245166,"killmail_time":"2018-07-14T11:32:25-07:00","solar_system_id":31000525,"victim":{"alliance_id":99007123,"character_id":93174230,"corporation_id":98558871,"damage_taken":12795,"position":{"x":-2.0936116854526794e+11,"y":3.157484666526876e+11,"z":-6.323303009993754e+10},"ship_type_id":24696}}