{"attackers":[{"damage_done":952,"faction_id":500003,"final_blow":true,"ship_type_id":48131}],"killmail_id":71242614,"killmail_time":"2018-07-14T09:11:52-07:00","solar_system_id":30001671,"victim":{"alliance_id":99003581,"character_id":2114225518,"corporation_id":98185110,"damage_taken":952,"items":[{"flag":5,"item_type_id":18029,"quantity_destroyed":95},{"flag":5,"item_type_id":18029,"quantity_dropped":108},{"flag":19,"item_type_id":22175,"quantity_destroyed":1}],"position":{"x":7.841946168626392e+11,"y":-7.07120321741576e+10,"z":2.7883340551919617e+11},"ship_type_id":29248}}