{"attackers":[{"character_id":2113435343,"corporation_id":98536913,"damage_done":28961,"final_blow":true,"security_status":0.1,"ship_type_id":29988,"weapon_type_id":3138},{"character_id":2113063118,"corporation_id":98536913,"damage_done":11884,"ship_type_id":16229,"weapon_type_id":31890},{"character_id":2112587393,"corporation_id":98536913,"damage_done":9232,"security_status":-0.6,"ship_type_id":29986,"weapon_type_id":29986}],"killmail_id":71244517,"killmail_time":"2018-07-14T10:54:58-07:00","solar_system_id":30005292,"victim":{"character_id":2112041471,"corporation_id":1000168,"damage_taken":50077,"position":{"x":1.7460756716123257e+11,"y":1.030737112780931e+11,"z":-8.332247403563314e+09},"ship_type_id":33475}}