{"attackers":[{"character_id":2112425240,"corporation_id":98512711,"damage_done":500,"final_blow":true,"security_status":2,"ship_type_id":29986,"weapon_type_id":2679}],"killmail_id":71245160,"killmail_time":"2018-07-14T11:32:16-07:00","solar_system_id":31000525,"victim":{"alliance_id":99007663,"character_id":94947822,"corporation_id":98192898,"damage_taken":500,"items":[{"flag":27,"item_type_id":3638,"quantity_dropped":1},{"flag":19,"item_type_id":21857,"quantity_dropped":1},{"flag":28,"item_type_id":3651,"quantity_dropped":1}],"position":{"x":-2.0936084397926584e+11,"y":3.1574839744549274e+11,"z":-6.3233346250416985e+10},"ship_type_id":601}}