{"attackers":[{"alliance_id":99007539,"character_id":1051998985,"corporation_id":98519717,"damage_done":325,"faction_id":500003,"security_status":-9.8,"ship_type_id":17928,"weapon_type_id":17928},{"alliance_id":99007539,"character_id":301592770,"corporation_id":98519717,"damage_done":136,"faction_id":500003,"final_blow":true,"security_status":-4.3,"ship_type_id":29990,"weapon_type_id":2969}],"killmail_id":71244120,"killmail_time":"2018-07-14T10:33:03-07:00","solar_system_id":30002960,"victim":{"alliance_id":99000619,"character_id":898115249,"corporation_id":1047198910,"damage_taken":461,"position":{"x":-2.3517129664583535e+12,"y":2.2141686009663187e+11,"z":3.0962637680198447e+12},"ship_type_id":670}}