{"attackers":[{"alliance_id":1988009451,"character_id":774648642,"corporation_id":98049848,"damage_done":458,"final_blow":true,"security_status":-1.2,"ship_type_id":3756,"weapon_type_id":3138},{"character_id":2112012398,"corporation_id":98499380,"security_status":4.4,"ship_type_id":3756,"weapon_type_id":527}],"killmail_id":71245690,"killmail_time":"2018-07-14T11:56:30-07:00","solar_system_id":30003563,"victim":{"alliance_id":99002367,"character_id":1048390253,"corporation_id":495392624,"damage_taken":458,"position":{"x":6.764355869088137e+12,"y":-8.075741450294341e+11,"z":-1.0993536606166984e+12},"ship_type_id":670}}