{"attackers":[{"alliance_id":99004357,"character_id":95130913,"corporation_id":306830202,"damage_done":553,"final_blow":true,"security_status":3.6,"ship_type_id":11393,"weapon_type_id":3033}],"killmail_id":71244811,"killmail_time":"2018-07-14T11:14:43-07:00","solar_system_id":30001198,"victim":{"alliance_id":99003214,"character_id":92282546,"corporation_id":98169165,"damage_taken":553,"items":[{"flag":27,"item_type_id":21096,"quantity_destroyed":1},{"flag":28,"item_type_id":3651,"quantity_destroyed":1}],"position":{"x":-6.853807731580741e+11,"y":-3.4203957541108437e+09,"z":-1.5860159917379329e+12},"ship_type_id":601}}