{"attackers":[{"alliance_id":982284363,"character_id":91723952,"corporation_id":961702080,"damage_done":470,"final_blow":true,"security_status":1.7,"ship_type_id":34317,"weapon_type_id":2993},{"alliance_id":99001932,"character_id":2113922081,"corporation_id":98013320,"security_status":1.5,"ship_type_id":17738,"weapon_type_id":9491},{"alliance_id":1988009451,"character_id":91286742,"corporation_id":349567985,"security_status":-3.4,"ship_type_id":12017,"weapon_type_id":28654}],"killmail_id":71246190,"killmail_time":"2018-07-14T12:12:08-07:00","solar_system_id":30003707,"victim":{"alliance_id":99006020,"character_id":1907307618,"corporation_id":98498664,"damage_taken":470,"items":[{"flag":89,"item_type_id":33403,"quantity_destroyed":1}],"position":{"x":1.2840946219966188e+11,"y":-2.1827552838418755e+10,"z":-1.9472245906749527e+10},"ship_type_id":670}}