{"attackers":[{"alliance_id":99006534,"character_id":91464265,"corporation_id":98428919,"damage_done":461,"final_blow":true,"security_status":-2.3,"ship_type_id":11178,"weapon_type_id":3170}],"killmail_id":71243468,"killmail_time":"2018-07-14T09:56:46-07:00","solar_system_id":30000999,"victim":{"alliance_id":99005518,"character_id":2112653498,"corporation_id":98549521,"damage_taken":461,"position":{"x":-1.282548871498916e+12,"y":2.7302523765869727e+11,"z":1.2158606961934993e+12},"ship_type_id":670}}