{"attackers":[{"alliance_id":99001742,"character_id":1710501247,"corporation_id":98107258,"damage_done":409,"faction_id":500001,"final_blow":true,"security_status":-0.3,"ship_type_id":602,"weapon_type_id":24495}],"killmail_id":71244648,"killmail_time":"2018-07-14T11:03:18-07:00","solar_system_id":30045336,"victim":{"character_id":2114210085,"corporation_id":1000181,"damage_taken":409,"faction_id":500004,"position":{"x":7.241815795291636e+12,"y":1.1291000797871802e+12,"z":-5.380582888023663e+12},"ship_type_id":670}}