{"attackers":[{"alliance_id":1727758877,"character_id":92444675,"corporation_id":144749962,"damage_done":439,"final_blow":true,"security_status":-9.7,"ship_type_id":17720,"weapon_type_id":2488}],"killmail_id":71242904,"killmail_time":"2018-07-14T09:26:33-07:00","solar_system_id":30001385,"victim":{"character_id":2112975546,"corporation_id":1000044,"damage_taken":439,"position":{"x":-4.5471904439902844e+11,"y":6.600919114793843e+10,"z":2.8820762566250244e+11},"ship_type_id":670}}