{"attackers":[{"alliance_id":99007451,"character_id":94597001,"corporation_id":98382088,"damage_done":2464,"final_blow":true,"security_status":4.3,"ship_type_id":29990,"weapon_type_id":24493}],"killmail_id":71242953,"killmail_time":"2018-07-14T09:30:01-07:00","solar_system_id":30002377,"victim":{"character_id":94919798,"corporation_id":98560922,"damage_taken":2464,"items":[{"flag":27,"item_type_id":21096,"quantity_dropped":1},{"flag":5,"item_type_id":16273,"quantity_destroyed":1025}],"position":{"x":1.655126073512109e+11,"y":3.0738521308780033e+10,"z":-8.559275999208362e+10},"ship_type_id":656}}