{"attackers":[{"corporation_id":1000274,"damage_done":465,"final_blow":true,"ship_type_id":48234}],"killmail_id":71243999,"killmail_time":"2018-07-14T10:25:40-07:00","solar_system_id":32000017,"victim":{"alliance_id":99006625,"character_id":92293418,"corporation_id":691059088,"damage_taken":465,"faction_id":500004,"items":[{"flag":89,"item_type_id":13216,"quantity_destroyed":1}],"position":{"x":-1.4959592045258008e+13,"y":-1.4959788675528156e+13,"z":-1.4959788695014322e+13},"ship_type_id":670}}