{"attackers":[{"alliance_id":1354830081,"character_id":712963003,"corporation_id":98008630,"damage_done":458,"final_blow":true,"security_status":4.1,"ship_type_id":29984,"weapon_type_id":3082},{"alliance_id":1354830081,"character_id":95222359,"corporation_id":98008630,"security_status":4.8,"ship_type_id":12038,"weapon_type_id":8117},{"alliance_id":1354830081,"character_id":94268301,"corporation_id":1184675423,"security_status":-0.2,"ship_type_id":12038,"weapon_type_id":19814}],"killmail_id":71243237,"killmail_time":"2018-07-14T09:48:56-07:00","solar_system_id":30003680,"victim":{"alliance_id":99005955,"character_id":1637966762,"corporation_id":98079566,"damage_taken":458,"items":[{"flag":89,"item_type_id":13216,"quantity_destroyed":1}],"position":{"x":-5.785287613677064e+12,"y":-1.6733540433542114e+11,"z":-2.6773095690375737e+12},"ship_type_id":670}}