{"attackers":[{"alliance_id":99007262,"character_id":140692824,"corporation_id":98093166,"damage_done":413,"final_blow":true,"security_status":5,"ship_type_id":22456,"weapon_type_id":2873}],"killmail_id":71245472,"killmail_time":"2018-07-14T11:45:35-07:00","solar_system_id":30001927,"victim":{"alliance_id":99005338,"character_id":95767486,"corporation_id":98502864,"damage_taken":413,"position":{"x":4.74751179942141e+11,"y":-1.4100849219557981e+10,"z":2.4918494613311807e+12},"ship_type_id":670}}