{"attackers":[{"alliance_id":99006750,"character_id":95426205,"corporation_id":98088416,"damage_done":1311,"final_blow":true,"security_status":3.6,"ship_type_id":17722,"weapon_type_id":2456}],"killmail_id":71246049,"killmail_time":"2018-07-14T12:08:58-07:00","solar_system_id":31000525,"victim":{"alliance_id":99007663,"character_id":2112239987,"corporation_id":98497219,"damage_taken":1311,"position":{"x":-2.0935989221861743e+11,"y":3.157486526539526e+11,"z":-6.323319760056232e+10},"ship_type_id":597}}