{"attackers":[{"alliance_id":99007916,"character_id":94558144,"corporation_id":98257549,"damage_done":104,"final_blow":true,"security_status":5,"ship_type_id":12034,"weapon_type_id":27359},{"alliance_id":99007916,"character_id":92754130,"corporation_id":98201052,"security_status":4.8,"ship_type_id":12032,"weapon_type_id":5302},{"alliance_id":99001258,"character_id":1678943719,"corporation_id":98486159,"security_status":3.7,"ship_type_id":12032,"weapon_type_id":2420}],"killmail_id":71245468,"killmail_time":"2018-07-14T11:45:22-07:00","solar_system_id":30003694,"victim":{"alliance_id":1354830081,"character_id":94302967,"corporation_id":1167014990,"damage_taken":104,"position":{"x":3.1707205336451874e+11,"y":-4.2742700582090195e+10,"z":4.255919921849032e+12},"ship_type_id":670}}