{"attackers":[{"alliance_id":99005332,"character_id":2112242442,"corporation_id":98510635,"damage_done":461,"final_blow":true,"security_status":5,"ship_type_id":17720,"weapon_type_id":2969},{"alliance_id":99005332,"character_id":97230487,"corporation_id":98402777,"security_status":4.7,"ship_type_id":11176,"weapon_type_id":3244},{"alliance_id":99005332,"character_id":94484739,"corporation_id":98547719,"security_status":-1.2,"ship_type_id":11198,"weapon_type_id":3244}],"killmail_id":71244495,"killmail_time":"2018-07-14T10:53:06-07:00","solar_system_id":30000672,"victim":{"alliance_id":99000814,"character_id":878591080,"corporation_id":98552348,"damage_taken":461,"items":[{"flag":89,"item_type_id":3265,"quantity_destroyed":1}],"position":{"x":-2.978543488844033e+12,"y":-2.3898354334750247e+11,"z":-9.96473154965419e+12},"ship_type_id":670}}