{"attackers":[{"alliance_id":99006750,"character_id":90833109,"corporation_id":98088416,"damage_done":447,"final_blow":true,"security_status":2.7,"ship_type_id":22466,"weapon_type_id":3082}],"killmail_id":71245554,"killmail_time":"2018-07-14T11:49:21-07:00","solar_system_id":31000525,"victim":{"character_id":2112679083,"corporation_id":98551036,"damage_taken":447,"position":{"x":1.2692620797693889e+11,"y":-2.893008131443849e+11,"z":-3.282527901955104e+11},"ship_type_id":670}}