{"attackers":[{"alliance_id":99006625,"character_id":94771700,"corporation_id":98177721,"damage_done":450,"faction_id":500004,"final_blow":true,"security_status":-10,"ship_type_id":33816,"weapon_type_id":27387}],"killmail_id":71245257,"killmail_time":"2018-07-14T11:36:14-07:00","solar_system_id":30002813,"victim":{"character_id":1761304564,"corporation_id":1000180,"damage_taken":450,"faction_id":500001,"position":{"x":4.3868205278833003e+12,"y":1.0995748414245278e+12,"z":4.262543693538929e+11},"ship_type_id":670}}