{"attackers":[{"alliance_id":99002107,"character_id":96544410,"corporation_id":98022245,"damage_done":424,"final_blow":true,"security_status":5,"ship_type_id":24688,"weapon_type_id":9678}],"killmail_id":71242124,"killmail_time":"2018-07-14T08:50:55-07:00","solar_system_id":30003322,"victim":{"character_id":2114202601,"corporation_id":1000077,"damage_taken":424,"position":{"x":3.268688973599586e+12,"y":-3.152541737347852e+11,"z":-4.215549416672851e+12},"ship_type_id":670}}