{"attackers":[{"alliance_id":99005242,"character_id":94629392,"corporation_id":1856883060,"damage_done":4312,"final_blow":true,"security_status":2.8,"ship_type_id":29986,"weapon_type_id":24490}],"killmail_id":71245335,"killmail_time":"2018-07-14T11:39:15-07:00","solar_system_id":31000525,"victim":{"alliance_id":99007663,"character_id":94800141,"corporation_id":98192898,"damage_taken":4312,"position":{"x":-2.0936087130065747e+11,"y":3.1574867225067175e+11,"z":-6.323328605657722e+10},"ship_type_id":621}}