{"attackers":[{"alliance_id":99006239,"character_id":95882832,"corporation_id":98470774,"damage_done":444,"final_blow":true,"security_status":5,"ship_type_id":33468,"weapon_type_id":2456}],"killmail_id":71244405,"killmail_time":"2018-07-14T10:48:00-07:00","solar_system_id":30004949,"victim":{"alliance_id":498125261,"character_id":2113469145,"corporation_id":98539477,"damage_taken":444,"position":{"x":-9.012235411249873e+11,"y":-5.266342689240431e+10,"z":-8.089357462660426e+11},"ship_type_id":670}}