{"attackers":[{"character_id":90134757,"corporation_id":98380939,"damage_done":453,"final_blow":true,"security_status":-0.5,"ship_type_id":4310,"weapon_type_id":2961}],"killmail_id":71243057,"killmail_time":"2018-07-14T09:36:59-07:00","solar_system_id":30000142,"victim":{"alliance_id":99007044,"character_id":93300890,"corporation_id":98497003,"damage_taken":453,"position":{"x":-1.073033625067647e+11,"y":-1.8744979006922913e+10,"z":4.364890954786097e+11},"ship_type_id":670}}