{"attackers":[{"character_id":350828362,"corporation_id":98265369,"damage_done":1250,"final_blow":true,"security_status":5,"ship_type_id":28606,"weapon_type_id":33681}],"killmail_id":71245905,"killmail_time":"2018-07-14T12:05:21-07:00","solar_system_id":31001683,"victim":{"alliance_id":99008367,"character_id":95755128,"corporation_id":98562176,"damage_taken":1250,"position":{"x":-1.4145533187059836e+11,"y":-1.0253327744483493e+07,"z":1.4545319990973574e+12},"ship_type_id":587}}