{"attackers":[{"alliance_id":933731581,"character_id":90105498,"corporation_id":98333500,"damage_done":461,"final_blow":true,"security_status":5,"ship_type_id":17928,"weapon_type_id":3178},{"alliance_id":933731581,"character_id":1181258382,"corporation_id":98333500,"security_status":5,"ship_type_id":22456,"weapon_type_id":4027}],"killmail_id":71243616,"killmail_time":"2018-07-14T10:04:31-07:00","solar_system_id":30002105,"victim":{"alliance_id":498125261,"character_id":2112539323,"corporation_id":98526346,"damage_taken":461,"position":{"x":-9.89976701655068e+10,"y":1.4387408596318771e+10,"z":-9.475604779996794e+11},"ship_type_id":670}}