{"attackers":[{"character_id":685998643,"corporation_id":98458646,"damage_done":431,"final_blow":true,"security_status":-10,"ship_type_id":3756,"weapon_type_id":3082}],"killmail_id":71244119,"killmail_time":"2018-07-14T10:33:00-07:00","solar_system_id":30005268,"victim":{"character_id":2112901462,"corporation_id":1000107,"damage_taken":431,"position":{"x":1.3321603806849932e+12,"y":-2.2463483823550165e+11,"z":9.80068428731636e+12},"ship_type_id":670}}