{"attackers":[{"character_id":93424463,"corporation_id":98512711,"damage_done":2525,"final_blow":true,"security_status":1.2,"ship_type_id":29986,"weapon_type_id":27361}],"killmail_id":71245522,"killmail_time":"2018-07-14T11:47:57-07:00","solar_system_id":31000525,"victim":{"alliance_id":99007123,"character_id":93174230,"corporation_id":98558871,"damage_taken":2525,"position":{"x":-2.093611707205844e+11,"y":3.1574846610201465e+11,"z":-6.323303105836078e+10},"ship_type_id":32876}}