{"attackers":[{"alliance_id":99005381,"character_id":2113261064,"corporation_id":98452319,"damage_done":405,"final_blow":true,"security_status":-9.9,"ship_type_id":17922,"weapon_type_id":3520}],"killmail_id":71245253,"killmail_time":"2018-07-14T11:36:02-07:00","solar_system_id":30001398,"victim":{"character_id":2114303094,"corporation_id":1000045,"damage_taken":405,"position":{"x":3.8615371004635944e+11,"y":-1.3468991749632038e+10,"z":-6.341334105433279e+11},"ship_type_id":670}}