{"attackers":[{"character_id":2114124014,"corporation_id":1000169,"damage_done":413,"final_blow":true,"ship_type_id":29990,"weapon_type_id":2969}],"killmail_id":71244146,"killmail_time":"2018-07-14T10:34:43-07:00","solar_system_id":30004375,"victim":{"alliance_id":99007362,"character_id":2114297552,"corporation_id":98540583,"damage_taken":413,"position":{"x":-1.3433564154880134e+12,"y":-2.449758262175384e+11,"z":-3.2933153876646854e+10},"ship_type_id":670}}