{"attackers":[{"alliance_id":99005242,"character_id":1248551582,"corporation_id":1856883060,"damage_done":2240,"final_blow":true,"security_status":2.2,"ship_type_id":22474,"weapon_type_id":24486}],"killmail_id":71246108,"killmail_time":"2018-07-14T12:10:22-07:00","solar_system_id":31000525,"victim":{"alliance_id":99007663,"character_id":2112239987,"corporation_id":98497219,"damage_taken":2240,"position":{"x":-2.0935989229610294e+11,"y":3.157486510381113e+11,"z":-6.323319591593395e+10},"ship_type_id":1944}}