{"attackers":[{"alliance_id":99007636,"character_id":94818920,"corporation_id":98108721,"damage_done":47482,"final_blow":true,"security_status":-0.5,"ship_type_id":33470,"weapon_type_id":2185}],"killmail_id":71245579,"killmail_time":"2018-07-14T11:50:26-07:00","solar_system_id":30001648,"victim":{"character_id":674569651,"corporation_id":98559504,"damage_taken":47482,"items":[{"flag":5,"item_type_id":18029,"quantity_destroyed":88},{"flag":5,"item_type_id":46006,"quantity_destroyed":2},{"flag":5,"item_type_id":15331,"quantity_dropped":1}],"position":{"x":-2.715942715388752e+10,"y":-1.2752387756127296e+11,"z":-1.1037965518591365e+11},"ship_type_id":33475}}