{"attackers":[{"alliance_id":99005381,"character_id":1288879490,"corporation_id":98452319,"damage_done":405,"final_blow":true,"security_status":-9.9,"ship_type_id":3756,"weapon_type_id":2185},{"alliance_id":99005381,"character_id":2113261064,"corporation_id":98452319,"security_status":-9.9,"ship_type_id":17922,"weapon_type_id":3244}],"killmail_id":71245595,"killmail_time":"2018-07-14T11:51:02-07:00","solar_system_id":30001398,"victim":{"character_id":2114019144,"corporation_id":1000167,"damage_taken":405,"position":{"x":3.8615371856037946e+11,"y":-1.3468989490718752e+10,"z":-6.341334354630969e+11},"ship_type_id":670}}