{"attackers":[{"alliance_id":99006371,"character_id":917181577,"corporation_id":98304149,"damage_done":461,"final_blow":true,"security_status":0.5,"ship_type_id":17738,"weapon_type_id":3995}],"killmail_id":71243103,"killmail_time":"2018-07-14T09:40:50-07:00","solar_system_id":30001160,"victim":{"alliance_id":1727758877,"character_id":203878364,"corporation_id":98389189,"damage_taken":461,"position":{"x":6.365929871625715e+11,"y":3.206959041069114e+10,"z":-5.177747490865026e+12},"ship_type_id":670}}