{"attackers":[{"alliance_id":99007160,"character_id":2003068966,"corporation_id":98514793,"damage_done":418,"final_blow":true,"security_status":5,"ship_type_id":17720,"weapon_type_id":2913}],"killmail_id":71243718,"killmail_time":"2018-07-14T10:09:59-07:00","solar_system_id":30002765,"victim":{"alliance_id":99008424,"character_id":2114202132,"corporation_id":98504902,"damage_taken":418,"position":{"x":1.397566209001809e+12,"y":1.6598449837877349e+12,"z":1.2501723829210007e+12},"ship_type_id":670},"war_id":607409}