{"attackers":[{"corporation_id":1000125,"damage_done":528,"final_blow":true,"ship_type_id":3885}],"killmail_id":71244879,"killmail_time":"2018-07-14T11:18:21-07:00","solar_system_id":30002681,"victim":{"character_id":2112751308,"corporation_id":98560039,"damage_taken":528,"items":[{"flag":5,"item_type_id":34,"quantity_dropped":1},{"flag":19,"item_type_id":21857,"quantity_destroyed":1},{"flag":27,"item_type_id":3636,"quantity_dropped":1},{"flag":28,"item_type_id":3651,"quantity_destroyed":1}],"position":{"x":7.662391471987135e+10,"y":7.493841023888645e+09,"z":-1.2156485072746584e+11},"ship_type_id":588}}