{"attackers":[{"alliance_id":99003006,"character_id":910949089,"corporation_id":635210548,"damage_done":465,"final_blow":true,"security_status":5,"ship_type_id":11993,"weapon_type_id":2488}],"killmail_id":71244624,"killmail_time":"2018-07-14T11:01:51-07:00","solar_system_id":30001106,"victim":{"alliance_id":99008343,"character_id":1524496173,"corporation_id":98540520,"damage_taken":465,"position":{"x":-6.859538808649506e+11,"y":-1.099067018986187e+11,"z":-1.741004264997718e+12},"ship_type_id":33328}}