{"attackers":[{"character_id":2113435343,"corporation_id":98536913,"damage_done":17952,"security_status":0.1,"ship_type_id":29988,"weapon_type_id":31880},{"character_id":2113063118,"corporation_id":98536913,"damage_done":12201,"final_blow":true,"ship_type_id":16229,"weapon_type_id":7703},{"character_id":2112587393,"corporation_id":98536913,"damage_done":8795,"security_status":-0.6,"ship_type_id":29986,"weapon_type_id":29986}],"killmail_id":71243660,"killmail_time":"2018-07-14T10:06:43-07:00","solar_system_id":30005200,"victim":{"character_id":94965065,"corporation_id":98566641,"damage_taken":38948,"items":[{"flag":5,"item_type_id":17452,"quantity_destroyed":8671},{"flag":5,"item_type_id":20,"quantity_destroyed":5833}],"position":{"x":1.08473831440073e+12,"y":9.558921453168779e+10,"z":-1.2776016477059177e+12},"ship_type_id":33475}}