{"attackers":[{"alliance_id":99007916,"character_id":1580968838,"corporation_id":98468592,"damage_done":224,"security_status":5,"ship_type_id":12034,"weapon_type_id":27359},{"alliance_id":99007916,"character_id":92754130,"corporation_id":98201052,"damage_done":100,"security_status":4.8,"ship_type_id":12032,"weapon_type_id":267},{"alliance_id":99007916,"character_id":94558144,"corporation_id":98257549,"damage_done":84,"security_status":5,"ship_type_id":12034,"weapon_type_id":8117},{"alliance_id":99007916,"character_id":2113699161,"corporation_id":98468592,"damage_done":59,"final_blow":true,"security_status":-0.4,"ship_type_id":12034,"weapon_type_id":2508}],"killmail_id":71245509,"killmail_time":"2018-07-14T11:47:22-07:00","solar_system_id":30003694,"victim":{"alliance_id":1354830081,"character_id":2113309957,"corporation_id":98370861,"damage_taken":467,"position":{"x":3.1707204594217053e+11,"y":-4.274270718767513e+10,"z":4.2559199238684443e+12},"ship_type_id":33328}}