{"attackers":[{"alliance_id":99006614,"character_id":91805552,"corporation_id":98342486,"damage_done":333,"final_blow":true,"security_status":-1,"ship_type_id":29990,"weapon_type_id":27401},{"alliance_id":99006614,"character_id":93449714,"corporation_id":98342486,"damage_done":128,"security_status":-1.5,"ship_type_id":29990,"weapon_type_id":2185},{"alliance_id":99006614,"character_id":2112755419,"corporation_id":98342486,"ship_type_id":22456,"weapon_type_id":22778}],"killmail_id":71245046,"killmail_time":"2018-07-14T11:28:18-07:00","solar_system_id":31002443,"victim":{"character_id":95357330,"corporation_id":98506895,"damage_taken":461,"items":[{"flag":89,"item_type_id":10217,"quantity_destroyed":1},{"flag":89,"item_type_id":10213,"quantity_destroyed":1}],"position":{"x":-3.571647676615918e+12,"y":-1.088146568326082e+11,"z":-3.6247790584183745e+12},"ship_type_id":670}}