{"attackers":[{"alliance_id":99004901,"character_id":1793313057,"corporation_id":98121464,"damage_done":461,"final_blow":true,"security_status":-8.1,"ship_type_id":621,"weapon_type_id":27371},{"alliance_id":99004901,"character_id":93763539,"corporation_id":98121464,"security_status":-1.4,"ship_type_id":33818,"weapon_type_id":1877}],"killmail_id":71242963,"killmail_time":"2018-07-14T09:30:38-07:00","solar_system_id":30002440,"victim":{"character_id":90669772,"corporation_id":364579531,"damage_taken":461,"items":[{"flag":89,"item_type_id":3256,"quantity_destroyed":1}],"position":{"x":-5.084244651642706e+12,"y":-6.046724488912429e+11,"z":-2.8952696798131216e+12},"ship_type_id":670}}