{"attackers":[{"alliance_id":1900696668,"character_id":1799049146,"corporation_id":773499566,"damage_done":461,"final_blow":true,"security_status":4.6,"ship_type_id":11196,"weapon_type_id":2977}],"killmail_id":71245649,"killmail_time":"2018-07-14T11:54:50-07:00","solar_system_id":30003694,"victim":{"alliance_id":99007916,"character_id":1405304290,"corporation_id":98108528,"damage_taken":461,"items":[{"flag":89,"item_type_id":24663,"quantity_destroyed":1}],"position":{"x":3.170720314689258e+11,"y":-4.274270874682252e+10,"z":4.255919915596512e+12},"ship_type_id":670}}