{"attackers":[{"alliance_id":99005239,"character_id":278101090,"corporation_id":954325053,"damage_done":259,"final_blow":true,"security_status":3.1,"ship_type_id":17918,"weapon_type_id":2629},{"alliance_id":99006069,"character_id":2113112306,"corporation_id":98525904,"damage_done":152,"security_status":5,"ship_type_id":17918,"weapon_type_id":27447},{"character_id":90372402,"corporation_id":98090476,"damage_done":38,"security_status":-0.2,"ship_type_id":17918,"weapon_type_id":2629}],"killmail_id":71242534,"killmail_time":"2018-07-14T09:08:23-07:00","solar_system_id":31000790,"victim":{"character_id":96819013,"corporation_id":98485933,"damage_taken":449,"position":{"x":5.024347235150976e+12,"y":3.2852278322273296e+08,"z":3.283264825181649e+12},"ship_type_id":11129}}