{"attackers":[{"alliance_id":99007439,"character_id":90594639,"corporation_id":916251988,"damage_done":461,"final_blow":true,"security_status":5,"ship_type_id":16242,"weapon_type_id":9415},{"alliance_id":99008343,"character_id":93803950,"corporation_id":98540520,"security_status":5,"ship_type_id":16242,"weapon_type_id":5403}],"killmail_id":71243875,"killmail_time":"2018-07-14T10:18:20-07:00","solar_system_id":30005123,"victim":{"alliance_id":99007379,"character_id":95538917,"corporation_id":98469752,"damage_taken":461,"position":{"x":8.787103316993896e+11,"y":6.801052066790193e+10,"z":8.492038960975747e+11},"ship_type_id":670}}