{"attackers":[{"alliance_id":99005242,"character_id":2113207769,"corporation_id":1856883060,"damage_done":880,"final_blow":true,"security_status":5,"ship_type_id":29986,"weapon_type_id":27419}],"killmail_id":71245211,"killmail_time":"2018-07-14T11:33:59-07:00","solar_system_id":31000525,"victim":{"character_id":90413837,"corporation_id":98461232,"damage_taken":880,"items":[{"flag":5,"item_type_id":30488,"quantity_dropped":8},{"flag":27,"item_type_id":17938,"quantity_destroyed":1}],"position":{"x":-2.09360912496149e+11,"y":3.157483531965672e+11,"z":-6.3233393904752205e+10},"ship_type_id":607}}