{"attackers":[{"alliance_id":99006705,"character_id":90533249,"corporation_id":98555514,"damage_done":429,"final_blow":true,"security_status":-10,"ship_type_id":24692,"weapon_type_id":9678}],"killmail_id":71244945,"killmail_time":"2018-07-14T11:22:39-07:00","solar_system_id":30000164,"victim":{"alliance_id":99005360,"character_id":2114290425,"corporation_id":98564271,"damage_taken":429,"position":{"x":-1.3957972313616787e+12,"y":-1.2227826380020943e+11,"z":1.6863435387701435e+10},"ship_type_id":670}}