{"attackers":[{"alliance_id":99006625,"character_id":96582714,"corporation_id":98401847,"damage_done":461,"faction_id":500004,"final_blow":true,"security_status":-9.8,"ship_type_id":644,"weapon_type_id":3995}],"killmail_id":71243204,"killmail_time":"2018-07-14T09:47:08-07:00","solar_system_id":30002813,"victim":{"character_id":348018346,"corporation_id":1000180,"damage_taken":461,"faction_id":500001,"items":[{"flag":89,"item_type_id":13216,"quantity_destroyed":1},{"flag":89,"item_type_id":13283,"quantity_destroyed":1},{"flag":89,"item_type_id":13285,"quantity_destroyed":1},{"flag":89,"item_type_id":13252,"quantity_destroyed":1}],"position":{"x":4.3868205378094463e+12,"y":1.0995748439886082e+12,"z":4.2625437666014557e+11},"ship_type_id":670}}