{"attackers":[{"alliance_id":99004567,"character_id":96645785,"corporation_id":98273331,"damage_done":418,"final_blow":true,"security_status":-10,"ship_type_id":17920,"weapon_type_id":9808}],"killmail_id":71245384,"killmail_time":"2018-07-14T11:41:10-07:00","solar_system_id":30000046,"victim":{"character_id":2114305036,"corporation_id":1000170,"damage_taken":418,"position":{"x":2.847135124411e+12,"y":4.0135410865748413e+12,"z":-4.920305656200824e+11},"ship_type_id":670}}