{"attackers":[{"alliance_id":1354830081,"character_id":2113878660,"corporation_id":98533547,"damage_done":257,"final_blow":true,"security_status":5,"ship_type_id":34828,"weapon_type_id":27387},{"alliance_id":1354830081,"character_id":1998907515,"corporation_id":272675225,"damage_done":182,"security_status":2.9,"weapon_type_id":27387}],"killmail_id":71244036,"killmail_time":"2018-07-14T10:27:50-07:00","solar_system_id":30004070,"victim":{"alliance_id":99007916,"character_id":2112839400,"corporation_id":98557697,"damage_taken":439,"position":{"x":-4.4418772518654846e+11,"y":-1.1972096317950583e+12,"z":1.6863946648058994e+12},"ship_type_id":670}}