{"attackers":[{"alliance_id":99007716,"character_id":93235528,"corporation_id":1329325066,"damage_done":436,"final_blow":true,"security_status":4.3,"ship_type_id":22456,"weapon_type_id":2889}],"killmail_id":71244285,"killmail_time":"2018-07-14T10:41:05-07:00","solar_system_id":30003724,"victim":{"character_id":2113528772,"corporation_id":98538978,"damage_taken":436,"position":{"x":-1.3152380695214607e+12,"y":-7.631221797444178e+09,"z":2.9680927656951733e+12},"ship_type_id":670}}