{"attackers":[{"alliance_id":99005338,"character_id":897740799,"corporation_id":98388312,"damage_done":279,"security_status":0.7,"ship_type_id":587,"weapon_type_id":587},{"alliance_id":99005338,"character_id":2113742376,"corporation_id":98388312,"damage_done":182,"final_blow":true,"security_status":5,"ship_type_id":37455,"weapon_type_id":27387}],"killmail_id":71242796,"killmail_time":"2018-07-14T09:20:02-07:00","solar_system_id":30002458,"victim":{"alliance_id":927292903,"character_id":91044837,"corporation_id":1491319733,"damage_taken":461,"position":{"x":2.8899765032469995e+11,"y":5.210344637703845e+10,"z":-3.9520896610506445e+11},"ship_type_id":670}}