{"attackers":[{"alliance_id":99004514,"character_id":1415652675,"corporation_id":98124121,"damage_done":1386,"final_blow":true,"security_status":-6.1,"ship_type_id":11381,"weapon_type_id":3178}],"killmail_id":71243742,"killmail_time":"2018-07-14T10:11:19-07:00","solar_system_id":30003853,"victim":{"alliance_id":1727758877,"character_id":91127914,"corporation_id":1070320653,"damage_taken":1386,"items":[{"flag":27,"item_type_id":21096,"quantity_dropped":1},{"flag":5,"item_type_id":16273,"quantity_dropped":100}],"position":{"x":-7.77509529966025e+10,"y":-3.458208823571787e+09,"z":1.9584737284408516e+10},"ship_type_id":602}}