{"attackers":[{"alliance_id":99005242,"character_id":2113207769,"corporation_id":1856883060,"damage_done":2326,"final_blow":true,"security_status":5,"ship_type_id":29986,"weapon_type_id":27419}],"killmail_id":71245209,"killmail_time":"2018-07-14T11:33:48-07:00","solar_system_id":31000525,"victim":{"character_id":90413837,"corporation_id":98461232,"damage_taken":2326,"position":{"x":-2.0936091416501117e+11,"y":3.157483515352393e+11,"z":-6.323339223236745e+10},"ship_type_id":655}}