{"attackers":[{"alliance_id":99005502,"character_id":95015676,"corporation_id":98267621,"damage_done":850,"final_blow":true,"security_status":-10,"ship_type_id":12044,"weapon_type_id":3170}],"killmail_id":71244234,"killmail_time":"2018-07-14T10:39:31-07:00","solar_system_id":30003068,"victim":{"character_id":1974845486,"corporation_id":98393202,"damage_taken":850,"items":[{"flag":27,"item_type_id":21096,"quantity_dropped":1}],"position":{"x":2.8607954531761562e+12,"y":-3.703012113999249e+11,"z":-4.1129212524672363e+12},"ship_type_id":605}}