{"attackers":[{"corporation_id":1000161,"damage_done":530,"final_blow":true,"ship_type_id":44107}],"killmail_id":71242747,"killmail_time":"2018-07-14T09:17:32-07:00","solar_system_id":30001959,"victim":{"character_id":94980785,"corporation_id":1000046,"damage_taken":530,"items":[{"flag":19,"item_type_id":21857,"quantity_dropped":1},{"flag":27,"item_type_id":3636,"quantity_destroyed":1},{"flag":28,"item_type_id":21096,"quantity_destroyed":1}],"position":{"x":1.536546714521584e+11,"y":5.401675621174772e+09,"z":-1.706551197576763e+11},"ship_type_id":588}}