{"attackers":[{"alliance_id":99008223,"character_id":649484477,"corporation_id":98043813,"damage_done":461,"final_blow":true,"security_status":5,"ship_type_id":17715,"weapon_type_id":28272}],"killmail_id":71242940,"killmail_time":"2018-07-14T09:29:31-07:00","solar_system_id":30004210,"victim":{"character_id":91470729,"corporation_id":98493518,"damage_taken":461,"position":{"x":-2.0362785123885786e+12,"y":-2.840623094366242e+11,"z":-5.552180291155482e+12},"ship_type_id":670}}