{"attackers":[{"alliance_id":99006113,"character_id":1213827182,"corporation_id":98323701,"damage_done":461,"final_blow":true,"security_status":-1.3,"ship_type_id":34317,"weapon_type_id":3033},{"alliance_id":99006113,"character_id":94261749,"corporation_id":98323701,"security_status":-0.5,"ship_type_id":34317,"weapon_type_id":5443}],"killmail_id":71243081,"killmail_time":"2018-07-14T09:38:54-07:00","solar_system_id":31002031,"victim":{"character_id":93413844,"corporation_id":98353083,"damage_taken":461,"items":[{"flag":89,"item_type_id":3256,"quantity_destroyed":1}],"position":{"x":-5.945071950995854e+11,"y":6.3603081938118e+11,"z":2.0236114279962393e+12},"ship_type_id":33328}}