{"attackers":[{"alliance_id":99006144,"character_id":94111924,"corporation_id":98218802,"damage_done":459,"final_blow":true,"security_status":-2.1,"ship_type_id":3756,"weapon_type_id":2205}],"killmail_id":71245293,"killmail_time":"2018-07-14T11:37:41-07:00","solar_system_id":30005224,"victim":{"character_id":97256611,"corporation_id":98555137,"damage_taken":459,"items":[{"flag":89,"item_type_id":27105,"quantity_destroyed":1},{"flag":89,"item_type_id":27081,"quantity_destroyed":1}],"position":{"x":-1.4690939937778635e+11,"y":1.732901605046581e+10,"z":-1.8301648673229136e+12},"ship_type_id":670}}