{"attackers":[{"alliance_id":1727758877,"character_id":906022461,"corporation_id":1070320653,"damage_done":187,"security_status":-1.6,"ship_type_id":22428,"weapon_type_id":22428},{"alliance_id":1727758877,"character_id":1802602137,"corporation_id":1070320653,"damage_done":181,"final_blow":true,"security_status":-1.8,"ship_type_id":22440,"weapon_type_id":15963}],"killmail_id":71243419,"killmail_time":"2018-07-14T09:54:57-07:00","solar_system_id":30004042,"victim":{"alliance_id":99004425,"character_id":1498659211,"corporation_id":937664582,"damage_taken":368,"position":{"x":2.376654657824082e+12,"y":2.225774223769872e+12,"z":8.814142973383611e+12},"ship_type_id":670}}