{"attackers":[{"alliance_id":1411711376,"character_id":276845322,"corporation_id":98148413,"damage_done":35376,"final_blow":true,"security_status":3.5,"ship_type_id":29340,"weapon_type_id":2205},{"alliance_id":1411711376,"character_id":966113290,"corporation_id":928827408,"damage_done":8160,"security_status":5,"ship_type_id":22456,"weapon_type_id":22456},{"alliance_id":1411711376,"character_id":92788697,"corporation_id":98264182,"damage_done":4862,"security_status":4,"ship_type_id":29340,"weapon_type_id":27387}],"killmail_id":71244491,"killmail_time":"2018-07-14T10:53:02-07:00","moon_id":40323861,"solar_system_id":30005117,"victim":{"alliance_id":99008228,"corporation_id":98562873,"damage_taken":48398,"position":{"x":-6.58077694332257e+10,"y":-4.0964457643322015e+09,"z":-2.2603591637872336e+11},"ship_type_id":12237}}