{"attackers":[{"alliance_id":99006728,"character_id":272726919,"corporation_id":98432378,"damage_done":406,"final_blow":true,"security_status":0.5,"ship_type_id":638,"weapon_type_id":205}],"killmail_id":71242184,"killmail_time":"2018-07-14T08:53:56-07:00","solar_system_id":30030141,"victim":{"character_id":2114207963,"corporation_id":1000167,"damage_taken":406,"position":{"x":1.1519423387855203e+11,"y":-1.3962732534570524e+10,"z":-2.0624091579359045e+11},"ship_type_id":670}}