{"attackers":[{"alliance_id":99008430,"character_id":2112908697,"corporation_id":98553218,"damage_done":458,"final_blow":true,"security_status":-1.3,"ship_type_id":33470,"weapon_type_id":2205}],"killmail_id":71246354,"killmail_time":"2018-07-14T12:19:40-07:00","solar_system_id":30002728,"victim":{"alliance_id":99003214,"character_id":2112953796,"corporation_id":98169165,"damage_taken":458,"position":{"x":-2.9609558354440234e+11,"y":2.4633018059910843e+11,"z":-2.996502605712451e+11},"ship_type_id":670}}