{"attackers":[{"alliance_id":99001134,"character_id":91457073,"corporation_id":354495185,"damage_done":461,"final_blow":true,"security_status":-1.5,"ship_type_id":29990,"weapon_type_id":2913}],"killmail_id":71243158,"killmail_time":"2018-07-14T09:44:58-07:00","solar_system_id":30002187,"victim":{"alliance_id":498125261,"character_id":614862597,"corporation_id":1091440439,"damage_taken":461,"position":{"x":-5.185839626854339e+11,"y":3.025661797260035e+10,"z":1.0428956951009445e+12},"ship_type_id":670},"war_id":605264}