{"attackers":[{"alliance_id":99004901,"character_id":96221727,"corporation_id":215297637,"damage_done":461,"final_blow":true,"security_status":-9.7,"ship_type_id":29986,"weapon_type_id":3025}],"killmail_id":71245843,"killmail_time":"2018-07-14T12:03:14-07:00","solar_system_id":30002813,"victim":{"character_id":1286422588,"corporation_id":1000046,"damage_taken":461,"items":[{"flag":89,"item_type_id":33404,"quantity_destroyed":1}],"position":{"x":4.386820537866802e+12,"y":1.0995748439012825e+12,"z":4.26254376660203e+11},"ship_type_id":670}}