{"attackers":[{"alliance_id":1727758877,"character_id":1802602137,"corporation_id":1070320653,"damage_done":458,"final_blow":true,"security_status":-1.8,"ship_type_id":22440,"weapon_type_id":15963}],"killmail_id":71243421,"killmail_time":"2018-07-14T09:54:58-07:00","solar_system_id":30004042,"victim":{"alliance_id":1354830081,"character_id":2113427169,"corporation_id":98370861,"damage_taken":458,"position":{"x":2.3766546495548027e+12,"y":2.225774224228519e+12,"z":8.814142962770018e+12},"ship_type_id":670}}