{"attackers":[{"alliance_id":99008060,"character_id":2112726812,"corporation_id":98564129,"damage_done":405,"final_blow":true,"security_status":-9,"ship_type_id":24690,"weapon_type_id":7783}],"killmail_id":71242595,"killmail_time":"2018-07-14T09:10:42-07:00","solar_system_id":30003835,"victim":{"alliance_id":1496500070,"character_id":2112137417,"corporation_id":384667640,"damage_taken":405,"position":{"x":9.752714215441906e+11,"y":-6.2050709303664665e+09,"z":5.009488154676514e+12},"ship_type_id":670}}