{"attackers":[{"alliance_id":448511760,"character_id":95335120,"corporation_id":145796588,"damage_done":410,"final_blow":true,"security_status":-9.7,"ship_type_id":12023,"weapon_type_id":3138}],"killmail_id":71244661,"killmail_time":"2018-07-14T11:05:24-07:00","solar_system_id":30002645,"victim":{"character_id":93309101,"corporation_id":98566362,"damage_taken":410,"position":{"x":1.0590588628782365e+12,"y":1.271740432882666e+11,"z":-8.388025719948628e+11},"ship_type_id":670}}