{"attackers":[{"alliance_id":99007090,"character_id":93222028,"corporation_id":98502405,"damage_done":454,"final_blow":true,"security_status":-7.9,"ship_type_id":29990,"weapon_type_id":2969}],"killmail_id":71245547,"killmail_time":"2018-07-14T11:49:03-07:00","solar_system_id":30045354,"victim":{"alliance_id":99008037,"character_id":96627430,"corporation_id":1126669495,"damage_taken":454,"faction_id":500004,"items":[{"flag":89,"item_type_id":13223,"quantity_destroyed":1}],"position":{"x":7.152607612476393e+09,"y":9.33219508121902e+10,"z":-3.237348121494715e+10},"ship_type_id":670}}