{"attackers":[{"alliance_id":99002217,"character_id":2114213555,"corporation_id":423280073,"damage_done":430,"final_blow":true,"security_status":-4.9,"ship_type_id":598,"weapon_type_id":27321}],"killmail_id":71243099,"killmail_time":"2018-07-14T09:40:34-07:00","solar_system_id":30002757,"victim":{"character_id":2114249195,"corporation_id":1000180,"damage_taken":430,"faction_id":500001,"position":{"x":2.3219012174797443e+11,"y":1.9051320299237015e+10,"z":3.9170211420303937e+11},"ship_type_id":670}}