{"attackers":[{"character_id":1617793187,"corporation_id":98515214,"damage_done":445,"final_blow":true,"security_status":4.9,"ship_type_id":11200,"weapon_type_id":2456}],"killmail_id":71244147,"killmail_time":"2018-07-14T10:34:47-07:00","solar_system_id":30004065,"victim":{"alliance_id":1900696668,"character_id":90572195,"corporation_id":680022174,"damage_taken":445,"position":{"x":-2.4253212611891895e+12,"y":-9.173548630270276e+11,"z":2.213024189190011e+12},"ship_type_id":670}}