{"attackers":[{"alliance_id":99005382,"character_id":161684017,"corporation_id":98057065,"damage_done":680,"final_blow":true,"security_status":-1.7,"ship_type_id":29990,"weapon_type_id":2969}],"killmail_id":71245516,"killmail_time":"2018-07-14T11:47:41-07:00","solar_system_id":30000142,"victim":{"alliance_id":1354830081,"character_id":2113345879,"corporation_id":1297657426,"damage_taken":680,"items":[{"flag":27,"item_type_id":3638,"quantity_destroyed":1},{"flag":19,"item_type_id":21857,"quantity_destroyed":1},{"flag":28,"item_type_id":3651,"quantity_dropped":1}],"position":{"x":-1.0730336408938503e+11,"y":-1.874497166894314e+10,"z":4.364890661179915e+11},"ship_type_id":606},"war_id":596506}