{"attackers":[{"alliance_id":1727758877,"character_id":1802602137,"corporation_id":1070320653,"damage_done":396,"security_status":-1.8,"ship_type_id":22440,"weapon_type_id":22440},{"alliance_id":1727758877,"character_id":181181255,"corporation_id":1070320653,"damage_done":64,"final_blow":true,"security_status":-1.5,"ship_type_id":22428,"weapon_type_id":15963}],"killmail_id":71243370,"killmail_time":"2018-07-14T09:53:56-07:00","solar_system_id":30004042,"victim":{"alliance_id":1354830081,"character_id":96016536,"corporation_id":98376365,"damage_taken":460,"position":{"x":2.3766546584002065e+12,"y":2.2257742249800693e+12,"z":8.814142972457973e+12},"ship_type_id":670}}