{"attackers":[{"alliance_id":99004364,"character_id":90545323,"corporation_id":98380820,"damage_done":34,"final_blow":true,"security_status":0.9,"ship_type_id":11978,"weapon_type_id":2488},{"alliance_id":99004364,"character_id":1987862349,"corporation_id":98423604,"security_status":0.4,"ship_type_id":17715,"weapon_type_id":16467}],"killmail_id":71242466,"killmail_time":"2018-07-14T09:05:42-07:00","solar_system_id":31000790,"victim":{"character_id":95109064,"corporation_id":98465022,"damage_taken":34,"position":{"x":5.024347156909017e+12,"y":3.285687653535314e+08,"z":3.283265078887414e+12},"ship_type_id":29266}}