{"attackers":[{"alliance_id":99008278,"character_id":95793184,"corporation_id":98512118,"damage_done":458,"final_blow":true,"security_status":5,"ship_type_id":29984,"weapon_type_id":24486},{"alliance_id":99008278,"character_id":92787835,"corporation_id":98139493,"security_status":0.5,"ship_type_id":29986,"weapon_type_id":12267}],"killmail_id":71246240,"killmail_time":"2018-07-14T12:14:05-07:00","solar_system_id":30004420,"victim":{"alliance_id":99005443,"character_id":95923138,"corporation_id":98309697,"damage_taken":458,"position":{"x":-3.876176437739796e+12,"y":-3.509763773010466e+11,"z":-1.135353806520865e+12},"ship_type_id":670}}