{"attackers":[{"character_id":1409235210,"corporation_id":98407212,"damage_done":458,"final_blow":true,"security_status":-3.7,"ship_type_id":24702,"weapon_type_id":2913},{"character_id":92267188,"corporation_id":98407212,"security_status":4,"ship_type_id":37480,"weapon_type_id":3244}],"killmail_id":71243428,"killmail_time":"2018-07-14T09:55:10-07:00","solar_system_id":30000274,"victim":{"alliance_id":99005338,"character_id":95823141,"corporation_id":98502864,"damage_taken":458,"position":{"x":6.341164541846272e+12,"y":-4.721267050322789e+11,"z":-2.4271770183801255e+12},"ship_type_id":670}}