{"attackers":[{"alliance_id":386292982,"character_id":94035714,"corporation_id":1698858600,"damage_done":311,"final_blow":true,"security_status":-1.6,"ship_type_id":29986,"weapon_type_id":3025},{"alliance_id":933731581,"character_id":94658445,"corporation_id":1975749457,"damage_done":150,"security_status":-1.8,"ship_type_id":47269,"weapon_type_id":47269},{"alliance_id":933731581,"character_id":95530402,"corporation_id":98561380,"security_status":-9.3,"ship_type_id":29340,"weapon_type_id":3244}],"killmail_id":71243836,"killmail_time":"2018-07-14T10:16:00-07:00","solar_system_id":30002122,"victim":{"alliance_id":741557221,"character_id":2112525824,"corporation_id":98475956,"damage_taken":461,"position":{"x":4.5751195632406995e+11,"y":-4.016064840027221e+10,"z":1.7156669377412576e+12},"ship_type_id":670}}