{"attackers":[{"character_id":1292964949,"corporation_id":1000009,"damage_done":461,"final_blow":true,"security_status":-0.2,"ship_type_id":17930,"weapon_type_id":2205},{"character_id":656673839,"corporation_id":1000046,"security_status":1,"ship_type_id":11393,"weapon_type_id":3033}],"killmail_id":71245100,"killmail_time":"2018-07-14T11:30:29-07:00","solar_system_id":30002440,"victim":{"character_id":182211717,"corporation_id":1000009,"damage_taken":461,"position":{"x":-5.084244641028623e+12,"y":-6.046724465407219e+11,"z":-2.895269670782457e+12},"ship_type_id":33328}}