{"attackers":[{"alliance_id":1966049571,"character_id":319709492,"corporation_id":98407038,"damage_done":418,"faction_id":500002,"final_blow":true,"security_status":-1.7,"ship_type_id":16242,"weapon_type_id":2905}],"killmail_id":71243316,"killmail_time":"2018-07-14T09:52:28-07:00","solar_system_id":30003498,"victim":{"character_id":2114302119,"corporation_id":1000179,"damage_taken":418,"faction_id":500003,"position":{"x":-1.5973219073510298e+12,"y":-2.126026736113084e+11,"z":-3.19579433621624e+12},"ship_type_id":670}}