{"attackers":[{"character_id":95089982,"corporation_id":98551342,"damage_done":461,"faction_id":500004,"final_blow":true,"security_status":-0.3,"ship_type_id":34562,"weapon_type_id":2977}],"killmail_id":71244762,"killmail_time":"2018-07-14T11:12:38-07:00","solar_system_id":30001400,"victim":{"character_id":93554687,"corporation_id":98381189,"damage_taken":461,"items":[{"flag":89,"item_type_id":13216,"quantity_destroyed":1}],"position":{"x":2.065682734480279e+12,"y":-2.834253374611598e+12,"z":-2.107945815872173e+12},"ship_type_id":670}}