{"attackers":[{"character_id":95971676,"corporation_id":98467417,"damage_done":431,"faction_id":500002,"final_blow":true,"security_status":-1.7,"ship_type_id":34317,"weapon_type_id":3033}],"killmail_id":71244567,"killmail_time":"2018-07-14T10:57:59-07:00","solar_system_id":30002187,"victim":{"character_id":2112295423,"corporation_id":1000179,"damage_taken":431,"faction_id":500003,"position":{"x":-5.185839535179672e+11,"y":3.0256602299910503e+10,"z":1.042895708422628e+12},"ship_type_id":670}}