{"attackers":[{"damage_done":990,"faction_id":500010,"final_blow":true,"ship_type_id":19505}],"killmail_id":71244892,"killmail_time":"2018-07-14T11:19:06-07:00","solar_system_id":30011407,"victim":{"character_id":2114280576,"corporation_id":98090745,"damage_taken":990,"position":{"x":2.36334618437315e+11,"y":1.9906560197072147e+11,"z":-1.5139995734294183e+11},"ship_type_id":583}}