{"attackers":[{"alliance_id":99001134,"character_id":1077050399,"corporation_id":98460931,"damage_done":418,"final_blow":true,"security_status":1.9,"ship_type_id":12021,"weapon_type_id":3138}],"killmail_id":71243068,"killmail_time":"2018-07-14T09:38:09-07:00","solar_system_id":30002782,"victim":{"alliance_id":99008399,"character_id":2113817280,"corporation_id":98562865,"damage_taken":418,"items":[{"flag":89,"item_type_id":13286,"quantity_destroyed":1},{"flag":89,"item_type_id":13283,"quantity_destroyed":1}],"position":{"x":2.8066053667768496e+12,"y":3.871556663864488e+11,"z":-3.0784193741395625e+12},"ship_type_id":670},"war_id":607800}