{"attackers":[{"alliance_id":99002367,"character_id":466686290,"corporation_id":98541763,"damage_done":444,"final_blow":true,"security_status":5,"ship_type_id":33816,"weapon_type_id":27387},{"alliance_id":99002367,"character_id":94940242,"corporation_id":98134777,"security_status":-1.7,"ship_type_id":11393,"weapon_type_id":15889}],"killmail_id":71243722,"killmail_time":"2018-07-14T10:10:06-07:00","solar_system_id":30004862,"victim":{"alliance_id":99002821,"character_id":92283528,"corporation_id":98146705,"damage_taken":444,"items":[{"flag":89,"item_type_id":27127,"quantity_destroyed":1}],"position":{"x":1.507138084921363e+11,"y":-2.1196449497301117e+08,"z":-2.6239441694687134e+10},"ship_type_id":670}}