{"attackers":[{"alliance_id":1727758877,"character_id":1802602137,"corporation_id":1070320653,"damage_done":200,"security_status":-1.8,"ship_type_id":22440,"weapon_type_id":22440},{"alliance_id":1727758877,"character_id":642246660,"corporation_id":875512489,"damage_done":195,"security_status":-0.7,"ship_type_id":22440,"weapon_type_id":22440},{"alliance_id":1727758877,"character_id":1474299941,"corporation_id":1594479347,"damage_done":62,"final_blow":true,"security_status":4.2,"ship_type_id":22428,"weapon_type_id":15963}],"killmail_id":71243387,"killmail_time":"2018-07-14T09:54:21-07:00","solar_system_id":30004042,"victim":{"alliance_id":1354830081,"character_id":92045792,"corporation_id":667531913,"damage_taken":457,"items":[{"flag":89,"item_type_id":27127,"quantity_destroyed":1}],"position":{"x":2.376654652892051e+12,"y":2.2257742230505957e+12,"z":8.814142967145889e+12},"ship_type_id":670}}