{"attackers":[{"alliance_id":1695357456,"character_id":92031497,"corporation_id":98237313,"damage_done":202,"final_blow":true,"security_status":5,"ship_type_id":11202,"weapon_type_id":3170},{"alliance_id":1695357456,"character_id":2112755774,"corporation_id":98547150,"damage_done":150,"security_status":5,"ship_type_id":11178,"weapon_type_id":11178},{"alliance_id":1695357456,"character_id":2114024158,"corporation_id":98110767,"damage_done":54,"security_status":4.1,"ship_type_id":11178,"weapon_type_id":11178}],"killmail_id":71245920,"killmail_time":"2018-07-14T12:06:04-07:00","solar_system_id":30003682,"victim":{"alliance_id":1354830081,"character_id":90623206,"corporation_id":98495782,"damage_taken":406,"position":{"x":-1.813498285325862e+12,"y":-3.4735716961894e+12,"z":-2.8946387585651666e+11},"ship_type_id":670}}