{"attackers":[{"character_id":94712335,"corporation_id":98263423,"damage_done":652,"final_blow":true,"security_status":-4.7,"ship_type_id":11393,"weapon_type_id":3033}],"killmail_id":71242592,"killmail_time":"2018-07-14T09:10:32-07:00","solar_system_id":30002906,"victim":{"alliance_id":99007203,"character_id":2112243972,"corporation_id":98427812,"damage_taken":652,"items":[{"flag":27,"item_type_id":21096,"quantity_destroyed":1},{"flag":5,"item_type_id":34,"quantity_destroyed":1},{"flag":19,"item_type_id":21857,"quantity_dropped":1},{"flag":28,"item_type_id":3651,"quantity_destroyed":1}],"position":{"x":-1.5751479950458735e+12,"y":1.7626114894685083e+11,"z":1.3668662622842048e+12},"ship_type_id":606}}