{"attackers":[{"alliance_id":99008037,"character_id":97077923,"corporation_id":98478883,"damage_done":458,"faction_id":500004,"final_blow":true,"security_status":-6.2,"ship_type_id":17619,"weapon_type_id":24471}],"killmail_id":71245902,"killmail_time":"2018-07-14T12:05:12-07:00","solar_system_id":30045314,"victim":{"alliance_id":99001742,"character_id":94479441,"corporation_id":98493593,"damage_taken":458,"faction_id":500001,"position":{"x":-8.982233053450955e+10,"y":-2.7120100610377666e+10,"z":5.459292889380575e+11},"ship_type_id":670}}