{"attackers":[{"alliance_id":99005242,"character_id":1248551582,"corporation_id":1856883060,"damage_done":2102,"final_blow":true,"security_status":2.2,"ship_type_id":22474,"weapon_type_id":24486},{"alliance_id":99005242,"character_id":96130269,"corporation_id":1856883060,"damage_done":217,"security_status":3.7,"ship_type_id":12005,"weapon_type_id":12005},{"alliance_id":99006750,"character_id":94601211,"corporation_id":98088416,"security_status":4.9,"ship_type_id":17722,"weapon_type_id":3244}],"killmail_id":71246151,"killmail_time":"2018-07-14T12:11:07-07:00","solar_system_id":31000525,"victim":{"alliance_id":99007663,"character_id":2112239987,"corporation_id":98497219,"damage_taken":2319,"position":{"x":-2.0935989013880716e+11,"y":3.157486526542872e+11,"z":-6.3233198015306755e+10},"ship_type_id":655}}