{"attackers":[{"alliance_id":99002367,"character_id":466686290,"corporation_id":98541763,"damage_done":444,"final_blow":true,"security_status":5,"ship_type_id":33816,"weapon_type_id":27387},{"alliance_id":99002367,"character_id":94940242,"corporation_id":98134777,"security_status":-1.7,"ship_type_id":11393,"weapon_type_id":3033}],"killmail_id":71243388,"killmail_time":"2018-07-14T09:54:21-07:00","solar_system_id":30004863,"victim":{"alliance_id":99002821,"character_id":92283166,"corporation_id":98146705,"damage_taken":444,"position":{"x":4.378227750738017e+11,"y":3.729214738726392e+10,"z":-1.6880414671168086e+12},"ship_type_id":670}}