{"attackers":[{"alliance_id":99008228,"character_id":2114168847,"corporation_id":98554717,"damage_done":436,"final_blow":true,"security_status":5,"ship_type_id":17715,"weapon_type_id":27403}],"killmail_id":71245617,"killmail_time":"2018-07-14T11:52:55-07:00","solar_system_id":30002848,"victim":{"alliance_id":99005338,"character_id":2113795099,"corporation_id":98558506,"damage_taken":436,"position":{"x":-8.076822510552257e+11,"y":-1.8756365265126814e+12,"z":2.2744518989210723e+12},"ship_type_id":670}}