{"attackers":[{"alliance_id":386292982,"character_id":91482655,"corporation_id":828800677,"damage_done":443,"final_blow":true,"security_status":0.1,"ship_type_id":17932,"weapon_type_id":2889}],"killmail_id":71243136,"killmail_time":"2018-07-14T09:43:50-07:00","solar_system_id":30004912,"victim":{"alliance_id":99005443,"character_id":2112976178,"corporation_id":98329706,"damage_taken":443,"items":[{"flag":89,"item_type_id":3256,"quantity_destroyed":1}],"position":{"x":3.504034093569739e+10,"y":-4.0232172045230227e+09,"z":-1.444192644130663e+11},"ship_type_id":670}}