{"attackers":[{"alliance_id":1042504553,"character_id":90537281,"corporation_id":98497703,"damage_done":314,"final_blow":true,"security_status":5,"ship_type_id":17732,"weapon_type_id":9491},{"alliance_id":99001954,"character_id":93175186,"corporation_id":958604209,"security_status":5,"ship_type_id":17732,"weapon_type_id":2961}],"killmail_id":71244005,"killmail_time":"2018-07-14T10:25:59-07:00","solar_system_id":30003682,"victim":{"character_id":96897207,"corporation_id":1000080,"damage_taken":314,"position":{"x":-3.043723176645219e+10,"y":5.386516202035257e+09,"z":-2.153413043539364e+08},"ship_type_id":670}}