{"attackers":[{"alliance_id":1695357456,"character_id":421809968,"corporation_id":98054147,"damage_done":458,"final_blow":true,"security_status":4.9,"ship_type_id":11567,"weapon_type_id":37299}],"killmail_id":71245900,"killmail_time":"2018-07-14T12:05:04-07:00","solar_system_id":30003682,"victim":{"character_id":91180817,"corporation_id":98519011,"damage_taken":458,"position":{"x":1.4771051788675867e+12,"y":-2.613879438162187e+11,"z":-1.2962626173076663e+12},"ship_type_id":670}}