{"attackers":[{"alliance_id":99004901,"character_id":95353868,"corporation_id":98121464,"damage_done":183,"final_blow":true,"security_status":-10,"ship_type_id":29340,"weapon_type_id":2205}],"killmail_id":71242633,"killmail_time":"2018-07-14T09:12:27-07:00","solar_system_id":30002440,"victim":{"alliance_id":99005338,"character_id":2114044903,"corporation_id":98388312,"damage_taken":183,"position":{"x":-5.084244619735351e+12,"y":-6.046725095520424e+11,"z":-2.895269861697649e+12},"ship_type_id":670}}