{"attackers":[{"alliance_id":99004364,"character_id":94914644,"corporation_id":98423604,"damage_done":445,"final_blow":true,"security_status":-0.5,"ship_type_id":29990,"weapon_type_id":2969}],"killmail_id":71242513,"killmail_time":"2018-07-14T09:08:01-07:00","solar_system_id":31000790,"victim":{"character_id":96819013,"corporation_id":98485933,"damage_taken":445,"position":{"x":5.024347233457485e+12,"y":3.2852109158436066e+08,"z":3.2832648268303696e+12},"ship_type_id":11132}}