{"attackers":[{"alliance_id":99003006,"character_id":910949089,"corporation_id":635210548,"damage_done":436,"final_blow":true,"security_status":5,"ship_type_id":11993,"weapon_type_id":2488}],"killmail_id":71244620,"killmail_time":"2018-07-14T11:01:51-07:00","solar_system_id":30001106,"victim":{"alliance_id":99008343,"character_id":2113065659,"corporation_id":98523386,"damage_taken":436,"position":{"x":-6.859538831738038e+11,"y":-1.099066919415664e+11,"z":-1.7410042785254465e+12},"ship_type_id":670}}