{"attackers":[{"alliance_id":99001657,"character_id":2113152202,"corporation_id":98490686,"damage_done":13811,"final_blow":true,"security_status":4.9,"ship_type_id":626,"weapon_type_id":2205}],"killmail_id":71245615,"killmail_time":"2018-07-14T11:52:42-07:00","solar_system_id":30001047,"victim":{"alliance_id":1614483120,"character_id":168606107,"corporation_id":98410404,"damage_taken":13811,"position":{"x":2.1101365374579434e+11,"y":1.0564818415632353e+10,"z":2.2292406332104346e+11},"ship_type_id":12198}}