{"attackers":[{"character_id":1292964949,"corporation_id":1000009,"damage_done":436,"final_blow":true,"security_status":-0.2,"ship_type_id":17930,"weapon_type_id":2205}],"killmail_id":71244531,"killmail_time":"2018-07-14T10:55:29-07:00","solar_system_id":30002440,"victim":{"alliance_id":99005338,"character_id":2113983423,"corporation_id":98388312,"damage_taken":436,"position":{"x":-5.08424464163691e+12,"y":-6.046724508309875e+11,"z":-2.8952696715460728e+12},"ship_type_id":670}}