{"attackers":[{"alliance_id":99005590,"character_id":96865847,"corporation_id":98364021,"damage_done":348,"final_blow":true,"security_status":-0.4,"ship_type_id":33468,"weapon_type_id":2456},{"alliance_id":99005590,"character_id":195643395,"corporation_id":98364021,"damage_done":229,"security_status":4.1,"ship_type_id":11957,"weapon_type_id":2488},{"alliance_id":99005590,"character_id":95101511,"corporation_id":98364021,"security_status":-1,"ship_type_id":33468,"weapon_type_id":5405},{"alliance_id":99005590,"character_id":94578070,"corporation_id":98364021,"security_status":-1.8,"ship_type_id":35683,"weapon_type_id":448}],"killmail_id":71244708,"killmail_time":"2018-07-14T11:08:42-07:00","solar_system_id":31001326,"victim":{"alliance_id":99006752,"character_id":92453210,"corporation_id":98458834,"damage_taken":577,"position":{"x":1.0464146241615199e+12,"y":-3.1575638514448267e+11,"z":9.406866968055049e+11},"ship_type_id":670}}