{"attackers":[{"alliance_id":1354830081,"character_id":2113421508,"corporation_id":98370861,"damage_done":662,"final_blow":true,"security_status":3.3,"ship_type_id":12038,"weapon_type_id":27339}],"killmail_id":71244180,"killmail_time":"2018-07-14T10:36:22-07:00","solar_system_id":30003676,"victim":{"alliance_id":1042504553,"character_id":2113261865,"corporation_id":98363447,"damage_taken":662,"items":[{"flag":27,"item_type_id":21096,"quantity_destroyed":1},{"flag":19,"item_type_id":21857,"quantity_destroyed":1}],"position":{"x":-5.6745964935062004e+10,"y":-1.099899205117588e+10,"z":-1.0392714771778984e+10},"ship_type_id":606}}